// Space Mono 42px — 195 glyphs, 120283 bytes
// Copyright 2016 The Space Mono Project Authors (https://github.com/googlefonts/spacemono)
// Generated by Embedded Font Studio
// Usage (TFT_eSPI — requires #define SMOOTH_FONT in User_Setup.h):
//   tft.loadFont(SpaceMono42);
//   tft.setTextColor(TFT_WHITE, TFT_BLACK); // fg AND bg: smooth fonts blend, no transparency
//   tft.drawString("Hello", 10, 10);
//   tft.unloadFont();

#include <pgmspace.h>

const uint8_t SpaceMono42[] PROGMEM = {
  0x00, 0x00, 0x00, 0xc3, 0x00, 0x00, 0x00, 0x0b, 0x00, 0x00, 0x00, 0x2a, 0x00, 0x00, 0x00, 0x00,
  0x00, 0x00, 0x00, 0x2f, 0x00, 0x00, 0x00, 0x0f, 0x00, 0x00, 0x00, 0x20, 0x00, 0x00, 0x00, 0x00,
  0x00, 0x00, 0x00, 0x00, 0x00, 0x00, 0x00, 0x1a, 0x00, 0x00, 0x00, 0x00, 0x00, 0x00, 0x00, 0x00,
  0x00, 0x00, 0x00, 0x00, 0x00, 0x00, 0x00, 0x21, 0x00, 0x00, 0x00, 0x1f, 0x00, 0x00, 0x00, 0x09,
  0x00, 0x00, 0x00, 0x1a, 0x00, 0x00, 0x00, 0x1e, 0x00, 0x00, 0x00, 0x08, 0x00, 0x00, 0x00, 0x00,
  0x00, 0x00, 0x00, 0x22, 0x00, 0x00, 0x00, 0x0d, 0x00, 0x00, 0x00, 0x12, 0x00, 0x00, 0x00, 0x1a,
  0x00, 0x00, 0x00, 0x1e, 0x00, 0x00, 0x00, 0x04, 0x00, 0x00, 0x00, 0x00, 0x00, 0x00, 0x00, 0x23,
  0x00, 0x00, 0x00, 0x17, 0x00, 0x00, 0x00, 0x16, 0x00, 0x00, 0x00, 0x1a, 0x00, 0x00, 0x00, 0x1a,
  0x00, 0x00, 0x00, 0x02, 0x00, 0x00, 0x00, 0x00, 0x00, 0x00, 0x00, 0x24, 0x00, 0x00, 0x00, 0x1c,
  0x00, 0x00, 0x00, 0x12, 0x00, 0x00, 0x00, 0x1a, 0x00, 0x00, 0x00, 0x1d, 0x00, 0x00, 0x00, 0x04,
  0x00, 0x00, 0x00, 0x00, 0x00, 0x00, 0x00, 0x25, 0x00, 0x00, 0x00, 0x1f, 0x00, 0x00, 0x00, 0x18,
  0x00, 0x00, 0x00, 0x1a, 0x00, 0x00, 0x00, 0x1e, 0x00, 0x00, 0x00, 0x01, 0x00, 0x00, 0x00, 0x00,
  0x00, 0x00, 0x00, 0x26, 0x00, 0x00, 0x00, 0x1e, 0x00, 0x00, 0x00, 0x18, 0x00, 0x00, 0x00, 0x1a,
  0x00, 0x00, 0x00, 0x1e, 0x00, 0x00, 0x00, 0x01, 0x00, 0x00, 0x00, 0x00, 0x00, 0x00, 0x00, 0x27,
  0x00, 0x00, 0x00, 0x0d, 0x00, 0x00, 0x00, 0x09, 0x00, 0x00, 0x00, 0x1a, 0x00, 0x00, 0x00, 0x1e,
  0x00, 0x00, 0x00, 0x08, 0x00, 0x00, 0x00, 0x00, 0x00, 0x00, 0x00, 0x28, 0x00, 0x00, 0x00, 0x2b,
  0x00, 0x00, 0x00, 0x12, 0x00, 0x00, 0x00, 0x1a, 0x00, 0x00, 0x00, 0x24, 0x00, 0x00, 0x00, 0x06,
  0x00, 0x00, 0x00, 0x00, 0x00, 0x00, 0x00, 0x29, 0x00, 0x00, 0x00, 0x2b, 0x00, 0x00, 0x00, 0x12,
  0x00, 0x00, 0x00, 0x1a, 0x00, 0x00, 0x00, 0x24, 0x00, 0x00, 0x00, 0x01, 0x00, 0x00, 0x00, 0x00,
  0x00, 0x00, 0x00, 0x2a, 0x00, 0x00, 0x00, 0x16, 0x00, 0x00, 0x00, 0x16, 0x00, 0x00, 0x00, 0x1a,
  0x00, 0x00, 0x00, 0x1a, 0x00, 0x00, 0x00, 0x02, 0x00, 0x00, 0x00, 0x00, 0x00, 0x00, 0x00, 0x2b,
  0x00, 0x00, 0x00, 0x13, 0x00, 0x00, 0x00, 0x12, 0x00, 0x00, 0x00, 0x1a, 0x00, 0x00, 0x00, 0x18,
  0x00, 0x00, 0x00, 0x04, 0x00, 0x00, 0x00, 0x00, 0x00, 0x00, 0x00, 0x2c, 0x00, 0x00, 0x00, 0x0e,
  0x00, 0x00, 0x00, 0x09, 0x00, 0x00, 0x00, 0x1a, 0x00, 0x00, 0x00, 0x08, 0x00, 0x00, 0x00, 0x08,
  0x00, 0x00, 0x00, 0x00, 0x00, 0x00, 0x00, 0x2d, 0x00, 0x00, 0x00, 0x05, 0x00, 0x00, 0x00, 0x0e,
  0x00, 0x00, 0x00, 0x1a, 0x00, 0x00, 0x00, 0x0e, 0x00, 0x00, 0x00, 0x06, 0x00, 0x00, 0x00, 0x00,
  0x00, 0x00, 0x00, 0x2e, 0x00, 0x00, 0x00, 0x09, 0x00, 0x00, 0x00, 0x09, 0x00, 0x00, 0x00, 0x1a,
  0x00, 0x00, 0x00, 0x08, 0x00, 0x00, 0x00, 0x08, 0x00, 0x00, 0x00, 0x00, 0x00, 0x00, 0x00, 0x2f,
  0x00, 0x00, 0x00, 0x29, 0x00, 0x00, 0x00, 0x12, 0x00, 0x00, 0x00, 0x1a, 0x00, 0x00, 0x00, 0x23,
  0x00, 0x00, 0x00, 0x04, 0x00, 0x00, 0x00, 0x00, 0x00, 0x00, 0x00, 0x30, 0x00, 0x00, 0x00, 0x1f,
  0x00, 0x00, 0x00, 0x16, 0x00, 0x00, 0x00, 0x1a, 0x00, 0x00, 0x00, 0x1e, 0x00, 0x00, 0x00, 0x02,
  0x00, 0x00, 0x00, 0x00, 0x00, 0x00, 0x00, 0x31, 0x00, 0x00, 0x00, 0x1e, 0x00, 0x00, 0x00, 0x16,
  0x00, 0x00, 0x00, 0x1a, 0x00, 0x00, 0x00, 0x1e, 0x00, 0x00, 0x00, 0x02, 0x00, 0x00, 0x00, 0x00,
  0x00, 0x00, 0x00, 0x32, 0x00, 0x00, 0x00, 0x1e, 0x00, 0x00, 0x00, 0x16, 0x00, 0x00, 0x00, 0x1a,
  0x00, 0x00, 0x00, 0x1e, 0x00, 0x00, 0x00, 0x02, 0x00, 0x00, 0x00, 0x00, 0x00, 0x00, 0x00, 0x33,
  0x00, 0x00, 0x00, 0x1f, 0x00, 0x00, 0x00, 0x16, 0x00, 0x00, 0x00, 0x1a, 0x00, 0x00, 0x00, 0x1e,
  0x00, 0x00, 0x00, 0x02, 0x00, 0x00, 0x00, 0x00, 0x00, 0x00, 0x00, 0x34, 0x00, 0x00, 0x00, 0x1e,
  0x00, 0x00, 0x00, 0x18, 0x00, 0x00, 0x00, 0x1a, 0x00, 0x00, 0x00, 0x1e, 0x00, 0x00, 0x00, 0x01,
  0x00, 0x00, 0x00, 0x00, 0x00, 0x00, 0x00, 0x35, 0x00, 0x00, 0x00, 0x1f, 0x00, 0x00, 0x00, 0x17,
  0x00, 0x00, 0x00, 0x1a, 0x00, 0x00, 0x00, 0x1e, 0x00, 0x00, 0x00, 0x02, 0x00, 0x00, 0x00, 0x00,
  0x00, 0x00, 0x00, 0x36, 0x00, 0x00, 0x00, 0x1f, 0x00, 0x00, 0x00, 0x16, 0x00, 0x00, 0x00, 0x1a,
  0x00, 0x00, 0x00, 0x1e, 0x00, 0x00, 0x00, 0x02, 0x00, 0x00, 0x00, 0x00, 0x00, 0x00, 0x00, 0x37,
  0x00, 0x00, 0x00, 0x1e, 0x00, 0x00, 0x00, 0x16, 0x00, 0x00, 0x00, 0x1a, 0x00, 0x00, 0x00, 0x1e,
  0x00, 0x00, 0x00, 0x02, 0x00, 0x00, 0x00, 0x00, 0x00, 0x00, 0x00, 0x38, 0x00, 0x00, 0x00, 0x1f,
  0x00, 0x00, 0x00, 0x16, 0x00, 0x00, 0x00, 0x1a, 0x00, 0x00, 0x00, 0x1e, 0x00, 0x00, 0x00, 0x02,
  0x00, 0x00, 0x00, 0x00, 0x00, 0x00, 0x00, 0x39, 0x00, 0x00, 0x00, 0x1f, 0x00, 0x00, 0x00, 0x16,
  0x00, 0x00, 0x00, 0x1a, 0x00, 0x00, 0x00, 0x1e, 0x00, 0x00, 0x00, 0x02, 0x00, 0x00, 0x00, 0x00,
  0x00, 0x00, 0x00, 0x3a, 0x00, 0x00, 0x00, 0x17, 0x00, 0x00, 0x00, 0x09, 0x00, 0x00, 0x00, 0x1a,
  0x00, 0x00, 0x00, 0x16, 0x00, 0x00, 0x00, 0x08, 0x00, 0x00, 0x00, 0x00, 0x00, 0x00, 0x00, 0x3b,
  0x00, 0x00, 0x00, 0x1c, 0x00, 0x00, 0x00, 0x09, 0x00, 0x00, 0x00, 0x1a, 0x00, 0x00, 0x00, 0x16,
  0x00, 0x00, 0x00, 0x08, 0x00, 0x00, 0x00, 0x00, 0x00, 0x00, 0x00, 0x3c, 0x00, 0x00, 0x00, 0x13,
  0x00, 0x00, 0x00, 0x12, 0x00, 0x00, 0x00, 0x1a, 0x00, 0x00, 0x00, 0x18, 0x00, 0x00, 0x00, 0x04,
  0x00, 0x00, 0x00, 0x00, 0x00, 0x00, 0x00, 0x3d, 0x00, 0x00, 0x00, 0x0d, 0x00, 0x00, 0x00, 0x12,
  0x00, 0x00, 0x00, 0x1a, 0x00, 0x00, 0x00, 0x15, 0x00, 0x00, 0x00, 0x04, 0x00, 0x00, 0x00, 0x00,
  0x00, 0x00, 0x00, 0x3e, 0x00, 0x00, 0x00, 0x13, 0x00, 0x00, 0x00, 0x12, 0x00, 0x00, 0x00, 0x1a,
  0x00, 0x00, 0x00, 0x18, 0x00, 0x00, 0x00, 0x04, 0x00, 0x00, 0x00, 0x00, 0x00, 0x00, 0x00, 0x3f,
  0x00, 0x00, 0x00, 0x1f, 0x00, 0x00, 0x00, 0x16, 0x00, 0x00, 0x00, 0x1a, 0x00, 0x00, 0x00, 0x1e,
  0x00, 0x00, 0x00, 0x02, 0x00, 0x00, 0x00, 0x00, 0x00, 0x00, 0x00, 0x40, 0x00, 0x00, 0x00, 0x1c,
  0x00, 0x00, 0x00, 0x19, 0x00, 0x00, 0x00, 0x1a, 0x00, 0x00, 0x00, 0x1b, 0x00, 0x00, 0x00, 0x00,
  0x00, 0x00, 0x00, 0x00, 0x00, 0x00, 0x00, 0x41, 0x00, 0x00, 0x00, 0x1e, 0x00, 0x00, 0x00, 0x1a,
  0x00, 0x00, 0x00, 0x1a, 0x00, 0x00, 0x00, 0x1e, 0x00, 0x00, 0x00, 0x00, 0x00, 0x00, 0x00, 0x00,
  0x00, 0x00, 0x00, 0x42, 0x00, 0x00, 0x00, 0x1e, 0x00, 0x00, 0x00, 0x17, 0x00, 0x00, 0x00, 0x1a,
  0x00, 0x00, 0x00, 0x1e, 0x00, 0x00, 0x00, 0x01, 0x00, 0x00, 0x00, 0x00, 0x00, 0x00, 0x00, 0x43,
  0x00, 0x00, 0x00, 0x1f, 0x00, 0x00, 0x00, 0x16, 0x00, 0x00, 0x00, 0x1a, 0x00, 0x00, 0x00, 0x1e,
  0x00, 0x00, 0x00, 0x02, 0x00, 0x00, 0x00, 0x00, 0x00, 0x00, 0x00, 0x44, 0x00, 0x00, 0x00, 0x1e,
  0x00, 0x00, 0x00, 0x17, 0x00, 0x00, 0x00, 0x1a, 0x00, 0x00, 0x00, 0x1e, 0x00, 0x00, 0x00, 0x01,
  0x00, 0x00, 0x00, 0x00, 0x00, 0x00, 0x00, 0x45, 0x00, 0x00, 0x00, 0x1e, 0x00, 0x00, 0x00, 0x14,
  0x00, 0x00, 0x00, 0x1a, 0x00, 0x00, 0x00, 0x1e, 0x00, 0x00, 0x00, 0x03, 0x00, 0x00, 0x00, 0x00,
  0x00, 0x00, 0x00, 0x46, 0x00, 0x00, 0x00, 0x1e, 0x00, 0x00, 0x00, 0x14, 0x00, 0x00, 0x00, 0x1a,
  0x00, 0x00, 0x00, 0x1e, 0x00, 0x00, 0x00, 0x03, 0x00, 0x00, 0x00, 0x00, 0x00, 0x00, 0x00, 0x47,
  0x00, 0x00, 0x00, 0x1f, 0x00, 0x00, 0x00, 0x17, 0x00, 0x00, 0x00, 0x1a, 0x00, 0x00, 0x00, 0x1e,
  0x00, 0x00, 0x00, 0x01, 0x00, 0x00, 0x00, 0x00, 0x00, 0x00, 0x00, 0x48, 0x00, 0x00, 0x00, 0x1e,
  0x00, 0x00, 0x00, 0x16, 0x00, 0x00, 0x00, 0x1a, 0x00, 0x00, 0x00, 0x1e, 0x00, 0x00, 0x00, 0x02,
  0x00, 0x00, 0x00, 0x00, 0x00, 0x00, 0x00, 0x49, 0x00, 0x00, 0x00, 0x1e, 0x00, 0x00, 0x00, 0x14,
  0x00, 0x00, 0x00, 0x1a, 0x00, 0x00, 0x00, 0x1e, 0x00, 0x00, 0x00, 0x03, 0x00, 0x00, 0x00, 0x00,
  0x00, 0x00, 0x00, 0x4a, 0x00, 0x00, 0x00, 0x1f, 0x00, 0x00, 0x00, 0x17, 0x00, 0x00, 0x00, 0x1a,
  0x00, 0x00, 0x00, 0x1e, 0x00, 0x00, 0x00, 0x02, 0x00, 0x00, 0x00, 0x00, 0x00, 0x00, 0x00, 0x4b,
  0x00, 0x00, 0x00, 0x1e, 0x00, 0x00, 0x00, 0x16, 0x00, 0x00, 0x00, 0x1a, 0x00, 0x00, 0x00, 0x1e,
  0x00, 0x00, 0x00, 0x03, 0x00, 0x00, 0x00, 0x00, 0x00, 0x00, 0x00, 0x4c, 0x00, 0x00, 0x00, 0x1e,
  0x00, 0x00, 0x00, 0x14, 0x00, 0x00, 0x00, 0x1a, 0x00, 0x00, 0x00, 0x1e, 0x00, 0x00, 0x00, 0x03,
  0x00, 0x00, 0x00, 0x00, 0x00, 0x00, 0x00, 0x4d, 0x00, 0x00, 0x00, 0x1e, 0x00, 0x00, 0x00, 0x19,
  0x00, 0x00, 0x00, 0x1a, 0x00, 0x00, 0x00, 0x1e, 0x00, 0x00, 0x00, 0x00, 0x00, 0x00, 0x00, 0x00,
  0x00, 0x00, 0x00, 0x4e, 0x00, 0x00, 0x00, 0x1e, 0x00, 0x00, 0x00, 0x16, 0x00, 0x00, 0x00, 0x1a,
  0x00, 0x00, 0x00, 0x1e, 0x00, 0x00, 0x00, 0x02, 0x00, 0x00, 0x00, 0x00, 0x00, 0x00, 0x00, 0x4f,
  0x00, 0x00, 0x00, 0x1f, 0x00, 0x00, 0x00, 0x16, 0x00, 0x00, 0x00, 0x1a, 0x00, 0x00, 0x00, 0x1e,
  0x00, 0x00, 0x00, 0x02, 0x00, 0x00, 0x00, 0x00, 0x00, 0x00, 0x00, 0x50, 0x00, 0x00, 0x00, 0x1e,
  0x00, 0x00, 0x00, 0x15, 0x00, 0x00, 0x00, 0x1a, 0x00, 0x00, 0x00, 0x1e, 0x00, 0x00, 0x00, 0x03,
  0x00, 0x00, 0x00, 0x00, 0x00, 0x00, 0x00, 0x51, 0x00, 0x00, 0x00, 0x26, 0x00, 0x00, 0x00, 0x16,
  0x00, 0x00, 0x00, 0x1a, 0x00, 0x00, 0x00, 0x1e, 0x00, 0x00, 0x00, 0x02, 0x00, 0x00, 0x00, 0x00,
  0x00, 0x00, 0x00, 0x52, 0x00, 0x00, 0x00, 0x1e, 0x00, 0x00, 0x00, 0x15, 0x00, 0x00, 0x00, 0x1a,
  0x00, 0x00, 0x00, 0x1e, 0x00, 0x00, 0x00, 0x03, 0x00, 0x00, 0x00, 0x00, 0x00, 0x00, 0x00, 0x53,
  0x00, 0x00, 0x00, 0x1f, 0x00, 0x00, 0x00, 0x17, 0x00, 0x00, 0x00, 0x1a, 0x00, 0x00, 0x00, 0x1e,
  0x00, 0x00, 0x00, 0x01, 0x00, 0x00, 0x00, 0x00, 0x00, 0x00, 0x00, 0x54, 0x00, 0x00, 0x00, 0x1e,
  0x00, 0x00, 0x00, 0x16, 0x00, 0x00, 0x00, 0x1a, 0x00, 0x00, 0x00, 0x1e, 0x00, 0x00, 0x00, 0x02,
  0x00, 0x00, 0x00, 0x00, 0x00, 0x00, 0x00, 0x55, 0x00, 0x00, 0x00, 0x1f, 0x00, 0x00, 0x00, 0x16,
  0x00, 0x00, 0x00, 0x1a, 0x00, 0x00, 0x00, 0x1e, 0x00, 0x00, 0x00, 0x02, 0x00, 0x00, 0x00, 0x00,
  0x00, 0x00, 0x00, 0x56, 0x00, 0x00, 0x00, 0x1e, 0x00, 0x00, 0x00, 0x18, 0x00, 0x00, 0x00, 0x1a,
  0x00, 0x00, 0x00, 0x1e, 0x00, 0x00, 0x00, 0x01, 0x00, 0x00, 0x00, 0x00, 0x00, 0x00, 0x00, 0x57,
  0x00, 0x00, 0x00, 0x1e, 0x00, 0x00, 0x00, 0x1a, 0x00, 0x00, 0x00, 0x1a, 0x00, 0x00, 0x00, 0x1e,
  0x00, 0x00, 0x00, 0x00, 0x00, 0x00, 0x00, 0x00, 0x00, 0x00, 0x00, 0x58, 0x00, 0x00, 0x00, 0x1e,
  0x00, 0x00, 0x00, 0x18, 0x00, 0x00, 0x00, 0x1a, 0x00, 0x00, 0x00, 0x1e, 0x00, 0x00, 0x00, 0x01,
  0x00, 0x00, 0x00, 0x00, 0x00, 0x00, 0x00, 0x59, 0x00, 0x00, 0x00, 0x1e, 0x00, 0x00, 0x00, 0x1a,
  0x00, 0x00, 0x00, 0x1a, 0x00, 0x00, 0x00, 0x1e, 0x00, 0x00, 0x00, 0x00, 0x00, 0x00, 0x00, 0x00,
  0x00, 0x00, 0x00, 0x5a, 0x00, 0x00, 0x00, 0x1e, 0x00, 0x00, 0x00, 0x17, 0x00, 0x00, 0x00, 0x1a,
  0x00, 0x00, 0x00, 0x1e, 0x00, 0x00, 0x00, 0x01, 0x00, 0x00, 0x00, 0x00, 0x00, 0x00, 0x00, 0x5b,
  0x00, 0x00, 0x00, 0x2b, 0x00, 0x00, 0x00, 0x0b, 0x00, 0x00, 0x00, 0x1a, 0x00, 0x00, 0x00, 0x24,
  0x00, 0x00, 0x00, 0x09, 0x00, 0x00, 0x00, 0x00, 0x00, 0x00, 0x00, 0x5c, 0x00, 0x00, 0x00, 0x29,
  0x00, 0x00, 0x00, 0x12, 0x00, 0x00, 0x00, 0x1a, 0x00, 0x00, 0x00, 0x23, 0x00, 0x00, 0x00, 0x04,
  0x00, 0x00, 0x00, 0x00, 0x00, 0x00, 0x00, 0x5d, 0x00, 0x00, 0x00, 0x2b, 0x00, 0x00, 0x00, 0x0b,
  0x00, 0x00, 0x00, 0x1a, 0x00, 0x00, 0x00, 0x24, 0x00, 0x00, 0x00, 0x05, 0x00, 0x00, 0x00, 0x00,
  0x00, 0x00, 0x00, 0x5e, 0x00, 0x00, 0x00, 0x0d, 0x00, 0x00, 0x00, 0x15, 0x00, 0x00, 0x00, 0x1a,
  0x00, 0x00, 0x00, 0x1e, 0x00, 0x00, 0x00, 0x02, 0x00, 0x00, 0x00, 0x00, 0x00, 0x00, 0x00, 0x5f,
  0x00, 0x00, 0x00, 0x05, 0x00, 0x00, 0x00, 0x16, 0x00, 0x00, 0x00, 0x1a, 0xff, 0xff, 0xff, 0xfe,
  0x00, 0x00, 0x00, 0x02, 0x00, 0x00, 0x00, 0x00, 0x00, 0x00, 0x00, 0x60, 0x00, 0x00, 0x00, 0x07,
  0x00, 0x00, 0x00, 0x09, 0x00, 0x00, 0x00, 0x1a, 0x00, 0x00, 0x00, 0x1e, 0x00, 0x00, 0x00, 0x08,
  0x00, 0x00, 0x00, 0x00, 0x00, 0x00, 0x00, 0x61, 0x00, 0x00, 0x00, 0x17, 0x00, 0x00, 0x00, 0x18,
  0x00, 0x00, 0x00, 0x1a, 0x00, 0x00, 0x00, 0x16, 0x00, 0x00, 0x00, 0x01, 0x00, 0x00, 0x00, 0x00,
  0x00, 0x00, 0x00, 0x62, 0x00, 0x00, 0x00, 0x1f, 0x00, 0x00, 0x00, 0x17, 0x00, 0x00, 0x00, 0x1a,
  0x00, 0x00, 0x00, 0x1e, 0x00, 0x00, 0x00, 0x02, 0x00, 0x00, 0x00, 0x00, 0x00, 0x00, 0x00, 0x63,
  0x00, 0x00, 0x00, 0x17, 0x00, 0x00, 0x00, 0x16, 0x00, 0x00, 0x00, 0x1a, 0x00, 0x00, 0x00, 0x16,
  0x00, 0x00, 0x00, 0x02, 0x00, 0x00, 0x00, 0x00, 0x00, 0x00, 0x00, 0x64, 0x00, 0x00, 0x00, 0x1f,
  0x00, 0x00, 0x00, 0x17, 0x00, 0x00, 0x00, 0x1a, 0x00, 0x00, 0x00, 0x1e, 0x00, 0x00, 0x00, 0x01,
  0x00, 0x00, 0x00, 0x00, 0x00, 0x00, 0x00, 0x65, 0x00, 0x00, 0x00, 0x17, 0x00, 0x00, 0x00, 0x16,
  0x00, 0x00, 0x00, 0x1a, 0x00, 0x00, 0x00, 0x16, 0x00, 0x00, 0x00, 0x02, 0x00, 0x00, 0x00, 0x00,
  0x00, 0x00, 0x00, 0x66, 0x00, 0x00, 0x00, 0x1e, 0x00, 0x00, 0x00, 0x14, 0x00, 0x00, 0x00, 0x1a,
  0x00, 0x00, 0x00, 0x1e, 0x00, 0x00, 0x00, 0x03, 0x00, 0x00, 0x00, 0x00, 0x00, 0x00, 0x00, 0x67,
  0x00, 0x00, 0x00, 0x1f, 0x00, 0x00, 0x00, 0x17, 0x00, 0x00, 0x00, 0x1a, 0x00, 0x00, 0x00, 0x16,
  0x00, 0x00, 0x00, 0x01, 0x00, 0x00, 0x00, 0x00, 0x00, 0x00, 0x00, 0x68, 0x00, 0x00, 0x00, 0x1e,
  0x00, 0x00, 0x00, 0x14, 0x00, 0x00, 0x00, 0x1a, 0x00, 0x00, 0x00, 0x1e, 0x00, 0x00, 0x00, 0x03,
  0x00, 0x00, 0x00, 0x00, 0x00, 0x00, 0x00, 0x69, 0x00, 0x00, 0x00, 0x1f, 0x00, 0x00, 0x00, 0x14,
  0x00, 0x00, 0x00, 0x1a, 0x00, 0x00, 0x00, 0x1f, 0x00, 0x00, 0x00, 0x03, 0x00, 0x00, 0x00, 0x00,
  0x00, 0x00, 0x00, 0x6a, 0x00, 0x00, 0x00, 0x28, 0x00, 0x00, 0x00, 0x10, 0x00, 0x00, 0x00, 0x1a,
  0x00, 0x00, 0x00, 0x1f, 0x00, 0x00, 0x00, 0x04, 0x00, 0x00, 0x00, 0x00, 0x00, 0x00, 0x00, 0x6b,
  0x00, 0x00, 0x00, 0x1e, 0x00, 0x00, 0x00, 0x14, 0x00, 0x00, 0x00, 0x1a, 0x00, 0x00, 0x00, 0x1e,
  0x00, 0x00, 0x00, 0x04, 0x00, 0x00, 0x00, 0x00, 0x00, 0x00, 0x00, 0x6c, 0x00, 0x00, 0x00, 0x1e,
  0x00, 0x00, 0x00, 0x14, 0x00, 0x00, 0x00, 0x1a, 0x00, 0x00, 0x00, 0x1e, 0x00, 0x00, 0x00, 0x03,
  0x00, 0x00, 0x00, 0x00, 0x00, 0x00, 0x00, 0x6d, 0x00, 0x00, 0x00, 0x16, 0x00, 0x00, 0x00, 0x18,
  0x00, 0x00, 0x00, 0x1a, 0x00, 0x00, 0x00, 0x16, 0x00, 0x00, 0x00, 0x01, 0x00, 0x00, 0x00, 0x00,
  0x00, 0x00, 0x00, 0x6e, 0x00, 0x00, 0x00, 0x16, 0x00, 0x00, 0x00, 0x14, 0x00, 0x00, 0x00, 0x1a,
  0x00, 0x00, 0x00, 0x16, 0x00, 0x00, 0x00, 0x03, 0x00, 0x00, 0x00, 0x00, 0x00, 0x00, 0x00, 0x6f,
  0x00, 0x00, 0x00, 0x17, 0x00, 0x00, 0x00, 0x16, 0x00, 0x00, 0x00, 0x1a, 0x00, 0x00, 0x00, 0x16,
  0x00, 0x00, 0x00, 0x02, 0x00, 0x00, 0x00, 0x00, 0x00, 0x00, 0x00, 0x70, 0x00, 0x00, 0x00, 0x1f,
  0x00, 0x00, 0x00, 0x16, 0x00, 0x00, 0x00, 0x1a, 0x00, 0x00, 0x00, 0x16, 0x00, 0x00, 0x00, 0x02,
  0x00, 0x00, 0x00, 0x00, 0x00, 0x00, 0x00, 0x71, 0x00, 0x00, 0x00, 0x1f, 0x00, 0x00, 0x00, 0x17,
  0x00, 0x00, 0x00, 0x1a, 0x00, 0x00, 0x00, 0x16, 0x00, 0x00, 0x00, 0x01, 0x00, 0x00, 0x00, 0x00,
  0x00, 0x00, 0x00, 0x72, 0x00, 0x00, 0x00, 0x16, 0x00, 0x00, 0x00, 0x18, 0x00, 0x00, 0x00, 0x1a,
  0x00, 0x00, 0x00, 0x16, 0x00, 0x00, 0x00, 0x01, 0x00, 0x00, 0x00, 0x00, 0x00, 0x00, 0x00, 0x73,
  0x00, 0x00, 0x00, 0x17, 0x00, 0x00, 0x00, 0x14, 0x00, 0x00, 0x00, 0x1a, 0x00, 0x00, 0x00, 0x16,
  0x00, 0x00, 0x00, 0x03, 0x00, 0x00, 0x00, 0x00, 0x00, 0x00, 0x00, 0x74, 0x00, 0x00, 0x00, 0x1e,
  0x00, 0x00, 0x00, 0x14, 0x00, 0x00, 0x00, 0x1a, 0x00, 0x00, 0x00, 0x1e, 0x00, 0x00, 0x00, 0x02,
  0x00, 0x00, 0x00, 0x00, 0x00, 0x00, 0x00, 0x75, 0x00, 0x00, 0x00, 0x16, 0x00, 0x00, 0x00, 0x14,
  0x00, 0x00, 0x00, 0x1a, 0x00, 0x00, 0x00, 0x15, 0x00, 0x00, 0x00, 0x03, 0x00, 0x00, 0x00, 0x00,
  0x00, 0x00, 0x00, 0x76, 0x00, 0x00, 0x00, 0x15, 0x00, 0x00, 0x00, 0x17, 0x00, 0x00, 0x00, 0x1a,
  0x00, 0x00, 0x00, 0x15, 0x00, 0x00, 0x00, 0x01, 0x00, 0x00, 0x00, 0x00, 0x00, 0x00, 0x00, 0x77,
  0x00, 0x00, 0x00, 0x15, 0x00, 0x00, 0x00, 0x1a, 0x00, 0x00, 0x00, 0x1a, 0x00, 0x00, 0x00, 0x15,
  0x00, 0x00, 0x00, 0x00, 0x00, 0x00, 0x00, 0x00, 0x00, 0x00, 0x00, 0x78, 0x00, 0x00, 0x00, 0x15,
  0x00, 0x00, 0x00, 0x16, 0x00, 0x00, 0x00, 0x1a, 0x00, 0x00, 0x00, 0x15, 0x00, 0x00, 0x00, 0x02,
  0x00, 0x00, 0x00, 0x00, 0x00, 0x00, 0x00, 0x79, 0x00, 0x00, 0x00, 0x1e, 0x00, 0x00, 0x00, 0x14,
  0x00, 0x00, 0x00, 0x1a, 0x00, 0x00, 0x00, 0x15, 0x00, 0x00, 0x00, 0x03, 0x00, 0x00, 0x00, 0x00,
  0x00, 0x00, 0x00, 0x7a, 0x00, 0x00, 0x00, 0x15, 0x00, 0x00, 0x00, 0x13, 0x00, 0x00, 0x00, 0x1a,
  0x00, 0x00, 0x00, 0x15, 0x00, 0x00, 0x00, 0x03, 0x00, 0x00, 0x00, 0x00, 0x00, 0x00, 0x00, 0x7b,
  0x00, 0x00, 0x00, 0x2b, 0x00, 0x00, 0x00, 0x0f, 0x00, 0x00, 0x00, 0x1a, 0x00, 0x00, 0x00, 0x24,
  0x00, 0x00, 0x00, 0x06, 0x00, 0x00, 0x00, 0x00, 0x00, 0x00, 0x00, 0x7c, 0x00, 0x00, 0x00, 0x2b,
  0x00, 0x00, 0x00, 0x06, 0x00, 0x00, 0x00, 0x1a, 0x00, 0x00, 0x00, 0x24, 0x00, 0x00, 0x00, 0x0a,
  0x00, 0x00, 0x00, 0x00, 0x00, 0x00, 0x00, 0x7d, 0x00, 0x00, 0x00, 0x2b, 0x00, 0x00, 0x00, 0x0e,
  0x00, 0x00, 0x00, 0x1a, 0x00, 0x00, 0x00, 0x24, 0x00, 0x00, 0x00, 0x05, 0x00, 0x00, 0x00, 0x00,
  0x00, 0x00, 0x00, 0x7e, 0x00, 0x00, 0x00, 0x0a, 0x00, 0x00, 0x00, 0x18, 0x00, 0x00, 0x00, 0x1a,
  0x00, 0x00, 0x00, 0x12, 0x00, 0x00, 0x00, 0x01, 0x00, 0x00, 0x00, 0x00, 0x00, 0x00, 0x00, 0xa0,
  0x00, 0x00, 0x00, 0x00, 0x00, 0x00, 0x00, 0x00, 0x00, 0x00, 0x00, 0x1a, 0x00, 0x00, 0x00, 0x00,
  0x00, 0x00, 0x00, 0x00, 0x00, 0x00, 0x00, 0x00, 0x00, 0x00, 0x00, 0xa1, 0x00, 0x00, 0x00, 0x1f,
  0x00, 0x00, 0x00, 0x09, 0x00, 0x00, 0x00, 0x1a, 0x00, 0x00, 0x00, 0x16, 0x00, 0x00, 0x00, 0x08,
  0x00, 0x00, 0x00, 0x00, 0x00, 0x00, 0x00, 0xa2, 0x00, 0x00, 0x00, 0x1c, 0x00, 0x00, 0x00, 0x16,
  0x00, 0x00, 0x00, 0x1a, 0x00, 0x00, 0x00, 0x1d, 0x00, 0x00, 0x00, 0x02, 0x00, 0x00, 0x00, 0x00,
  0x00, 0x00, 0x00, 0xa3, 0x00, 0x00, 0x00, 0x16, 0x00, 0x00, 0x00, 0x12, 0x00, 0x00, 0x00, 0x1a,
  0x00, 0x00, 0x00, 0x1a, 0x00, 0x00, 0x00, 0x04, 0x00, 0x00, 0x00, 0x00, 0x00, 0x00, 0x00, 0xa4,
  0x00, 0x00, 0x00, 0x18, 0x00, 0x00, 0x00, 0x18, 0x00, 0x00, 0x00, 0x1a, 0x00, 0x00, 0x00, 0x1b,
  0x00, 0x00, 0x00, 0x01, 0x00, 0x00, 0x00, 0x00, 0x00, 0x00, 0x00, 0xa5, 0x00, 0x00, 0x00, 0x16,
  0x00, 0x00, 0x00, 0x14, 0x00, 0x00, 0x00, 0x1a, 0x00, 0x00, 0x00, 0x1a, 0x00, 0x00, 0x00, 0x03,
  0x00, 0x00, 0x00, 0x00, 0x00, 0x00, 0x00, 0xa6, 0x00, 0x00, 0x00, 0x2b, 0x00, 0x00, 0x00, 0x06,
  0x00, 0x00, 0x00, 0x1a, 0x00, 0x00, 0x00, 0x24, 0x00, 0x00, 0x00, 0x0a, 0x00, 0x00, 0x00, 0x00,
  0x00, 0x00, 0x00, 0xa7, 0x00, 0x00, 0x00, 0x15, 0x00, 0x00, 0x00, 0x0c, 0x00, 0x00, 0x00, 0x1a,
  0x00, 0x00, 0x00, 0x1e, 0x00, 0x00, 0x00, 0x07, 0x00, 0x00, 0x00, 0x00, 0x00, 0x00, 0x00, 0xa8,
  0x00, 0x00, 0x00, 0x09, 0x00, 0x00, 0x00, 0x13, 0x00, 0x00, 0x00, 0x1a, 0x00, 0x00, 0x00, 0x1f,
  0x00, 0x00, 0x00, 0x03, 0x00, 0x00, 0x00, 0x00, 0x00, 0x00, 0x00, 0xa9, 0x00, 0x00, 0x00, 0x19,
  0x00, 0x00, 0x00, 0x18, 0x00, 0x00, 0x00, 0x1a, 0x00, 0x00, 0x00, 0x24, 0x00, 0x00, 0x00, 0x01,
  0x00, 0x00, 0x00, 0x00, 0x00, 0x00, 0x00, 0xaa, 0x00, 0x00, 0x00, 0x0d, 0x00, 0x00, 0x00, 0x0f,
  0x00, 0x00, 0x00, 0x1a, 0x00, 0x00, 0x00, 0x1e, 0x00, 0x00, 0x00, 0x05, 0x00, 0x00, 0x00, 0x00,
  0x00, 0x00, 0x00, 0xab, 0x00, 0x00, 0x00, 0x15, 0x00, 0x00, 0x00, 0x17, 0x00, 0x00, 0x00, 0x1a,
  0x00, 0x00, 0x00, 0x15, 0x00, 0x00, 0x00, 0x01, 0x00, 0x00, 0x00, 0x00, 0x00, 0x00, 0x00, 0xac,
  0x00, 0x00, 0x00, 0x0c, 0x00, 0x00, 0x00, 0x12, 0x00, 0x00, 0x00, 0x1a, 0x00, 0x00, 0x00, 0x12,
  0x00, 0x00, 0x00, 0x04, 0x00, 0x00, 0x00, 0x00, 0x00, 0x00, 0x00, 0xae, 0x00, 0x00, 0x00, 0x19,
  0x00, 0x00, 0x00, 0x18, 0x00, 0x00, 0x00, 0x1a, 0x00, 0x00, 0x00, 0x24, 0x00, 0x00, 0x00, 0x01,
  0x00, 0x00, 0x00, 0x00, 0x00, 0x00, 0x00, 0xaf, 0x00, 0x00, 0x00, 0x06, 0x00, 0x00, 0x00, 0x0e,
  0x00, 0x00, 0x00, 0x1a, 0x00, 0x00, 0x00, 0x1d, 0x00, 0x00, 0x00, 0x06, 0x00, 0x00, 0x00, 0x00,
  0x00, 0x00, 0x00, 0xb0, 0x00, 0x00, 0x00, 0x0e, 0x00, 0x00, 0x00, 0x0e, 0x00, 0x00, 0x00, 0x1a,
  0x00, 0x00, 0x00, 0x1f, 0x00, 0x00, 0x00, 0x06, 0x00, 0x00, 0x00, 0x00, 0x00, 0x00, 0x00, 0xb1,
  0x00, 0x00, 0x00, 0x18, 0x00, 0x00, 0x00, 0x12, 0x00, 0x00, 0x00, 0x1a, 0x00, 0x00, 0x00, 0x18,
  0x00, 0x00, 0x00, 0x04, 0x00, 0x00, 0x00, 0x00, 0x00, 0x00, 0x00, 0xb2, 0x00, 0x00, 0x00, 0x0d,
  0x00, 0x00, 0x00, 0x0a, 0x00, 0x00, 0x00, 0x1a, 0x00, 0x00, 0x00, 0x1e, 0x00, 0x00, 0x00, 0x08,
  0x00, 0x00, 0x00, 0x00, 0x00, 0x00, 0x00, 0xb3, 0x00, 0x00, 0x00, 0x0d, 0x00, 0x00, 0x00, 0x0a,
  0x00, 0x00, 0x00, 0x1a, 0x00, 0x00, 0x00, 0x1e, 0x00, 0x00, 0x00, 0x08, 0x00, 0x00, 0x00, 0x00,
  0x00, 0x00, 0x00, 0xb4, 0x00, 0x00, 0x00, 0x07, 0x00, 0x00, 0x00, 0x09, 0x00, 0x00, 0x00, 0x1a,
  0x00, 0x00, 0x00, 0x1e, 0x00, 0x00, 0x00, 0x0c, 0x00, 0x00, 0x00, 0x00, 0x00, 0x00, 0x00, 0xb5,
  0x00, 0x00, 0x00, 0x1e, 0x00, 0x00, 0x00, 0x14, 0x00, 0x00, 0x00, 0x1a, 0x00, 0x00, 0x00, 0x15,
  0x00, 0x00, 0x00, 0x03, 0x00, 0x00, 0x00, 0x00, 0x00, 0x00, 0x00, 0xb6, 0x00, 0x00, 0x00, 0x15,
  0x00, 0x00, 0x00, 0x12, 0x00, 0x00, 0x00, 0x1a, 0x00, 0x00, 0x00, 0x1e, 0x00, 0x00, 0x00, 0x04,
  0x00, 0x00, 0x00, 0x00, 0x00, 0x00, 0x00, 0xb7, 0x00, 0x00, 0x00, 0x09, 0x00, 0x00, 0x00, 0x09,
  0x00, 0x00, 0x00, 0x1a, 0x00, 0x00, 0x00, 0x13, 0x00, 0x00, 0x00, 0x08, 0x00, 0x00, 0x00, 0x00,
  0x00, 0x00, 0x00, 0xb8, 0x00, 0x00, 0x00, 0x09, 0x00, 0x00, 0x00, 0x0b, 0x00, 0x00, 0x00, 0x1a,
  0x00, 0x00, 0x00, 0x00, 0x00, 0x00, 0x00, 0x08, 0x00, 0x00, 0x00, 0x00, 0x00, 0x00, 0x00, 0xb9,
  0x00, 0x00, 0x00, 0x0d, 0x00, 0x00, 0x00, 0x0b, 0x00, 0x00, 0x00, 0x1a, 0x00, 0x00, 0x00, 0x1e,
  0x00, 0x00, 0x00, 0x08, 0x00, 0x00, 0x00, 0x00, 0x00, 0x00, 0x00, 0xba, 0x00, 0x00, 0x00, 0x0d,
  0x00, 0x00, 0x00, 0x0e, 0x00, 0x00, 0x00, 0x1a, 0x00, 0x00, 0x00, 0x1e, 0x00, 0x00, 0x00, 0x06,
  0x00, 0x00, 0x00, 0x00, 0x00, 0x00, 0x00, 0xbb, 0x00, 0x00, 0x00, 0x15, 0x00, 0x00, 0x00, 0x17,
  0x00, 0x00, 0x00, 0x1a, 0x00, 0x00, 0x00, 0x15, 0x00, 0x00, 0x00, 0x01, 0x00, 0x00, 0x00, 0x00,
  0x00, 0x00, 0x00, 0xbc, 0x00, 0x00, 0x00, 0x1e, 0x00, 0x00, 0x00, 0x17, 0x00, 0x00, 0x00, 0x1a,
  0x00, 0x00, 0x00, 0x1e, 0x00, 0x00, 0x00, 0x02, 0x00, 0x00, 0x00, 0x00, 0x00, 0x00, 0x00, 0xbd,
  0x00, 0x00, 0x00, 0x1e, 0x00, 0x00, 0x00, 0x16, 0x00, 0x00, 0x00, 0x1a, 0x00, 0x00, 0x00, 0x1e,
  0x00, 0x00, 0x00, 0x02, 0x00, 0x00, 0x00, 0x00, 0x00, 0x00, 0x00, 0xbe, 0x00, 0x00, 0x00, 0x1e,
  0x00, 0x00, 0x00, 0x18, 0x00, 0x00, 0x00, 0x1a, 0x00, 0x00, 0x00, 0x1e, 0x00, 0x00, 0x00, 0x01,
  0x00, 0x00, 0x00, 0x00, 0x00, 0x00, 0x00, 0xbf, 0x00, 0x00, 0x00, 0x1f, 0x00, 0x00, 0x00, 0x16,
  0x00, 0x00, 0x00, 0x1a, 0x00, 0x00, 0x00, 0x16, 0x00, 0x00, 0x00, 0x02, 0x00, 0x00, 0x00, 0x00,
  0x00, 0x00, 0x00, 0xc0, 0x00, 0x00, 0x00, 0x27, 0x00, 0x00, 0x00, 0x1a, 0x00, 0x00, 0x00, 0x1a,
  0x00, 0x00, 0x00, 0x27, 0x00, 0x00, 0x00, 0x00, 0x00, 0x00, 0x00, 0x00, 0x00, 0x00, 0x00, 0xc1,
  0x00, 0x00, 0x00, 0x27, 0x00, 0x00, 0x00, 0x1a, 0x00, 0x00, 0x00, 0x1a, 0x00, 0x00, 0x00, 0x27,
  0x00, 0x00, 0x00, 0x00, 0x00, 0x00, 0x00, 0x00, 0x00, 0x00, 0x00, 0xc2, 0x00, 0x00, 0x00, 0x27,
  0x00, 0x00, 0x00, 0x1a, 0x00, 0x00, 0x00, 0x1a, 0x00, 0x00, 0x00, 0x27, 0x00, 0x00, 0x00, 0x00,
  0x00, 0x00, 0x00, 0x00, 0x00, 0x00, 0x00, 0xc3, 0x00, 0x00, 0x00, 0x27, 0x00, 0x00, 0x00, 0x1a,
  0x00, 0x00, 0x00, 0x1a, 0x00, 0x00, 0x00, 0x27, 0x00, 0x00, 0x00, 0x00, 0x00, 0x00, 0x00, 0x00,
  0x00, 0x00, 0x00, 0xc4, 0x00, 0x00, 0x00, 0x28, 0x00, 0x00, 0x00, 0x1a, 0x00, 0x00, 0x00, 0x1a,
  0x00, 0x00, 0x00, 0x28, 0x00, 0x00, 0x00, 0x00, 0x00, 0x00, 0x00, 0x00, 0x00, 0x00, 0x00, 0xc5,
  0x00, 0x00, 0x00, 0x2a, 0x00, 0x00, 0x00, 0x1a, 0x00, 0x00, 0x00, 0x1a, 0x00, 0x00, 0x00, 0x2a,
  0x00, 0x00, 0x00, 0x00, 0x00, 0x00, 0x00, 0x00, 0x00, 0x00, 0x00, 0xc6, 0x00, 0x00, 0x00, 0x1e,
  0x00, 0x00, 0x00, 0x1a, 0x00, 0x00, 0x00, 0x1a, 0x00, 0x00, 0x00, 0x1e, 0x00, 0x00, 0x00, 0x00,
  0x00, 0x00, 0x00, 0x00, 0x00, 0x00, 0x00, 0xc7, 0x00, 0x00, 0x00, 0x27, 0x00, 0x00, 0x00, 0x16,
  0x00, 0x00, 0x00, 0x1a, 0x00, 0x00, 0x00, 0x1e, 0x00, 0x00, 0x00, 0x02, 0x00, 0x00, 0x00, 0x00,
  0x00, 0x00, 0x00, 0xc8, 0x00, 0x00, 0x00, 0x27, 0x00, 0x00, 0x00, 0x14, 0x00, 0x00, 0x00, 0x1a,
  0x00, 0x00, 0x00, 0x27, 0x00, 0x00, 0x00, 0x03, 0x00, 0x00, 0x00, 0x00, 0x00, 0x00, 0x00, 0xc9,
  0x00, 0x00, 0x00, 0x27, 0x00, 0x00, 0x00, 0x14, 0x00, 0x00, 0x00, 0x1a, 0x00, 0x00, 0x00, 0x27,
  0x00, 0x00, 0x00, 0x03, 0x00, 0x00, 0x00, 0x00, 0x00, 0x00, 0x00, 0xca, 0x00, 0x00, 0x00, 0x27,
  0x00, 0x00, 0x00, 0x14, 0x00, 0x00, 0x00, 0x1a, 0x00, 0x00, 0x00, 0x27, 0x00, 0x00, 0x00, 0x03,
  0x00, 0x00, 0x00, 0x00, 0x00, 0x00, 0x00, 0xcb, 0x00, 0x00, 0x00, 0x28, 0x00, 0x00, 0x00, 0x14,
  0x00, 0x00, 0x00, 0x1a, 0x00, 0x00, 0x00, 0x28, 0x00, 0x00, 0x00, 0x03, 0x00, 0x00, 0x00, 0x00,
  0x00, 0x00, 0x00, 0xcc, 0x00, 0x00, 0x00, 0x27, 0x00, 0x00, 0x00, 0x14, 0x00, 0x00, 0x00, 0x1a,
  0x00, 0x00, 0x00, 0x27, 0x00, 0x00, 0x00, 0x03, 0x00, 0x00, 0x00, 0x00, 0x00, 0x00, 0x00, 0xcd,
  0x00, 0x00, 0x00, 0x27, 0x00, 0x00, 0x00, 0x14, 0x00, 0x00, 0x00, 0x1a, 0x00, 0x00, 0x00, 0x27,
  0x00, 0x00, 0x00, 0x03, 0x00, 0x00, 0x00, 0x00, 0x00, 0x00, 0x00, 0xce, 0x00, 0x00, 0x00, 0x27,
  0x00, 0x00, 0x00, 0x14, 0x00, 0x00, 0x00, 0x1a, 0x00, 0x00, 0x00, 0x27, 0x00, 0x00, 0x00, 0x03,
  0x00, 0x00, 0x00, 0x00, 0x00, 0x00, 0x00, 0xcf, 0x00, 0x00, 0x00, 0x28, 0x00, 0x00, 0x00, 0x14,
  0x00, 0x00, 0x00, 0x1a, 0x00, 0x00, 0x00, 0x28, 0x00, 0x00, 0x00, 0x03, 0x00, 0x00, 0x00, 0x00,
  0x00, 0x00, 0x00, 0xd0, 0x00, 0x00, 0x00, 0x1e, 0x00, 0x00, 0x00, 0x17, 0x00, 0x00, 0x00, 0x1a,
  0x00, 0x00, 0x00, 0x1e, 0x00, 0x00, 0x00, 0x01, 0x00, 0x00, 0x00, 0x00, 0x00, 0x00, 0x00, 0xd1,
  0x00, 0x00, 0x00, 0x27, 0x00, 0x00, 0x00, 0x16, 0x00, 0x00, 0x00, 0x1a, 0x00, 0x00, 0x00, 0x27,
  0x00, 0x00, 0x00, 0x02, 0x00, 0x00, 0x00, 0x00, 0x00, 0x00, 0x00, 0xd2, 0x00, 0x00, 0x00, 0x28,
  0x00, 0x00, 0x00, 0x16, 0x00, 0x00, 0x00, 0x1a, 0x00, 0x00, 0x00, 0x27, 0x00, 0x00, 0x00, 0x02,
  0x00, 0x00, 0x00, 0x00, 0x00, 0x00, 0x00, 0xd3, 0x00, 0x00, 0x00, 0x28, 0x00, 0x00, 0x00, 0x16,
  0x00, 0x00, 0x00, 0x1a, 0x00, 0x00, 0x00, 0x27, 0x00, 0x00, 0x00, 0x02, 0x00, 0x00, 0x00, 0x00,
  0x00, 0x00, 0x00, 0xd4, 0x00, 0x00, 0x00, 0x28, 0x00, 0x00, 0x00, 0x16, 0x00, 0x00, 0x00, 0x1a,
  0x00, 0x00, 0x00, 0x27, 0x00, 0x00, 0x00, 0x02, 0x00, 0x00, 0x00, 0x00, 0x00, 0x00, 0x00, 0xd5,
  0x00, 0x00, 0x00, 0x28, 0x00, 0x00, 0x00, 0x16, 0x00, 0x00, 0x00, 0x1a, 0x00, 0x00, 0x00, 0x27,
  0x00, 0x00, 0x00, 0x02, 0x00, 0x00, 0x00, 0x00, 0x00, 0x00, 0x00, 0xd6, 0x00, 0x00, 0x00, 0x29,
  0x00, 0x00, 0x00, 0x16, 0x00, 0x00, 0x00, 0x1a, 0x00, 0x00, 0x00, 0x28, 0x00, 0x00, 0x00, 0x02,
  0x00, 0x00, 0x00, 0x00, 0x00, 0x00, 0x00, 0xd7, 0x00, 0x00, 0x00, 0x13, 0x00, 0x00, 0x00, 0x13,
  0x00, 0x00, 0x00, 0x1a, 0x00, 0x00, 0x00, 0x18, 0x00, 0x00, 0x00, 0x03, 0x00, 0x00, 0x00, 0x00,
  0x00, 0x00, 0x00, 0xd8, 0x00, 0x00, 0x00, 0x25, 0x00, 0x00, 0x00, 0x16, 0x00, 0x00, 0x00, 0x1a,
  0x00, 0x00, 0x00, 0x21, 0x00, 0x00, 0x00, 0x02, 0x00, 0x00, 0x00, 0x00, 0x00, 0x00, 0x00, 0xd9,
  0x00, 0x00, 0x00, 0x28, 0x00, 0x00, 0x00, 0x16, 0x00, 0x00, 0x00, 0x1a, 0x00, 0x00, 0x00, 0x27,
  0x00, 0x00, 0x00, 0x02, 0x00, 0x00, 0x00, 0x00, 0x00, 0x00, 0x00, 0xda, 0x00, 0x00, 0x00, 0x28,
  0x00, 0x00, 0x00, 0x16, 0x00, 0x00, 0x00, 0x1a, 0x00, 0x00, 0x00, 0x27, 0x00, 0x00, 0x00, 0x02,
  0x00, 0x00, 0x00, 0x00, 0x00, 0x00, 0x00, 0xdb, 0x00, 0x00, 0x00, 0x28, 0x00, 0x00, 0x00, 0x16,
  0x00, 0x00, 0x00, 0x1a, 0x00, 0x00, 0x00, 0x27, 0x00, 0x00, 0x00, 0x02, 0x00, 0x00, 0x00, 0x00,
  0x00, 0x00, 0x00, 0xdc, 0x00, 0x00, 0x00, 0x29, 0x00, 0x00, 0x00, 0x16, 0x00, 0x00, 0x00, 0x1a,
  0x00, 0x00, 0x00, 0x28, 0x00, 0x00, 0x00, 0x02, 0x00, 0x00, 0x00, 0x00, 0x00, 0x00, 0x00, 0xdd,
  0x00, 0x00, 0x00, 0x27, 0x00, 0x00, 0x00, 0x1a, 0x00, 0x00, 0x00, 0x1a, 0x00, 0x00, 0x00, 0x27,
  0x00, 0x00, 0x00, 0x00, 0x00, 0x00, 0x00, 0x00, 0x00, 0x00, 0x00, 0xde, 0x00, 0x00, 0x00, 0x1e,
  0x00, 0x00, 0x00, 0x16, 0x00, 0x00, 0x00, 0x1a, 0x00, 0x00, 0x00, 0x1e, 0x00, 0x00, 0x00, 0x02,
  0x00, 0x00, 0x00, 0x00, 0x00, 0x00, 0x00, 0xdf, 0x00, 0x00, 0x00, 0x1f, 0x00, 0x00, 0x00, 0x19,
  0x00, 0x00, 0x00, 0x1a, 0x00, 0x00, 0x00, 0x1e, 0x00, 0x00, 0x00, 0x00, 0x00, 0x00, 0x00, 0x00,
  0x00, 0x00, 0x00, 0xe0, 0x00, 0x00, 0x00, 0x1f, 0x00, 0x00, 0x00, 0x18, 0x00, 0x00, 0x00, 0x1a,
  0x00, 0x00, 0x00, 0x1e, 0x00, 0x00, 0x00, 0x01, 0x00, 0x00, 0x00, 0x00, 0x00, 0x00, 0x00, 0xe1,
  0x00, 0x00, 0x00, 0x1f, 0x00, 0x00, 0x00, 0x18, 0x00, 0x00, 0x00, 0x1a, 0x00, 0x00, 0x00, 0x1e,
  0x00, 0x00, 0x00, 0x01, 0x00, 0x00, 0x00, 0x00, 0x00, 0x00, 0x00, 0xe2, 0x00, 0x00, 0x00, 0x1f,
  0x00, 0x00, 0x00, 0x18, 0x00, 0x00, 0x00, 0x1a, 0x00, 0x00, 0x00, 0x1e, 0x00, 0x00, 0x00, 0x01,
  0x00, 0x00, 0x00, 0x00, 0x00, 0x00, 0x00, 0xe3, 0x00, 0x00, 0x00, 0x20, 0x00, 0x00, 0x00, 0x18,
  0x00, 0x00, 0x00, 0x1a, 0x00, 0x00, 0x00, 0x1f, 0x00, 0x00, 0x00, 0x01, 0x00, 0x00, 0x00, 0x00,
  0x00, 0x00, 0x00, 0xe4, 0x00, 0x00, 0x00, 0x20, 0x00, 0x00, 0x00, 0x18, 0x00, 0x00, 0x00, 0x1a,
  0x00, 0x00, 0x00, 0x1f, 0x00, 0x00, 0x00, 0x01, 0x00, 0x00, 0x00, 0x00, 0x00, 0x00, 0x00, 0xe5,
  0x00, 0x00, 0x00, 0x22, 0x00, 0x00, 0x00, 0x18, 0x00, 0x00, 0x00, 0x1a, 0x00, 0x00, 0x00, 0x21,
  0x00, 0x00, 0x00, 0x01, 0x00, 0x00, 0x00, 0x00, 0x00, 0x00, 0x00, 0xe6, 0x00, 0x00, 0x00, 0x17,
  0x00, 0x00, 0x00, 0x16, 0x00, 0x00, 0x00, 0x1a, 0x00, 0x00, 0x00, 0x16, 0x00, 0x00, 0x00, 0x02,
  0x00, 0x00, 0x00, 0x00, 0x00, 0x00, 0x00, 0xe7, 0x00, 0x00, 0x00, 0x1f, 0x00, 0x00, 0x00, 0x16,
  0x00, 0x00, 0x00, 0x1a, 0x00, 0x00, 0x00, 0x16, 0x00, 0x00, 0x00, 0x02, 0x00, 0x00, 0x00, 0x00,
  0x00, 0x00, 0x00, 0xe8, 0x00, 0x00, 0x00, 0x1f, 0x00, 0x00, 0x00, 0x16, 0x00, 0x00, 0x00, 0x1a,
  0x00, 0x00, 0x00, 0x1e, 0x00, 0x00, 0x00, 0x02, 0x00, 0x00, 0x00, 0x00, 0x00, 0x00, 0x00, 0xe9,
  0x00, 0x00, 0x00, 0x1f, 0x00, 0x00, 0x00, 0x16, 0x00, 0x00, 0x00, 0x1a, 0x00, 0x00, 0x00, 0x1e,
  0x00, 0x00, 0x00, 0x02, 0x00, 0x00, 0x00, 0x00, 0x00, 0x00, 0x00, 0xea, 0x00, 0x00, 0x00, 0x1f,
  0x00, 0x00, 0x00, 0x16, 0x00, 0x00, 0x00, 0x1a, 0x00, 0x00, 0x00, 0x1e, 0x00, 0x00, 0x00, 0x02,
  0x00, 0x00, 0x00, 0x00, 0x00, 0x00, 0x00, 0xeb, 0x00, 0x00, 0x00, 0x20, 0x00, 0x00, 0x00, 0x16,
  0x00, 0x00, 0x00, 0x1a, 0x00, 0x00, 0x00, 0x1f, 0x00, 0x00, 0x00, 0x02, 0x00, 0x00, 0x00, 0x00,
  0x00, 0x00, 0x00, 0xec, 0x00, 0x00, 0x00, 0x1e, 0x00, 0x00, 0x00, 0x14, 0x00, 0x00, 0x00, 0x1a,
  0x00, 0x00, 0x00, 0x1e, 0x00, 0x00, 0x00, 0x03, 0x00, 0x00, 0x00, 0x00, 0x00, 0x00, 0x00, 0xed,
  0x00, 0x00, 0x00, 0x1e, 0x00, 0x00, 0x00, 0x14, 0x00, 0x00, 0x00, 0x1a, 0x00, 0x00, 0x00, 0x1e,
  0x00, 0x00, 0x00, 0x03, 0x00, 0x00, 0x00, 0x00, 0x00, 0x00, 0x00, 0xee, 0x00, 0x00, 0x00, 0x1e,
  0x00, 0x00, 0x00, 0x14, 0x00, 0x00, 0x00, 0x1a, 0x00, 0x00, 0x00, 0x1e, 0x00, 0x00, 0x00, 0x03,
  0x00, 0x00, 0x00, 0x00, 0x00, 0x00, 0x00, 0xef, 0x00, 0x00, 0x00, 0x1f, 0x00, 0x00, 0x00, 0x14,
  0x00, 0x00, 0x00, 0x1a, 0x00, 0x00, 0x00, 0x1f, 0x00, 0x00, 0x00, 0x03, 0x00, 0x00, 0x00, 0x00,
  0x00, 0x00, 0x00, 0xf0, 0x00, 0x00, 0x00, 0x21, 0x00, 0x00, 0x00, 0x17, 0x00, 0x00, 0x00, 0x1a,
  0x00, 0x00, 0x00, 0x20, 0x00, 0x00, 0x00, 0x01, 0x00, 0x00, 0x00, 0x00, 0x00, 0x00, 0x00, 0xf1,
  0x00, 0x00, 0x00, 0x1f, 0x00, 0x00, 0x00, 0x14, 0x00, 0x00, 0x00, 0x1a, 0x00, 0x00, 0x00, 0x1f,
  0x00, 0x00, 0x00, 0x03, 0x00, 0x00, 0x00, 0x00, 0x00, 0x00, 0x00, 0xf2, 0x00, 0x00, 0x00, 0x1f,
  0x00, 0x00, 0x00, 0x16, 0x00, 0x00, 0x00, 0x1a, 0x00, 0x00, 0x00, 0x1e, 0x00, 0x00, 0x00, 0x02,
  0x00, 0x00, 0x00, 0x00, 0x00, 0x00, 0x00, 0xf3, 0x00, 0x00, 0x00, 0x1f, 0x00, 0x00, 0x00, 0x16,
  0x00, 0x00, 0x00, 0x1a, 0x00, 0x00, 0x00, 0x1e, 0x00, 0x00, 0x00, 0x02, 0x00, 0x00, 0x00, 0x00,
  0x00, 0x00, 0x00, 0xf4, 0x00, 0x00, 0x00, 0x1f, 0x00, 0x00, 0x00, 0x16, 0x00, 0x00, 0x00, 0x1a,
  0x00, 0x00, 0x00, 0x1e, 0x00, 0x00, 0x00, 0x02, 0x00, 0x00, 0x00, 0x00, 0x00, 0x00, 0x00, 0xf5,
  0x00, 0x00, 0x00, 0x20, 0x00, 0x00, 0x00, 0x16, 0x00, 0x00, 0x00, 0x1a, 0x00, 0x00, 0x00, 0x1f,
  0x00, 0x00, 0x00, 0x02, 0x00, 0x00, 0x00, 0x00, 0x00, 0x00, 0x00, 0xf6, 0x00, 0x00, 0x00, 0x20,
  0x00, 0x00, 0x00, 0x16, 0x00, 0x00, 0x00, 0x1a, 0x00, 0x00, 0x00, 0x1f, 0x00, 0x00, 0x00, 0x02,
  0x00, 0x00, 0x00, 0x00, 0x00, 0x00, 0x00, 0xf7, 0x00, 0x00, 0x00, 0x18, 0x00, 0x00, 0x00, 0x12,
  0x00, 0x00, 0x00, 0x1a, 0x00, 0x00, 0x00, 0x1b, 0x00, 0x00, 0x00, 0x04, 0x00, 0x00, 0x00, 0x00,
  0x00, 0x00, 0x00, 0xf8, 0x00, 0x00, 0x00, 0x1c, 0x00, 0x00, 0x00, 0x16, 0x00, 0x00, 0x00, 0x1a,
  0x00, 0x00, 0x00, 0x18, 0x00, 0x00, 0x00, 0x02, 0x00, 0x00, 0x00, 0x00, 0x00, 0x00, 0x00, 0xf9,
  0x00, 0x00, 0x00, 0x1f, 0x00, 0x00, 0x00, 0x14, 0x00, 0x00, 0x00, 0x1a, 0x00, 0x00, 0x00, 0x1e,
  0x00, 0x00, 0x00, 0x03, 0x00, 0x00, 0x00, 0x00, 0x00, 0x00, 0x00, 0xfa, 0x00, 0x00, 0x00, 0x1f,
  0x00, 0x00, 0x00, 0x14, 0x00, 0x00, 0x00, 0x1a, 0x00, 0x00, 0x00, 0x1e, 0x00, 0x00, 0x00, 0x03,
  0x00, 0x00, 0x00, 0x00, 0x00, 0x00, 0x00, 0xfb, 0x00, 0x00, 0x00, 0x1f, 0x00, 0x00, 0x00, 0x14,
  0x00, 0x00, 0x00, 0x1a, 0x00, 0x00, 0x00, 0x1e, 0x00, 0x00, 0x00, 0x03, 0x00, 0x00, 0x00, 0x00,
  0x00, 0x00, 0x00, 0xfc, 0x00, 0x00, 0x00, 0x20, 0x00, 0x00, 0x00, 0x14, 0x00, 0x00, 0x00, 0x1a,
  0x00, 0x00, 0x00, 0x1f, 0x00, 0x00, 0x00, 0x03, 0x00, 0x00, 0x00, 0x00, 0x00, 0x00, 0x00, 0xfd,
  0x00, 0x00, 0x00, 0x27, 0x00, 0x00, 0x00, 0x14, 0x00, 0x00, 0x00, 0x1a, 0x00, 0x00, 0x00, 0x1e,
  0x00, 0x00, 0x00, 0x03, 0x00, 0x00, 0x00, 0x00, 0x00, 0x00, 0x00, 0xfe, 0x00, 0x00, 0x00, 0x27,
  0x00, 0x00, 0x00, 0x16, 0x00, 0x00, 0x00, 0x1a, 0x00, 0x00, 0x00, 0x1e, 0x00, 0x00, 0x00, 0x02,
  0x00, 0x00, 0x00, 0x00, 0x00, 0x00, 0x00, 0xff, 0x00, 0x00, 0x00, 0x28, 0x00, 0x00, 0x00, 0x14,
  0x00, 0x00, 0x00, 0x1a, 0x00, 0x00, 0x00, 0x1f, 0x00, 0x00, 0x00, 0x03, 0x00, 0x00, 0x00, 0x00,
  0x00, 0x00, 0x01, 0x53, 0x00, 0x00, 0x00, 0x17, 0x00, 0x00, 0x00, 0x17, 0x00, 0x00, 0x00, 0x1a,
  0x00, 0x00, 0x00, 0x16, 0x00, 0x00, 0x00, 0x01, 0x00, 0x00, 0x00, 0x00, 0x00, 0x00, 0x20, 0x14,
  0x00, 0x00, 0x00, 0x05, 0x00, 0x00, 0x00, 0x1a, 0x00, 0x00, 0x00, 0x1a, 0x00, 0x00, 0x00, 0x0e,
  0x00, 0x00, 0x00, 0x00, 0x00, 0x00, 0x00, 0x00, 0x00, 0x00, 0x20, 0xac, 0x00, 0x00, 0x00, 0x17,
  0x00, 0x00, 0x00, 0x18, 0x00, 0x00, 0x00, 0x1a, 0x00, 0x00, 0x00, 0x1a, 0x00, 0x00, 0x00, 0x01,
  0x00, 0x00, 0x00, 0x00, 0x00, 0x00, 0x21, 0x91, 0x00, 0x00, 0x00, 0x19, 0x00, 0x00, 0x00, 0x16,
  0x00, 0x00, 0x00, 0x1a, 0x00, 0x00, 0x00, 0x1b, 0x00, 0x00, 0x00, 0x02, 0x00, 0x00, 0x00, 0x00,
  0x00, 0x00, 0x21, 0x93, 0x00, 0x00, 0x00, 0x19, 0x00, 0x00, 0x00, 0x16, 0x00, 0x00, 0x00, 0x1a,
  0x00, 0x00, 0x00, 0x1b, 0x00, 0x00, 0x00, 0x02, 0x00, 0x00, 0x00, 0x00, 0x00, 0x00, 0x5e, 0x66,
  0x66, 0x66, 0x66, 0x3f, 0x00, 0x00, 0x00, 0xeb, 0xff, 0xff, 0xff, 0xff, 0x9f, 0x00, 0x00, 0x00,
  0xeb, 0xff, 0xff, 0xff, 0xff, 0x9f, 0x00, 0x00, 0x00, 0xeb, 0xff, 0xff, 0xff, 0xff, 0x9f, 0x00,
  0x00, 0x00, 0xeb, 0xff, 0xff, 0xff, 0xff, 0x9f, 0x00, 0x00, 0x00, 0xeb, 0xff, 0xff, 0xff, 0xff,
  0x9f, 0x00, 0x00, 0x00, 0xeb, 0xff, 0xff, 0xff, 0xff, 0x9f, 0x00, 0x00, 0x00, 0xeb, 0xff, 0xff,
  0xff, 0xff, 0x9f, 0x00, 0x00, 0x00, 0xeb, 0xff, 0xff, 0xff, 0xff, 0x9f, 0x00, 0x00, 0x00, 0xeb,
  0xff, 0xff, 0xff, 0xff, 0x9f, 0x00, 0x00, 0x00, 0xeb, 0xff, 0xff, 0xff, 0xff, 0x9f, 0x00, 0x00,
  0x00, 0xeb, 0xff, 0xff, 0xff, 0xff, 0x9f, 0x00, 0x00, 0x00, 0xeb, 0xff, 0xff, 0xff, 0xff, 0x9f,
  0x00, 0x00, 0x00, 0xeb, 0xff, 0xff, 0xff, 0xff, 0x9f, 0x00, 0x00, 0x00, 0xeb, 0xff, 0xff, 0xff,
  0xff, 0x9f, 0x00, 0x00, 0x00, 0xeb, 0xff, 0xff, 0xff, 0xff, 0x9f, 0x00, 0x00, 0x00, 0xeb, 0xff,
  0xff, 0xff, 0xff, 0x9f, 0x00, 0x00, 0x00, 0xeb, 0xff, 0xff, 0xff, 0xff, 0x9f, 0x00, 0x00, 0x00,
  0xeb, 0xff, 0xff, 0xff, 0xff, 0x9f, 0x00, 0x00, 0x00, 0xeb, 0xff, 0xff, 0xff, 0xff, 0x9f, 0x00,
  0x00, 0x00, 0xeb, 0xff, 0xff, 0xff, 0xff, 0x9f, 0x00, 0x00, 0x00, 0x16, 0x18, 0x18, 0x18, 0x18,
  0x0f, 0x00, 0x00, 0x00, 0x00, 0x25, 0x5b, 0x51, 0x11, 0x00, 0x00, 0x00, 0x03, 0x99, 0xfe, 0xff,
  0xff, 0xf3, 0x5c, 0x00, 0x00, 0x86, 0xff, 0xff, 0xff, 0xff, 0xff, 0xfd, 0x3d, 0x05, 0xf3, 0xff,
  0xff, 0xff, 0xff, 0xff, 0xff, 0xad, 0x1d, 0xff, 0xff, 0xff, 0xff, 0xff, 0xff, 0xff, 0xd1, 0x0a,
  0xfa, 0xff, 0xff, 0xff, 0xff, 0xff, 0xff, 0xb9, 0x00, 0xa5, 0xff, 0xff, 0xff, 0xff, 0xff, 0xff,
  0x59, 0x00, 0x10, 0xc7, 0xff, 0xff, 0xff, 0xff, 0x8c, 0x00, 0x00, 0x00, 0x03, 0x56, 0x8d, 0x84,
  0x37, 0x00, 0x00, 0x00, 0x1a, 0xa2, 0xec, 0xf3, 0xb8, 0x32, 0x00, 0x00, 0x00, 0x00, 0x5e, 0xd2,
  0xf6, 0xde, 0x7d, 0x04, 0x00, 0x17, 0xe2, 0xff, 0xff, 0xff, 0xff, 0xf7, 0x39, 0x00, 0x00, 0x7c,
  0xff, 0xff, 0xff, 0xff, 0xff, 0xad, 0x00, 0x95, 0xff, 0xff, 0xff, 0xff, 0xff, 0xff, 0xcb, 0x00,
  0x1c, 0xfb, 0xff, 0xff, 0xff, 0xff, 0xff, 0xff, 0x49, 0xd6, 0xff, 0xff, 0xff, 0xff, 0xff, 0xff,
  0xff, 0x0d, 0x58, 0xff, 0xff, 0xff, 0xff, 0xff, 0xff, 0xff, 0x8a, 0xce, 0xff, 0xff, 0xff, 0xff,
  0xff, 0xff, 0xfd, 0x07, 0x50, 0xff, 0xff, 0xff, 0xff, 0xff, 0xff, 0xff, 0x82, 0x87, 0xff, 0xff,
  0xff, 0xff, 0xff, 0xff, 0xbe, 0x00, 0x14, 0xf5, 0xff, 0xff, 0xff, 0xff, 0xff, 0xff, 0x3c, 0x12,
  0xdb, 0xff, 0xff, 0xff, 0xff, 0xf4, 0x2f, 0x00, 0x00, 0x6f, 0xff, 0xff, 0xff, 0xff, 0xff, 0xa1,
  0x00, 0x00, 0x16, 0xc6, 0xff, 0xff, 0xe7, 0x2c, 0x00, 0x00, 0x00, 0x00, 0x5f, 0xff, 0xff, 0xff,
  0x8d, 0x04, 0x00, 0x00, 0x00, 0x92, 0xff, 0xff, 0xc9, 0x00, 0x00, 0x00, 0x00, 0x00, 0x15, 0xff,
  0xff, 0xff, 0x47, 0x00, 0x00, 0x00, 0x00, 0x92, 0xff, 0xff, 0xc9, 0x00, 0x00, 0x00, 0x00, 0x00,
  0x15, 0xff, 0xff, 0xff, 0x47, 0x00, 0x00, 0x00, 0x00, 0x92, 0xff, 0xff, 0xc9, 0x00, 0x00, 0x00,
  0x00, 0x00, 0x15, 0xff, 0xff, 0xff, 0x47, 0x00, 0x00, 0x00, 0x00, 0x92, 0xff, 0xff, 0xc9, 0x00,
  0x00, 0x00, 0x00, 0x00, 0x15, 0xff, 0xff, 0xff, 0x47, 0x00, 0x00, 0x00, 0x00, 0x7f, 0xdd, 0xdd,
  0xad, 0x00, 0x00, 0x00, 0x00, 0x00, 0x12, 0xdd, 0xdd, 0xdd, 0x3d, 0x00, 0x00, 0x00, 0x00, 0x00,
  0x00, 0x2c, 0x9e, 0x9e, 0x9e, 0x9e, 0x28, 0x00, 0x00, 0x57, 0x9e, 0x9e, 0x9e, 0x9c, 0x00, 0x00,
  0x00, 0x00, 0x00, 0x00, 0x00, 0x00, 0x00, 0x47, 0xff, 0xff, 0xff, 0xff, 0x41, 0x00, 0x00, 0x8d,
  0xff, 0xff, 0xff, 0xfb, 0x00, 0x00, 0x00, 0x00, 0x00, 0x00, 0x00, 0x00, 0x00, 0x47, 0xff, 0xff,
  0xff, 0xff, 0x41, 0x00, 0x00, 0x8d, 0xff, 0xff, 0xff, 0xfb, 0x00, 0x00, 0x00, 0x00, 0x00, 0x00,
  0x00, 0x00, 0x00, 0x47, 0xff, 0xff, 0xff, 0xff, 0x41, 0x00, 0x00, 0x8d, 0xff, 0xff, 0xff, 0xfb,
  0x00, 0x00, 0x00, 0x00, 0x00, 0x00, 0x00, 0x00, 0x00, 0x47, 0xff, 0xff, 0xff, 0xff, 0x41, 0x00,
  0x00, 0x8d, 0xff, 0xff, 0xff, 0xfb, 0x00, 0x00, 0x00, 0x00, 0x00, 0x78, 0xd5, 0xd5, 0xd5, 0xe1,
  0xff, 0xff, 0xff, 0xff, 0xe0, 0xd5, 0xd5, 0xec, 0xff, 0xff, 0xff, 0xff, 0xd5, 0xd5, 0xd5, 0xd5,
  0x39, 0x90, 0xff, 0xff, 0xff, 0xff, 0xff, 0xff, 0xff, 0xff, 0xff, 0xff, 0xff, 0xff, 0xff, 0xff,
  0xff, 0xff, 0xff, 0xff, 0xff, 0xff, 0x44, 0x90, 0xff, 0xff, 0xff, 0xff, 0xff, 0xff, 0xff, 0xff,
  0xff, 0xff, 0xff, 0xff, 0xff, 0xff, 0xff, 0xff, 0xff, 0xff, 0xff, 0xff, 0x44, 0x90, 0xff, 0xff,
  0xff, 0xff, 0xff, 0xff, 0xff, 0xff, 0xff, 0xff, 0xff, 0xff, 0xff, 0xff, 0xff, 0xff, 0xff, 0xff,
  0xff, 0xff, 0x44, 0x65, 0xb4, 0xb4, 0xb4, 0xc9, 0xff, 0xff, 0xff, 0xff, 0xc7, 0xb4, 0xb4, 0xde,
  0xff, 0xff, 0xff, 0xfe, 0xb4, 0xb4, 0xb4, 0xb4, 0x30, 0x00, 0x00, 0x00, 0x00, 0x47, 0xff, 0xff,
  0xff, 0xff, 0x41, 0x00, 0x00, 0x8d, 0xff, 0xff, 0xff, 0xfb, 0x00, 0x00, 0x00, 0x00, 0x00, 0x00,
  0x00, 0x00, 0x00, 0x47, 0xff, 0xff, 0xff, 0xff, 0x41, 0x00, 0x00, 0x8d, 0xff, 0xff, 0xff, 0xfb,
  0x00, 0x00, 0x00, 0x00, 0x00, 0x0f, 0x1a, 0x1a, 0x1a, 0x5a, 0xff, 0xff, 0xff, 0xff, 0x55, 0x1a,
  0x1a, 0x99, 0xff, 0xff, 0xff, 0xfc, 0x1a, 0x1a, 0x1a, 0x1a, 0x07, 0x90, 0xff, 0xff, 0xff, 0xff,
  0xff, 0xff, 0xff, 0xff, 0xff, 0xff, 0xff, 0xff, 0xff, 0xff, 0xff, 0xff, 0xff, 0xff, 0xff, 0xff,
  0x44, 0x90, 0xff, 0xff, 0xff, 0xff, 0xff, 0xff, 0xff, 0xff, 0xff, 0xff, 0xff, 0xff, 0xff, 0xff,
  0xff, 0xff, 0xff, 0xff, 0xff, 0xff, 0x44, 0x90, 0xff, 0xff, 0xff, 0xff, 0xff, 0xff, 0xff, 0xff,
  0xff, 0xff, 0xff, 0xff, 0xff, 0xff, 0xff, 0xff, 0xff, 0xff, 0xff, 0xff, 0x44, 0x90, 0xff, 0xff,
  0xff, 0xff, 0xff, 0xff, 0xff, 0xff, 0xff, 0xff, 0xff, 0xff, 0xff, 0xff, 0xff, 0xff, 0xff, 0xff,
  0xff, 0xff, 0x44, 0x3e, 0x6e, 0x6e, 0x6e, 0x97, 0xff, 0xff, 0xff, 0xff, 0x93, 0x6e, 0x6e, 0xbe,
  0xff, 0xff, 0xff, 0xfd, 0x6e, 0x6e, 0x6e, 0x6e, 0x1d, 0x00, 0x00, 0x00, 0x00, 0x47, 0xff, 0xff,
  0xff, 0xff, 0x41, 0x00, 0x00, 0x8d, 0xff, 0xff, 0xff, 0xfb, 0x00, 0x00, 0x00, 0x00, 0x00, 0x00,
  0x00, 0x00, 0x00, 0x47, 0xff, 0xff, 0xff, 0xff, 0x41, 0x00, 0x00, 0x8d, 0xff, 0xff, 0xff, 0xfb,
  0x00, 0x00, 0x00, 0x00, 0x00, 0x00, 0x00, 0x00, 0x00, 0x47, 0xff, 0xff, 0xff, 0xff, 0x41, 0x00,
  0x00, 0x8d, 0xff, 0xff, 0xff, 0xfb, 0x00, 0x00, 0x00, 0x00, 0x00, 0x00, 0x00, 0x00, 0x00, 0x47,
  0xff, 0xff, 0xff, 0xff, 0x41, 0x00, 0x00, 0x8d, 0xff, 0xff, 0xff, 0xfb, 0x00, 0x00, 0x00, 0x00,
  0x00, 0x00, 0x00, 0x00, 0x00, 0x0f, 0x38, 0x38, 0x38, 0x38, 0x0e, 0x00, 0x00, 0x1f, 0x38, 0x38,
  0x38, 0x37, 0x00, 0x00, 0x00, 0x00, 0x00, 0x00, 0x00, 0x00, 0x00, 0x00, 0x00, 0x09, 0x39, 0x39,
  0x39, 0x31, 0x00, 0x00, 0x00, 0x00, 0x00, 0x00, 0x00, 0x00, 0x00, 0x00, 0x00, 0x00, 0x00, 0x2a,
  0xff, 0xff, 0xff, 0xde, 0x00, 0x00, 0x00, 0x00, 0x00, 0x00, 0x00, 0x00, 0x00, 0x00, 0x00, 0x00,
  0x00, 0x2a, 0xff, 0xff, 0xff, 0xde, 0x00, 0x00, 0x00, 0x00, 0x00, 0x00, 0x00, 0x00, 0x00, 0x00,
  0x00, 0x03, 0x42, 0x90, 0xff, 0xff, 0xff, 0xec, 0x49, 0x0a, 0x00, 0x00, 0x00, 0x00, 0x00, 0x00,
  0x00, 0x00, 0x62, 0xe0, 0xff, 0xff, 0xff, 0xff, 0xff, 0xff, 0xff, 0xef, 0x83, 0x08, 0x00, 0x00,
  0x00, 0x00, 0x01, 0xa3, 0xff, 0xff, 0xff, 0xff, 0xff, 0xff, 0xff, 0xff, 0xff, 0xff, 0xff, 0xcc,
  0x13, 0x00, 0x00, 0x00, 0x7d, 0xff, 0xff, 0xff, 0xff, 0xff, 0xff, 0xff, 0xff, 0xff, 0xff, 0xff,
  0xff, 0xff, 0xb9, 0x00, 0x00, 0x0c, 0xf5, 0xff, 0xff, 0xff, 0xff, 0xff, 0xff, 0xff, 0xff, 0xff,
  0xff, 0xff, 0xff, 0xff, 0xff, 0x48, 0x00, 0x45, 0xff, 0xff, 0xff, 0xff, 0xe6, 0x67, 0xff, 0xff,
  0xff, 0xe9, 0xc3, 0xff, 0xff, 0xff, 0xff, 0x9f, 0x00, 0x5d, 0xff, 0xff, 0xff, 0xff, 0x77, 0x2a,
  0xff, 0xff, 0xff, 0xde, 0x18, 0xff, 0xff, 0xff, 0xff, 0xc8, 0x00, 0x55, 0xff, 0xff, 0xff, 0xff,
  0xa4, 0x2a, 0xff, 0xff, 0xff, 0xde, 0x00, 0xa8, 0xb0, 0xb0, 0xb0, 0x92, 0x00, 0x2e, 0xff, 0xff,
  0xff, 0xff, 0xff, 0xd4, 0xff, 0xff, 0xff, 0xde, 0x00, 0x00, 0x00, 0x00, 0x00, 0x00, 0x00, 0x00,
  0xd2, 0xff, 0xff, 0xff, 0xff, 0xff, 0xff, 0xff, 0xff, 0xfd, 0xce, 0x96, 0x43, 0x00, 0x00, 0x00,
  0x00, 0x00, 0x33, 0xf2, 0xff, 0xff, 0xff, 0xff, 0xff, 0xff, 0xff, 0xff, 0xff, 0xff, 0xff, 0xcb,
  0x28, 0x00, 0x00, 0x00, 0x00, 0x28, 0xc1, 0xff, 0xff, 0xff, 0xff, 0xff, 0xff, 0xff, 0xff, 0xff,
  0xff, 0xff, 0xef, 0x27, 0x00, 0x00, 0x00, 0x00, 0x00, 0x36, 0x8a, 0xcc, 0xff, 0xff, 0xff, 0xff,
  0xff, 0xff, 0xff, 0xff, 0xff, 0xbc, 0x00, 0x02, 0x03, 0x03, 0x03, 0x03, 0x00, 0x2a, 0xff, 0xff,
  0xff, 0xf2, 0xd6, 0xff, 0xff, 0xff, 0xff, 0xff, 0x1a, 0xa1, 0xff, 0xff, 0xff, 0xff, 0x2a, 0x2a,
  0xff, 0xff, 0xff, 0xde, 0x04, 0xc2, 0xff, 0xff, 0xff, 0xff, 0x46, 0x94, 0xff, 0xff, 0xff, 0xff,
  0x4b, 0x2a, 0xff, 0xff, 0xff, 0xde, 0x00, 0x7c, 0xff, 0xff, 0xff, 0xff, 0x52, 0x6f, 0xff, 0xff,
  0xff, 0xff, 0xbd, 0x2e, 0xff, 0xff, 0xff, 0xde, 0x01, 0xbc, 0xff, 0xff, 0xff, 0xff, 0x41, 0x25,
  0xfe, 0xff, 0xff, 0xff, 0xff, 0xe1, 0xff, 0xff, 0xff, 0xee, 0xbe, 0xff, 0xff, 0xff, 0xff, 0xfd,
  0x11, 0x00, 0xaf, 0xff, 0xff, 0xff, 0xff, 0xff, 0xff, 0xff, 0xff, 0xff, 0xff, 0xff, 0xff, 0xff,
  0xff, 0xb0, 0x00, 0x00, 0x1d, 0xe7, 0xff, 0xff, 0xff, 0xff, 0xff, 0xff, 0xff, 0xff, 0xff, 0xff,
  0xff, 0xff, 0xf0, 0x25, 0x00, 0x00, 0x00, 0x2b, 0xd6, 0xff, 0xff, 0xff, 0xff, 0xff, 0xff, 0xff,
  0xff, 0xff, 0xff, 0xe8, 0x39, 0x00, 0x00, 0x00, 0x00, 0x00, 0x07, 0x64, 0xc3, 0xf9, 0xff, 0xff,
  0xff, 0xff, 0xff, 0xdf, 0x82, 0x10, 0x00, 0x00, 0x00, 0x00, 0x00, 0x00, 0x00, 0x00, 0x00, 0x2e,
  0xff, 0xff, 0xff, 0xe5, 0x19, 0x00, 0x00, 0x00, 0x00, 0x00, 0x00, 0x00, 0x00, 0x00, 0x00, 0x00,
  0x00, 0x2a, 0xff, 0xff, 0xff, 0xde, 0x00, 0x00, 0x00, 0x00, 0x00, 0x00, 0x00, 0x00, 0x00, 0x00,
  0x00, 0x00, 0x00, 0x22, 0xd2, 0xd2, 0xd2, 0xb7, 0x00, 0x00, 0x00, 0x00, 0x00, 0x00, 0x00, 0x00,
  0x00, 0x00, 0x17, 0x77, 0xc0, 0xdd, 0xd1, 0xa7, 0x4d, 0x01, 0x00, 0x00, 0x00, 0x00, 0x00, 0x00,
  0x00, 0x00, 0x00, 0x00, 0x00, 0x00, 0x00, 0x00, 0x00, 0x5b, 0xf0, 0xff, 0xff, 0xff, 0xff, 0xff,
  0xff, 0xbe, 0x1a, 0x00, 0x00, 0x00, 0x00, 0x00, 0x00, 0x00, 0x00, 0x00, 0x00, 0x00, 0x00, 0x00,
  0x54, 0xfe, 0xff, 0xff, 0xff, 0xff, 0xff, 0xff, 0xff, 0xff, 0xd0, 0x0c, 0x00, 0x00, 0x00, 0x00,
  0x00, 0x00, 0x00, 0x00, 0x00, 0x00, 0x00, 0x12, 0xf0, 0xff, 0xff, 0xff, 0xeb, 0xae, 0xc4, 0xff,
  0xff, 0xff, 0xff, 0x8d, 0x00, 0x00, 0x00, 0x00, 0x00, 0x00, 0x00, 0x00, 0x00, 0x00, 0x00, 0x65,
  0xff, 0xff, 0xff, 0xcb, 0x11, 0x00, 0x00, 0x53, 0xff, 0xff, 0xff, 0xed, 0x02, 0x00, 0x00, 0x00,
  0x00, 0x00, 0x00, 0x00, 0x00, 0x00, 0x00, 0x97, 0xff, 0xff, 0xff, 0x49, 0x00, 0x00, 0x00, 0x00,
  0xbf, 0xff, 0xff, 0xff, 0x21, 0x00, 0x00, 0x00, 0x00, 0x00, 0x00, 0x00, 0x00, 0x00, 0x00, 0xa3,
  0xff, 0xff, 0xff, 0x2b, 0x00, 0x00, 0x00, 0x00, 0xa1, 0xff, 0xff, 0xff, 0x2e, 0x00, 0x00, 0x00,
  0x00, 0x00, 0x00, 0x00, 0x00, 0x00, 0x00, 0x8f, 0xff, 0xff, 0xff, 0x5d, 0x00, 0x00, 0x00, 0x01,
  0xd1, 0xff, 0xff, 0xff, 0x19, 0x00, 0x00, 0x00, 0x00, 0x00, 0x00, 0x00, 0x00, 0x00, 0x00, 0x53,
  0xff, 0xff, 0xff, 0xe6, 0x35, 0x00, 0x06, 0x8b, 0xff, 0xff, 0xff, 0xdd, 0x00, 0x00, 0x00, 0x00,
  0x00, 0x00, 0x00, 0x35, 0x02, 0x00, 0x00, 0x06, 0xdc, 0xff, 0xff, 0xff, 0xff, 0xe4, 0xf5, 0xff,
  0xff, 0xff, 0xff, 0x6d, 0x00, 0x00, 0x00, 0x00, 0x00, 0x33, 0xb6, 0xff, 0x5d, 0x00, 0x00, 0x00,
  0x2f, 0xf3, 0xff, 0xff, 0xff, 0xff, 0xff, 0xff, 0xff, 0xff, 0xac, 0x01, 0x00, 0x00, 0x00, 0x2e,
  0xaf, 0xff, 0xff, 0xff, 0xde, 0x05, 0x00, 0x00, 0x00, 0x2f, 0xd0, 0xff, 0xff, 0xff, 0xff, 0xff,
  0xfc, 0x89, 0x07, 0x00, 0x00, 0x28, 0xa9, 0xfe, 0xff, 0xff, 0xff, 0xff, 0xff, 0x64, 0x00, 0x00,
  0x00, 0x00, 0x02, 0x42, 0x8a, 0xa8, 0x9c, 0x72, 0x1b, 0x00, 0x00, 0x23, 0xa2, 0xfd, 0xff, 0xff,
  0xff, 0xff, 0xff, 0xe6, 0x6b, 0x06, 0x00, 0x00, 0x00, 0x00, 0x00, 0x00, 0x00, 0x00, 0x00, 0x00,
  0x00, 0x1f, 0x9c, 0xfb, 0xff, 0xff, 0xff, 0xff, 0xff, 0xea, 0x72, 0x09, 0x00, 0x00, 0x00, 0x00,
  0x00, 0x00, 0x00, 0x00, 0x00, 0x00, 0x00, 0x1a, 0x95, 0xf9, 0xff, 0xff, 0xff, 0xff, 0xff, 0xed,
  0x79, 0x0b, 0x00, 0x00, 0x00, 0x00, 0x00, 0x00, 0x00, 0x00, 0x00, 0x00, 0x00, 0x16, 0x8f, 0xf7,
  0xff, 0xff, 0xff, 0xff, 0xff, 0xf0, 0x7f, 0x0e, 0x00, 0x00, 0x00, 0x00, 0x00, 0x00, 0x00, 0x00,
  0x00, 0x00, 0x00, 0x13, 0x88, 0xf4, 0xff, 0xff, 0xff, 0xff, 0xff, 0xf3, 0x86, 0x11, 0x00, 0x00,
  0x00, 0x00, 0x00, 0x00, 0x00, 0x00, 0x00, 0x00, 0x00, 0x0f, 0x82, 0xf2, 0xff, 0xff, 0xff, 0xff,
  0xff, 0xf6, 0x8c, 0x15, 0x00, 0x00, 0x00, 0x0b, 0x08, 0x00, 0x00, 0x00, 0x00, 0x00, 0x00, 0x00,
  0x73, 0xef, 0xff, 0xff, 0xff, 0xff, 0xff, 0xf8, 0x93, 0x19, 0x00, 0x00, 0x28, 0x99, 0xe9, 0xff,
  0xff, 0xe3, 0x8e, 0x1c, 0x00, 0x00, 0x00, 0x00, 0x8b, 0xff, 0xff, 0xff, 0xff, 0xfa, 0x99, 0x1d,
  0x00, 0x00, 0x00, 0x67, 0xf7, 0xff, 0xff, 0xff, 0xff, 0xff, 0xff, 0xf0, 0x4f, 0x00, 0x00, 0x00,
  0x13, 0xf1, 0xff, 0xfc, 0xa0, 0x22, 0x00, 0x00, 0x00, 0x00, 0x53, 0xfe, 0xff, 0xff, 0xff, 0xff,
  0xff, 0xff, 0xff, 0xff, 0xf7, 0x38, 0x00, 0x00, 0x00, 0x7c, 0xa6, 0x26, 0x00, 0x00, 0x00, 0x00,
  0x00, 0x07, 0xe9, 0xff, 0xff, 0xff, 0xdb, 0x82, 0x89, 0xe8, 0xff, 0xff, 0xff, 0xce, 0x00, 0x00,
  0x00, 0x00, 0x00, 0x00, 0x00, 0x00, 0x00, 0x00, 0x00, 0x48, 0xff, 0xff, 0xff, 0xd1, 0x08, 0x00,
  0x00, 0x15, 0xe6, 0xff, 0xff, 0xff, 0x26, 0x00, 0x00, 0x00, 0x00, 0x00, 0x00, 0x00, 0x00, 0x00,
  0x00, 0x72, 0xff, 0xff, 0xff, 0x68, 0x00, 0x00, 0x00, 0x00, 0x89, 0xff, 0xff, 0xff, 0x50, 0x00,
  0x00, 0x00, 0x00, 0x00, 0x00, 0x00, 0x00, 0x00, 0x00, 0x78, 0xff, 0xff, 0xff, 0x58, 0x00, 0x00,
  0x00, 0x00, 0x7a, 0xff, 0xff, 0xff, 0x56, 0x00, 0x00, 0x00, 0x00, 0x00, 0x00, 0x00, 0x00, 0x00,
  0x00, 0x5d, 0xff, 0xff, 0xff, 0x9d, 0x00, 0x00, 0x00, 0x00, 0xbe, 0xff, 0xff, 0xff, 0x3b, 0x00,
  0x00, 0x00, 0x00, 0x00, 0x00, 0x00, 0x00, 0x00, 0x00, 0x1b, 0xfd, 0xff, 0xff, 0xfe, 0x7f, 0x1b,
  0x21, 0x98, 0xff, 0xff, 0xff, 0xef, 0x07, 0x00, 0x00, 0x00, 0x00, 0x00, 0x00, 0x00, 0x00, 0x00,
  0x00, 0x00, 0x99, 0xff, 0xff, 0xff, 0xff, 0xff, 0xff, 0xff, 0xff, 0xff, 0xff, 0x78, 0x00, 0x00,
  0x00, 0x00, 0x00, 0x00, 0x00, 0x00, 0x00, 0x00, 0x00, 0x00, 0x08, 0xc5, 0xff, 0xff, 0xff, 0xff,
  0xff, 0xff, 0xff, 0xff, 0xab, 0x01, 0x00, 0x00, 0x00, 0x00, 0x00, 0x00, 0x00, 0x00, 0x00, 0x00,
  0x00, 0x00, 0x00, 0x07, 0x88, 0xf5, 0xff, 0xff, 0xff, 0xff, 0xef, 0x74, 0x02, 0x00, 0x00, 0x00,
  0x00, 0x00, 0x00, 0x00, 0x00, 0x00, 0x00, 0x00, 0x00, 0x00, 0x00, 0x00, 0x00, 0x0c, 0x51, 0x73,
  0x70, 0x4b, 0x07, 0x00, 0x00, 0x00, 0x00, 0x00, 0x00, 0x00, 0x00, 0x00, 0x00, 0x0c, 0x3e, 0x55,
  0x64, 0x66, 0x66, 0x66, 0x66, 0x03, 0x00, 0x00, 0x00, 0x00, 0x00, 0x00, 0x00, 0x00, 0x00, 0x00,
  0x00, 0x00, 0x00, 0x45, 0xbb, 0xfc, 0xff, 0xff, 0xff, 0xff, 0xff, 0xff, 0xff, 0x09, 0x00, 0x00,
  0x00, 0x00, 0x00, 0x00, 0x00, 0x00, 0x00, 0x00, 0x00, 0x04, 0x97, 0xff, 0xff, 0xff, 0xff, 0xff,
  0xff, 0xff, 0xff, 0xff, 0xff, 0x09, 0x00, 0x00, 0x00, 0x00, 0x00, 0x00, 0x00, 0x00, 0x00, 0x00,
  0x00, 0x98, 0xff, 0xff, 0xff, 0xff, 0xff, 0xff, 0xff, 0xff, 0xff, 0xff, 0xff, 0x09, 0x00, 0x00,
  0x00, 0x00, 0x00, 0x00, 0x00, 0x00, 0x00, 0x00, 0x45, 0xff, 0xff, 0xff, 0xff, 0xff, 0xff, 0xff,
  0xff, 0xff, 0xff, 0xff, 0xff, 0x09, 0x00, 0x00, 0x00, 0x00, 0x00, 0x00, 0x00, 0x00, 0x00, 0x00,
  0xbe, 0xff, 0xff, 0xff, 0xff, 0xff, 0xff, 0xd7, 0xac, 0xa3, 0xa3, 0xa3, 0xa3, 0x05, 0x00, 0x00,
  0x00, 0x00, 0x00, 0x00, 0x00, 0x00, 0x00, 0x0d, 0xfb, 0xff, 0xff, 0xff, 0xff, 0xeb, 0x41, 0x00,
  0x00, 0x00, 0x00, 0x00, 0x00, 0x00, 0x00, 0x00, 0x00, 0x00, 0x00, 0x00, 0x00, 0x00, 0x00, 0x2b,
  0xff, 0xff, 0xff, 0xff, 0xff, 0x5e, 0x00, 0x00, 0x00, 0x00, 0x00, 0x00, 0x00, 0x00, 0x00, 0x00,
  0x00, 0x00, 0x00, 0x00, 0x00, 0x00, 0x00, 0x3b, 0xff, 0xff, 0xff, 0xff, 0xff, 0x1a, 0x00, 0x00,
  0x00, 0x00, 0x00, 0x00, 0x00, 0x00, 0x00, 0x00, 0x00, 0x00, 0x00, 0x00, 0x00, 0x00, 0x00, 0x2e,
  0xff, 0xff, 0xff, 0xff, 0xff, 0x14, 0x00, 0x00, 0x00, 0x00, 0x00, 0x00, 0x00, 0x47, 0xd5, 0xd5,
  0xd5, 0xd5, 0xcc, 0x00, 0x00, 0x00, 0x00, 0x09, 0xf9, 0xff, 0xff, 0xff, 0xff, 0x41, 0x00, 0x00,
  0x00, 0x00, 0x00, 0x00, 0x00, 0x55, 0xff, 0xff, 0xff, 0xff, 0xf5, 0x00, 0x00, 0x00, 0x00, 0x00,
  0xa8, 0xff, 0xff, 0xff, 0xff, 0xcb, 0x13, 0x00, 0x00, 0x00, 0x00, 0x00, 0x00, 0x55, 0xff, 0xff,
  0xff, 0xff, 0xf5, 0x00, 0x00, 0x00, 0x00, 0x00, 0x1d, 0xea, 0xff, 0xff, 0xff, 0xff, 0xf3, 0x9a,
  0x73, 0x63, 0x63, 0x63, 0x63, 0x97, 0xff, 0xff, 0xff, 0xff, 0xf9, 0x63, 0x63, 0x63, 0x51, 0x00,
  0x00, 0x29, 0xd7, 0xff, 0xff, 0xff, 0xff, 0xff, 0xff, 0xff, 0xff, 0xff, 0xff, 0xff, 0xff, 0xff,
  0xff, 0xff, 0xff, 0xff, 0xff, 0xff, 0xd2, 0x00, 0x00, 0x00, 0x08, 0x6c, 0xd3, 0xff, 0xff, 0xff,
  0xff, 0xff, 0xff, 0xff, 0xff, 0xff, 0xff, 0xff, 0xff, 0xff, 0xff, 0xff, 0xff, 0xff, 0xd2, 0x00,
  0x00, 0x00, 0x00, 0x06, 0x75, 0xff, 0xff, 0xff, 0xff, 0xff, 0xff, 0xff, 0xff, 0xff, 0xff, 0xff,
  0xff, 0xff, 0xff, 0xff, 0xff, 0xff, 0xd2, 0x00, 0x00, 0x00, 0x5e, 0xe5, 0xff, 0xff, 0xff, 0xff,
  0xff, 0xff, 0xff, 0xff, 0xff, 0xff, 0xff, 0xff, 0xff, 0xff, 0xff, 0xff, 0xff, 0xff, 0xd2, 0x00,
  0x00, 0x8d, 0xff, 0xff, 0xff, 0xff, 0xff, 0xde, 0xb0, 0xa6, 0xa6, 0xa6, 0xa6, 0xc4, 0xff, 0xff,
  0xff, 0xff, 0xfe, 0xe7, 0xe7, 0xe7, 0xbe, 0x00, 0x59, 0xff, 0xff, 0xff, 0xff, 0xf5, 0x54, 0x00,
  0x00, 0x00, 0x00, 0x00, 0x00, 0x55, 0xff, 0xff, 0xff, 0xff, 0xf5, 0x00, 0x00, 0x00, 0x00, 0x00,
  0xd6, 0xff, 0xff, 0xff, 0xff, 0x6f, 0x00, 0x00, 0x00, 0x00, 0x00, 0x00, 0x00, 0x55, 0xff, 0xff,
  0xff, 0xff, 0xf5, 0x00, 0x00, 0x00, 0x00, 0x1a, 0xff, 0xff, 0xff, 0xff, 0xff, 0x20, 0x00, 0x00,
  0x00, 0x00, 0x00, 0x00, 0x00, 0x55, 0xff, 0xff, 0xff, 0xff, 0xf5, 0x00, 0x00, 0x00, 0x00, 0x36,
  0xff, 0xff, 0xff, 0xff, 0xff, 0x12, 0x00, 0x00, 0x00, 0x00, 0x00, 0x00, 0x00, 0x55, 0xff, 0xff,
  0xff, 0xff, 0xf5, 0x00, 0x00, 0x00, 0x00, 0x37, 0xff, 0xff, 0xff, 0xff, 0xff, 0x34, 0x00, 0x00,
  0x00, 0x00, 0x00, 0x00, 0x00, 0x55, 0xff, 0xff, 0xff, 0xff, 0xf5, 0x00, 0x00, 0x00, 0x00, 0x21,
  0xff, 0xff, 0xff, 0xff, 0xff, 0xac, 0x01, 0x00, 0x00, 0x00, 0x00, 0x00, 0x00, 0x55, 0xff, 0xff,
  0xff, 0xff, 0xf5, 0x00, 0x00, 0x00, 0x00, 0x02, 0xea, 0xff, 0xff, 0xff, 0xff, 0xff, 0xb6, 0x42,
  0x13, 0x0a, 0x0a, 0x0a, 0x0a, 0x5c, 0xff, 0xff, 0xff, 0xff, 0xf5, 0x00, 0x00, 0x00, 0x00, 0x00,
  0x93, 0xff, 0xff, 0xff, 0xff, 0xff, 0xff, 0xff, 0xff, 0xff, 0xff, 0xff, 0xff, 0xff, 0xff, 0xff,
  0xff, 0xff, 0xf5, 0x00, 0x00, 0x00, 0x00, 0x00, 0x18, 0xf0, 0xff, 0xff, 0xff, 0xff, 0xff, 0xff,
  0xff, 0xff, 0xff, 0xff, 0xff, 0xff, 0xff, 0xff, 0xff, 0xff, 0xf5, 0x00, 0x00, 0x00, 0x00, 0x00,
  0x00, 0x45, 0xf9, 0xff, 0xff, 0xff, 0xff, 0xff, 0xff, 0xff, 0xff, 0xff, 0xff, 0xff, 0xff, 0xff,
  0xff, 0xff, 0xf5, 0x00, 0x00, 0x00, 0x00, 0x00, 0x00, 0x00, 0x37, 0xdb, 0xff, 0xff, 0xff, 0xff,
  0xff, 0xff, 0xff, 0xff, 0xff, 0xff, 0xff, 0xff, 0xff, 0xff, 0xf5, 0x00, 0x00, 0x00, 0x00, 0x00,
  0x00, 0x00, 0x00, 0x03, 0x55, 0xa1, 0xd8, 0xef, 0xfe, 0xff, 0xff, 0xff, 0xff, 0xff, 0xff, 0xff,
  0xff, 0xff, 0xf5, 0x00, 0x00, 0x00, 0x00, 0x00, 0x00, 0x37, 0xbc, 0xf4, 0xea, 0x9c, 0x14, 0x00,
  0x00, 0x41, 0xf9, 0xff, 0xff, 0xff, 0xff, 0xd9, 0x0f, 0x00, 0xd6, 0xff, 0xff, 0xff, 0xff, 0xff,
  0xff, 0x81, 0x17, 0xff, 0xff, 0xff, 0xff, 0xff, 0xff, 0xff, 0xc1, 0x0f, 0xff, 0xff, 0xff, 0xff,
  0xff, 0xff, 0xff, 0xb8, 0x00, 0xc9, 0xff, 0xff, 0xff, 0xff, 0xff, 0xff, 0x72, 0x00, 0x36, 0xf6,
  0xff, 0xff, 0xff, 0xff, 0xcd, 0x0a, 0x00, 0x00, 0x2e, 0xe7, 0xff, 0xff, 0xb7, 0x0f, 0x00, 0x00,
  0x00, 0x00, 0xc9, 0xff, 0xff, 0x7d, 0x00, 0x00, 0x00, 0x00, 0x00, 0xc9, 0xff, 0xff, 0x7d, 0x00,
  0x00, 0x00, 0x00, 0x00, 0xc9, 0xff, 0xff, 0x7d, 0x00, 0x00, 0x00, 0x00, 0x00, 0xc9, 0xff, 0xff,
  0x7d, 0x00, 0x00, 0x00, 0x00, 0x00, 0xad, 0xdd, 0xdd, 0x6c, 0x00, 0x00, 0x00, 0x00, 0x00, 0x00,
  0x00, 0x00, 0x00, 0x00, 0x00, 0x00, 0x1b, 0x62, 0x99, 0xc3, 0xdf, 0xed, 0xf3, 0xe5, 0x00, 0x00,
  0x00, 0x00, 0x00, 0x00, 0x00, 0x00, 0x4e, 0xbe, 0xfe, 0xff, 0xff, 0xff, 0xff, 0xff, 0xff, 0xf0,
  0x00, 0x00, 0x00, 0x00, 0x00, 0x00, 0x28, 0xc4, 0xff, 0xff, 0xff, 0xff, 0xff, 0xff, 0xff, 0xff,
  0xff, 0xf0, 0x00, 0x00, 0x00, 0x00, 0x00, 0x53, 0xf4, 0xff, 0xff, 0xff, 0xff, 0xff, 0xff, 0xff,
  0xff, 0xff, 0xff, 0xf0, 0x00, 0x00, 0x00, 0x00, 0x5a, 0xfd, 0xff, 0xff, 0xff, 0xff, 0xff, 0xff,
  0xff, 0xff, 0xff, 0xff, 0xff, 0xf0, 0x00, 0x00, 0x00, 0x36, 0xf9, 0xff, 0xff, 0xff, 0xff, 0xff,
  0xff, 0xff, 0xeb, 0xa9, 0x7c, 0x62, 0x58, 0x51, 0x00, 0x00, 0x06, 0xd7, 0xff, 0xff, 0xff, 0xff,
  0xff, 0xff, 0xd1, 0x50, 0x03, 0x00, 0x00, 0x00, 0x00, 0x00, 0x00, 0x00, 0x6e, 0xff, 0xff, 0xff,
  0xff, 0xff, 0xff, 0x8f, 0x03, 0x00, 0x00, 0x00, 0x00, 0x00, 0x00, 0x00, 0x00, 0x03, 0xe2, 0xff,
  0xff, 0xff, 0xff, 0xff, 0x92, 0x00, 0x00, 0x00, 0x00, 0x00, 0x00, 0x00, 0x00, 0x00, 0x00, 0x44,
  0xff, 0xff, 0xff, 0xff, 0xff, 0xd2, 0x05, 0x00, 0x00, 0x00, 0x00, 0x00, 0x00, 0x00, 0x00, 0x00,
  0x00, 0x92, 0xff, 0xff, 0xff, 0xff, 0xff, 0x4f, 0x00, 0x00, 0x00, 0x00, 0x00, 0x00, 0x00, 0x00,
  0x00, 0x00, 0x00, 0xcc, 0xff, 0xff, 0xff, 0xff, 0xe8, 0x01, 0x00, 0x00, 0x00, 0x00, 0x00, 0x00,
  0x00, 0x00, 0x00, 0x00, 0x00, 0xf6, 0xff, 0xff, 0xff, 0xff, 0xa3, 0x00, 0x00, 0x00, 0x00, 0x00,
  0x00, 0x00, 0x00, 0x00, 0x00, 0x00, 0x15, 0xff, 0xff, 0xff, 0xff, 0xff, 0x76, 0x00, 0x00, 0x00,
  0x00, 0x00, 0x00, 0x00, 0x00, 0x00, 0x00, 0x00, 0x26, 0xff, 0xff, 0xff, 0xff, 0xff, 0x57, 0x00,
  0x00, 0x00, 0x00, 0x00, 0x00, 0x00, 0x00, 0x00, 0x00, 0x00, 0x2f, 0xff, 0xff, 0xff, 0xff, 0xff,
  0x4a, 0x00, 0x00, 0x00, 0x00, 0x00, 0x00, 0x00, 0x00, 0x00, 0x00, 0x00, 0x32, 0xff, 0xff, 0xff,
  0xff, 0xff, 0x43, 0x00, 0x00, 0x00, 0x00, 0x00, 0x00, 0x00, 0x00, 0x00, 0x00, 0x00, 0x32, 0xff,
  0xff, 0xff, 0xff, 0xff, 0x43, 0x00, 0x00, 0x00, 0x00, 0x00, 0x00, 0x00, 0x00, 0x00, 0x00, 0x00,
  0x32, 0xff, 0xff, 0xff, 0xff, 0xff, 0x43, 0x00, 0x00, 0x00, 0x00, 0x00, 0x00, 0x00, 0x00, 0x00,
  0x00, 0x00, 0x32, 0xff, 0xff, 0xff, 0xff, 0xff, 0x43, 0x00, 0x00, 0x00, 0x00, 0x00, 0x00, 0x00,
  0x00, 0x00, 0x00, 0x00, 0x32, 0xff, 0xff, 0xff, 0xff, 0xff, 0x43, 0x00, 0x00, 0x00, 0x00, 0x00,
  0x00, 0x00, 0x00, 0x00, 0x00, 0x00, 0x32, 0xff, 0xff, 0xff, 0xff, 0xff, 0x43, 0x00, 0x00, 0x00,
  0x00, 0x00, 0x00, 0x00, 0x00, 0x00, 0x00, 0x00, 0x32, 0xff, 0xff, 0xff, 0xff, 0xff, 0x43, 0x00,
  0x00, 0x00, 0x00, 0x00, 0x00, 0x00, 0x00, 0x00, 0x00, 0x00, 0x32, 0xff, 0xff, 0xff, 0xff, 0xff,
  0x43, 0x00, 0x00, 0x00, 0x00, 0x00, 0x00, 0x00, 0x00, 0x00, 0x00, 0x00, 0x32, 0xff, 0xff, 0xff,
  0xff, 0xff, 0x43, 0x00, 0x00, 0x00, 0x00, 0x00, 0x00, 0x00, 0x00, 0x00, 0x00, 0x00, 0x32, 0xff,
  0xff, 0xff, 0xff, 0xff, 0x43, 0x00, 0x00, 0x00, 0x00, 0x00, 0x00, 0x00, 0x00, 0x00, 0x00, 0x00,
  0x32, 0xff, 0xff, 0xff, 0xff, 0xff, 0x44, 0x00, 0x00, 0x00, 0x00, 0x00, 0x00, 0x00, 0x00, 0x00,
  0x00, 0x00, 0x2b, 0xff, 0xff, 0xff, 0xff, 0xff, 0x4f, 0x00, 0x00, 0x00, 0x00, 0x00, 0x00, 0x00,
  0x00, 0x00, 0x00, 0x00, 0x21, 0xff, 0xff, 0xff, 0xff, 0xff, 0x60, 0x00, 0x00, 0x00, 0x00, 0x00,
  0x00, 0x00, 0x00, 0x00, 0x00, 0x00, 0x0a, 0xff, 0xff, 0xff, 0xff, 0xff, 0x86, 0x00, 0x00, 0x00,
  0x00, 0x00, 0x00, 0x00, 0x00, 0x00, 0x00, 0x00, 0x00, 0xe8, 0xff, 0xff, 0xff, 0xff, 0xbe, 0x00,
  0x00, 0x00, 0x00, 0x00, 0x00, 0x00, 0x00, 0x00, 0x00, 0x00, 0x00, 0xb5, 0xff, 0xff, 0xff, 0xff,
  0xfa, 0x13, 0x00, 0x00, 0x00, 0x00, 0x00, 0x00, 0x00, 0x00, 0x00, 0x00, 0x00, 0x76, 0xff, 0xff,
  0xff, 0xff, 0xff, 0x80, 0x00, 0x00, 0x00, 0x00, 0x00, 0x00, 0x00, 0x00, 0x00, 0x00, 0x00, 0x21,
  0xff, 0xff, 0xff, 0xff, 0xff, 0xf6, 0x25, 0x00, 0x00, 0x00, 0x00, 0x00, 0x00, 0x00, 0x00, 0x00,
  0x00, 0x00, 0xb7, 0xff, 0xff, 0xff, 0xff, 0xff, 0xd8, 0x15, 0x00, 0x00, 0x00, 0x00, 0x00, 0x00,
  0x00, 0x00, 0x00, 0x00, 0x39, 0xfe, 0xff, 0xff, 0xff, 0xff, 0xff, 0xe0, 0x3c, 0x00, 0x00, 0x00,
  0x00, 0x00, 0x00, 0x00, 0x00, 0x00, 0x00, 0x9d, 0xff, 0xff, 0xff, 0xff, 0xff, 0xff, 0xff, 0xb6,
  0x55, 0x11, 0x00, 0x00, 0x00, 0x00, 0x00, 0x00, 0x00, 0x0b, 0xd3, 0xff, 0xff, 0xff, 0xff, 0xff,
  0xff, 0xff, 0xff, 0xfe, 0xe2, 0xc8, 0xbe, 0xb2, 0x00, 0x00, 0x00, 0x00, 0x19, 0xd8, 0xff, 0xff,
  0xff, 0xff, 0xff, 0xff, 0xff, 0xff, 0xff, 0xff, 0xff, 0xf0, 0x00, 0x00, 0x00, 0x00, 0x00, 0x11,
  0xb6, 0xff, 0xff, 0xff, 0xff, 0xff, 0xff, 0xff, 0xff, 0xff, 0xff, 0xf0, 0x00, 0x00, 0x00, 0x00,
  0x00, 0x00, 0x00, 0x5e, 0xe1, 0xff, 0xff, 0xff, 0xff, 0xff, 0xff, 0xff, 0xff, 0xf0, 0x00, 0x00,
  0x00, 0x00, 0x00, 0x00, 0x00, 0x00, 0x06, 0x58, 0xb3, 0xf5, 0xff, 0xff, 0xff, 0xff, 0xff, 0xf0,
  0x00, 0x00, 0x00, 0x00, 0x00, 0x00, 0x00, 0x00, 0x00, 0x00, 0x00, 0x06, 0x33, 0x5d, 0x79, 0x87,
  0x8d, 0x84, 0x39, 0xf3, 0xf2, 0xea, 0xd8, 0xb9, 0x8a, 0x4d, 0x0b, 0x00, 0x00, 0x00, 0x00, 0x00,
  0x00, 0x00, 0x00, 0x00, 0x3c, 0xff, 0xff, 0xff, 0xff, 0xff, 0xff, 0xff, 0xf5, 0xa0, 0x2a, 0x00,
  0x00, 0x00, 0x00, 0x00, 0x00, 0x00, 0x3c, 0xff, 0xff, 0xff, 0xff, 0xff, 0xff, 0xff, 0xff, 0xff,
  0xfd, 0x96, 0x0d, 0x00, 0x00, 0x00, 0x00, 0x00, 0x3c, 0xff, 0xff, 0xff, 0xff, 0xff, 0xff, 0xff,
  0xff, 0xff, 0xff, 0xff, 0xd7, 0x25, 0x00, 0x00, 0x00, 0x00, 0x3c, 0xff, 0xff, 0xff, 0xff, 0xff,
  0xff, 0xff, 0xff, 0xff, 0xff, 0xff, 0xff, 0xe6, 0x25, 0x00, 0x00, 0x00, 0x14, 0x57, 0x5a, 0x67,
  0x87, 0xbb, 0xf7, 0xff, 0xff, 0xff, 0xff, 0xff, 0xff, 0xff, 0xd6, 0x0c, 0x00, 0x00, 0x00, 0x00,
  0x00, 0x00, 0x00, 0x00, 0x0f, 0x70, 0xeb, 0xff, 0xff, 0xff, 0xff, 0xff, 0xff, 0x91, 0x00, 0x00,
  0x00, 0x00, 0x00, 0x00, 0x00, 0x00, 0x00, 0x00, 0x15, 0xc1, 0xff, 0xff, 0xff, 0xff, 0xff, 0xfc,
  0x26, 0x00, 0x00, 0x00, 0x00, 0x00, 0x00, 0x00, 0x00, 0x00, 0x00, 0x0b, 0xcb, 0xff, 0xff, 0xff,
  0xff, 0xff, 0x99, 0x00, 0x00, 0x00, 0x00, 0x00, 0x00, 0x00, 0x00, 0x00, 0x00, 0x00, 0x26, 0xf7,
  0xff, 0xff, 0xff, 0xff, 0xf0, 0x07, 0x00, 0x00, 0x00, 0x00, 0x00, 0x00, 0x00, 0x00, 0x00, 0x00,
  0x00, 0x97, 0xff, 0xff, 0xff, 0xff, 0xff, 0x46, 0x00, 0x00, 0x00, 0x00, 0x00, 0x00, 0x00, 0x00,
  0x00, 0x00, 0x00, 0x33, 0xff, 0xff, 0xff, 0xff, 0xff, 0x80, 0x00, 0x00, 0x00, 0x00, 0x00, 0x00,
  0x00, 0x00, 0x00, 0x00, 0x00, 0x01, 0xec, 0xff, 0xff, 0xff, 0xff, 0xaa, 0x00, 0x00, 0x00, 0x00,
  0x00, 0x00, 0x00, 0x00, 0x00, 0x00, 0x00, 0x00, 0xc1, 0xff, 0xff, 0xff, 0xff, 0xc9, 0x00, 0x00,
  0x00, 0x00, 0x00, 0x00, 0x00, 0x00, 0x00, 0x00, 0x00, 0x00, 0xa2, 0xff, 0xff, 0xff, 0xff, 0xda,
  0x00, 0x00, 0x00, 0x00, 0x00, 0x00, 0x00, 0x00, 0x00, 0x00, 0x00, 0x00, 0x96, 0xff, 0xff, 0xff,
  0xff, 0xe3, 0x00, 0x00, 0x00, 0x00, 0x00, 0x00, 0x00, 0x00, 0x00, 0x00, 0x00, 0x00, 0x8f, 0xff,
  0xff, 0xff, 0xff, 0xe6, 0x00, 0x00, 0x00, 0x00, 0x00, 0x00, 0x00, 0x00, 0x00, 0x00, 0x00, 0x00,
  0x8f, 0xff, 0xff, 0xff, 0xff, 0xe6, 0x00, 0x00, 0x00, 0x00, 0x00, 0x00, 0x00, 0x00, 0x00, 0x00,
  0x00, 0x00, 0x8f, 0xff, 0xff, 0xff, 0xff, 0xe6, 0x00, 0x00, 0x00, 0x00, 0x00, 0x00, 0x00, 0x00,
  0x00, 0x00, 0x00, 0x00, 0x8f, 0xff, 0xff, 0xff, 0xff, 0xe6, 0x00, 0x00, 0x00, 0x00, 0x00, 0x00,
  0x00, 0x00, 0x00, 0x00, 0x00, 0x00, 0x8f, 0xff, 0xff, 0xff, 0xff, 0xe6, 0x00, 0x00, 0x00, 0x00,
  0x00, 0x00, 0x00, 0x00, 0x00, 0x00, 0x00, 0x00, 0x8f, 0xff, 0xff, 0xff, 0xff, 0xe6, 0x00, 0x00,
  0x00, 0x00, 0x00, 0x00, 0x00, 0x00, 0x00, 0x00, 0x00, 0x00, 0x8f, 0xff, 0xff, 0xff, 0xff, 0xe6,
  0x00, 0x00, 0x00, 0x00, 0x00, 0x00, 0x00, 0x00, 0x00, 0x00, 0x00, 0x00, 0x8f, 0xff, 0xff, 0xff,
  0xff, 0xe6, 0x00, 0x00, 0x00, 0x00, 0x00, 0x00, 0x00, 0x00, 0x00, 0x00, 0x00, 0x00, 0x8f, 0xff,
  0xff, 0xff, 0xff, 0xe6, 0x00, 0x00, 0x00, 0x00, 0x00, 0x00, 0x00, 0x00, 0x00, 0x00, 0x00, 0x00,
  0x8f, 0xff, 0xff, 0xff, 0xff, 0xe6, 0x00, 0x00, 0x00, 0x00, 0x00, 0x00, 0x00, 0x00, 0x00, 0x00,
  0x00, 0x00, 0x90, 0xff, 0xff, 0xff, 0xff, 0xe6, 0x00, 0x00, 0x00, 0x00, 0x00, 0x00, 0x00, 0x00,
  0x00, 0x00, 0x00, 0x00, 0x9a, 0xff, 0xff, 0xff, 0xff, 0xdf, 0x00, 0x00, 0x00, 0x00, 0x00, 0x00,
  0x00, 0x00, 0x00, 0x00, 0x00, 0x00, 0xac, 0xff, 0xff, 0xff, 0xff, 0xd5, 0x00, 0x00, 0x00, 0x00,
  0x00, 0x00, 0x00, 0x00, 0x00, 0x00, 0x00, 0x00, 0xd0, 0xff, 0xff, 0xff, 0xff, 0xbd, 0x00, 0x00,
  0x00, 0x00, 0x00, 0x00, 0x00, 0x00, 0x00, 0x00, 0x00, 0x0d, 0xfa, 0xff, 0xff, 0xff, 0xff, 0x9c,
  0x00, 0x00, 0x00, 0x00, 0x00, 0x00, 0x00, 0x00, 0x00, 0x00, 0x00, 0x56, 0xff, 0xff, 0xff, 0xff,
  0xff, 0x69, 0x00, 0x00, 0x00, 0x00, 0x00, 0x00, 0x00, 0x00, 0x00, 0x00, 0x00, 0xc7, 0xff, 0xff,
  0xff, 0xff, 0xff, 0x2a, 0x00, 0x00, 0x00, 0x00, 0x00, 0x00, 0x00, 0x00, 0x00, 0x00, 0x61, 0xff,
  0xff, 0xff, 0xff, 0xff, 0xd5, 0x00, 0x00, 0x00, 0x00, 0x00, 0x00, 0x00, 0x00, 0x00, 0x00, 0x3c,
  0xf6, 0xff, 0xff, 0xff, 0xff, 0xff, 0x6b, 0x00, 0x00, 0x00, 0x00, 0x00, 0x00, 0x00, 0x00, 0x02,
  0x67, 0xf7, 0xff, 0xff, 0xff, 0xff, 0xff, 0xe3, 0x09, 0x00, 0x00, 0x00, 0x00, 0x00, 0x00, 0x22,
  0x6e, 0xd4, 0xff, 0xff, 0xff, 0xff, 0xff, 0xff, 0xff, 0x51, 0x00, 0x00, 0x2c, 0xbd, 0xc0, 0xcd,
  0xed, 0xff, 0xff, 0xff, 0xff, 0xff, 0xff, 0xff, 0xff, 0xff, 0x92, 0x00, 0x00, 0x00, 0x3c, 0xff,
  0xff, 0xff, 0xff, 0xff, 0xff, 0xff, 0xff, 0xff, 0xff, 0xff, 0xff, 0xa3, 0x02, 0x00, 0x00, 0x00,
  0x3c, 0xff, 0xff, 0xff, 0xff, 0xff, 0xff, 0xff, 0xff, 0xff, 0xff, 0xfc, 0x7e, 0x01, 0x00, 0x00,
  0x00, 0x00, 0x3c, 0xff, 0xff, 0xff, 0xff, 0xff, 0xff, 0xff, 0xff, 0xff, 0xc2, 0x33, 0x00, 0x00,
  0x00, 0x00, 0x00, 0x00, 0x3c, 0xff, 0xff, 0xff, 0xff, 0xff, 0xff, 0xe6, 0x9b, 0x3a, 0x00, 0x00,
  0x00, 0x00, 0x00, 0x00, 0x00, 0x00, 0x21, 0x8d, 0x8c, 0x84, 0x72, 0x52, 0x24, 0x00, 0x00, 0x00,
  0x00, 0x00, 0x00, 0x00, 0x00, 0x00, 0x00, 0x00, 0x00, 0x00, 0x00, 0x00, 0x00, 0x00, 0x00, 0x00,
  0x04, 0x1d, 0x1d, 0x1d, 0x19, 0x00, 0x00, 0x00, 0x00, 0x00, 0x00, 0x00, 0x00, 0x00, 0x00, 0x00,
  0x00, 0x00, 0x00, 0x00, 0x00, 0x00, 0x2a, 0xff, 0xff, 0xff, 0xde, 0x00, 0x00, 0x00, 0x00, 0x00,
  0x00, 0x00, 0x00, 0x00, 0x00, 0x00, 0x00, 0x00, 0x29, 0x11, 0x00, 0x00, 0x2a, 0xff, 0xff, 0xff,
  0xde, 0x00, 0x00, 0x00, 0x2f, 0x0b, 0x00, 0x00, 0x00, 0x00, 0x00, 0x00, 0x00, 0x2c, 0xea, 0xcc,
  0x11, 0x00, 0x2a, 0xff, 0xff, 0xff, 0xde, 0x00, 0x00, 0x38, 0xf1, 0xc0, 0x0b, 0x00, 0x00, 0x00,
  0x00, 0x00, 0x2c, 0xea, 0xff, 0xff, 0xcc, 0x11, 0x2a, 0xff, 0xff, 0xff, 0xde, 0x00, 0x38, 0xf1,
  0xff, 0xff, 0xc0, 0x0b, 0x00, 0x00, 0x00, 0x00, 0xa6, 0xff, 0xff, 0xff, 0xff, 0xcc, 0x1c, 0xfd,
  0xff, 0xff, 0xc8, 0x2c, 0xf1, 0xff, 0xff, 0xff, 0xff, 0x5a, 0x00, 0x00, 0x00, 0x00, 0x08, 0xba,
  0xff, 0xff, 0xff, 0xff, 0x5c, 0xb7, 0xff, 0xff, 0x6b, 0xa8, 0xff, 0xff, 0xff, 0xff, 0x77, 0x00,
  0x00, 0x00, 0x00, 0x00, 0x00, 0x08, 0xba, 0xff, 0xff, 0xff, 0xce, 0x55, 0xff, 0xf8, 0x30, 0xfb,
  0xff, 0xff, 0xff, 0x77, 0x00, 0x00, 0x00, 0x00, 0x00, 0x00, 0x00, 0x00, 0x08, 0x8e, 0xf2, 0xff,
  0xff, 0x8d, 0xff, 0xe2, 0xaa, 0xff, 0xff, 0xdd, 0x60, 0x00, 0x00, 0x00, 0x00, 0x00, 0x67, 0xb7,
  0xb7, 0xb7, 0xb6, 0x7b, 0x2b, 0x74, 0xf1, 0xff, 0xff, 0xff, 0xff, 0xd4, 0x52, 0x38, 0x96, 0xb7,
  0xb7, 0xb7, 0xb7, 0x31, 0x90, 0xff, 0xff, 0xff, 0xff, 0xff, 0xfd, 0xb7, 0xf8, 0xff, 0xff, 0xff,
  0xff, 0xd9, 0xd3, 0xff, 0xff, 0xff, 0xff, 0xff, 0xff, 0x44, 0x90, 0xff, 0xff, 0xff, 0xff, 0xff,
  0xff, 0xff, 0xff, 0xff, 0xff, 0xff, 0xff, 0xff, 0xff, 0xff, 0xff, 0xff, 0xff, 0xff, 0xff, 0x44,
  0x90, 0xff, 0xff, 0xff, 0xff, 0xfb, 0xb2, 0x52, 0xea, 0xff, 0xff, 0xff, 0xff, 0xae, 0x6d, 0xcf,
  0xff, 0xff, 0xff, 0xff, 0xff, 0x44, 0x2d, 0x50, 0x50, 0x50, 0x50, 0x22, 0x68, 0xd9, 0xff, 0xfc,
  0xff, 0xff, 0xfc, 0xff, 0xb8, 0x46, 0x31, 0x50, 0x50, 0x50, 0x50, 0x15, 0x00, 0x00, 0x00, 0x00,
  0x38, 0xeb, 0xff, 0xff, 0xf9, 0x41, 0xff, 0xdb, 0x5f, 0xff, 0xff, 0xff, 0xc6, 0x11, 0x00, 0x00,
  0x00, 0x00, 0x00, 0x00, 0x00, 0x38, 0xf1, 0xff, 0xff, 0xff, 0xa0, 0x7c, 0xff, 0xff, 0x37, 0xe6,
  0xff, 0xff, 0xff, 0xcc, 0x11, 0x00, 0x00, 0x00, 0x00, 0x00, 0x38, 0xf1, 0xff, 0xff, 0xff, 0xff,
  0x30, 0xdd, 0xff, 0xff, 0x93, 0x7a, 0xff, 0xff, 0xff, 0xff, 0xcc, 0x11, 0x00, 0x00, 0x00, 0x00,
  0x9e, 0xff, 0xff, 0xff, 0xff, 0x77, 0x26, 0xff, 0xff, 0xff, 0xda, 0x08, 0xba, 0xff, 0xff, 0xff,
  0xfe, 0x54, 0x00, 0x00, 0x00, 0x00, 0x04, 0xac, 0xff, 0xff, 0x77, 0x00, 0x2a, 0xff, 0xff, 0xff,
  0xde, 0x00, 0x08, 0xba, 0xff, 0xfe, 0x66, 0x00, 0x00, 0x00, 0x00, 0x00, 0x00, 0x04, 0xab, 0x77,
  0x00, 0x00, 0x2a, 0xff, 0xff, 0xff, 0xde, 0x00, 0x00, 0x08, 0xb8, 0x66, 0x00, 0x00, 0x00, 0x00,
  0x00, 0x00, 0x00, 0x00, 0x01, 0x00, 0x00, 0x00, 0x2a, 0xff, 0xff, 0xff, 0xde, 0x00, 0x00, 0x00,
  0x01, 0x00, 0x00, 0x00, 0x00, 0x00, 0x00, 0x00, 0x00, 0x00, 0x00, 0x00, 0x00, 0x00, 0x1e, 0xb7,
  0xb7, 0xb7, 0x9f, 0x00, 0x00, 0x00, 0x00, 0x00, 0x00, 0x00, 0x00, 0x00, 0x00, 0x00, 0x00, 0x00,
  0x00, 0x00, 0x42, 0x7a, 0x7a, 0x7a, 0x7a, 0x1e, 0x00, 0x00, 0x00, 0x00, 0x00, 0x00, 0x00, 0x00,
  0x00, 0x00, 0x00, 0x00, 0x8a, 0xff, 0xff, 0xff, 0xff, 0x3f, 0x00, 0x00, 0x00, 0x00, 0x00, 0x00,
  0x00, 0x00, 0x00, 0x00, 0x00, 0x00, 0x8a, 0xff, 0xff, 0xff, 0xff, 0x3f, 0x00, 0x00, 0x00, 0x00,
  0x00, 0x00, 0x00, 0x00, 0x00, 0x00, 0x00, 0x00, 0x8a, 0xff, 0xff, 0xff, 0xff, 0x3f, 0x00, 0x00,
  0x00, 0x00, 0x00, 0x00, 0x00, 0x00, 0x00, 0x00, 0x00, 0x00, 0x8a, 0xff, 0xff, 0xff, 0xff, 0x3f,
  0x00, 0x00, 0x00, 0x00, 0x00, 0x00, 0x00, 0x00, 0x00, 0x00, 0x00, 0x00, 0x8a, 0xff, 0xff, 0xff,
  0xff, 0x3f, 0x00, 0x00, 0x00, 0x00, 0x00, 0x00, 0x16, 0x18, 0x18, 0x18, 0x18, 0x18, 0x95, 0xff,
  0xff, 0xff, 0xff, 0x51, 0x18, 0x18, 0x18, 0x18, 0x18, 0x0f, 0xed, 0xff, 0xff, 0xff, 0xff, 0xff,
  0xff, 0xff, 0xff, 0xff, 0xff, 0xff, 0xff, 0xff, 0xff, 0xff, 0xff, 0xa1, 0xed, 0xff, 0xff, 0xff,
  0xff, 0xff, 0xff, 0xff, 0xff, 0xff, 0xff, 0xff, 0xff, 0xff, 0xff, 0xff, 0xff, 0xa1, 0xed, 0xff,
  0xff, 0xff, 0xff, 0xff, 0xff, 0xff, 0xff, 0xff, 0xff, 0xff, 0xff, 0xff, 0xff, 0xff, 0xff, 0xa1,
  0xed, 0xff, 0xff, 0xff, 0xff, 0xff, 0xff, 0xff, 0xff, 0xff, 0xff, 0xff, 0xff, 0xff, 0xff, 0xff,
  0xff, 0xa1, 0xa4, 0xb1, 0xb1, 0xb1, 0xb1, 0xb1, 0xdc, 0xff, 0xff, 0xff, 0xff, 0xc4, 0xb1, 0xb1,
  0xb1, 0xb1, 0xb1, 0x6f, 0x00, 0x00, 0x00, 0x00, 0x00, 0x00, 0x8a, 0xff, 0xff, 0xff, 0xff, 0x3f,
  0x00, 0x00, 0x00, 0x00, 0x00, 0x00, 0x00, 0x00, 0x00, 0x00, 0x00, 0x00, 0x8a, 0xff, 0xff, 0xff,
  0xff, 0x3f, 0x00, 0x00, 0x00, 0x00, 0x00, 0x00, 0x00, 0x00, 0x00, 0x00, 0x00, 0x00, 0x8a, 0xff,
  0xff, 0xff, 0xff, 0x3f, 0x00, 0x00, 0x00, 0x00, 0x00, 0x00, 0x00, 0x00, 0x00, 0x00, 0x00, 0x00,
  0x8a, 0xff, 0xff, 0xff, 0xff, 0x3f, 0x00, 0x00, 0x00, 0x00, 0x00, 0x00, 0x00, 0x00, 0x00, 0x00,
  0x00, 0x00, 0x8a, 0xff, 0xff, 0xff, 0xff, 0x3f, 0x00, 0x00, 0x00, 0x00, 0x00, 0x00, 0x00, 0x00,
  0x00, 0x00, 0x00, 0x00, 0x8a, 0xff, 0xff, 0xff, 0xff, 0x3f, 0x00, 0x00, 0x00, 0x00, 0x00, 0x00,
  0x00, 0x00, 0x00, 0x00, 0x00, 0x00, 0x0a, 0x13, 0x13, 0x13, 0x13, 0x04, 0x00, 0x00, 0x00, 0x00,
  0x00, 0x00, 0x00, 0x00, 0x00, 0x1c, 0x50, 0x47, 0x0c, 0x00, 0x00, 0x00, 0x02, 0x8e, 0xfc, 0xff,
  0xff, 0xee, 0x53, 0x00, 0x00, 0x7f, 0xff, 0xff, 0xff, 0xff, 0xff, 0xfb, 0x38, 0x05, 0xf2, 0xff,
  0xff, 0xff, 0xff, 0xff, 0xff, 0xab, 0x1d, 0xff, 0xff, 0xff, 0xff, 0xff, 0xff, 0xff, 0xd3, 0x0a,
  0xf9, 0xff, 0xff, 0xff, 0xff, 0xff, 0xff, 0xd7, 0x00, 0xa1, 0xff, 0xff, 0xff, 0xff, 0xff, 0xff,
  0xd7, 0x00, 0x0e, 0xc4, 0xff, 0xff, 0xff, 0xff, 0xff, 0xd7, 0x00, 0x00, 0x03, 0x55, 0x8d, 0xb9,
  0xff, 0xff, 0xd7, 0x00, 0x00, 0x00, 0x00, 0x00, 0x8e, 0xff, 0xff, 0xd6, 0x00, 0x00, 0x73, 0xc6,
  0xcd, 0xfe, 0xff, 0xff, 0xbf, 0x00, 0x00, 0x95, 0xff, 0xff, 0xff, 0xff, 0xff, 0x67, 0x00, 0x00,
  0x95, 0xff, 0xff, 0xff, 0xff, 0x9f, 0x01, 0x00, 0x00, 0x4b, 0x80, 0x80, 0x76, 0x39, 0x00, 0x00,
  0xa9, 0xf1, 0xf1, 0xf1, 0xf1, 0xf1, 0xf1, 0xf1, 0xf1, 0xf1, 0xf1, 0xf1, 0xf1, 0x61, 0xb3, 0xff,
  0xff, 0xff, 0xff, 0xff, 0xff, 0xff, 0xff, 0xff, 0xff, 0xff, 0xff, 0x67, 0xb3, 0xff, 0xff, 0xff,
  0xff, 0xff, 0xff, 0xff, 0xff, 0xff, 0xff, 0xff, 0xff, 0x67, 0xb3, 0xff, 0xff, 0xff, 0xff, 0xff,
  0xff, 0xff, 0xff, 0xff, 0xff, 0xff, 0xff, 0x67, 0x97, 0xd8, 0xd8, 0xd8, 0xd8, 0xd8, 0xd8, 0xd8,
  0xd8, 0xd8, 0xd8, 0xd8, 0xd8, 0x57, 0x00, 0x00, 0x00, 0x25, 0x5b, 0x51, 0x11, 0x00, 0x00, 0x00,
  0x03, 0x99, 0xfe, 0xff, 0xff, 0xf3, 0x5c, 0x00, 0x00, 0x86, 0xff, 0xff, 0xff, 0xff, 0xff, 0xfd,
  0x3d, 0x05, 0xf3, 0xff, 0xff, 0xff, 0xff, 0xff, 0xff, 0xad, 0x1d, 0xff, 0xff, 0xff, 0xff, 0xff,
  0xff, 0xff, 0xd1, 0x0a, 0xfa, 0xff, 0xff, 0xff, 0xff, 0xff, 0xff, 0xb9, 0x00, 0xa5, 0xff, 0xff,
  0xff, 0xff, 0xff, 0xff, 0x59, 0x00, 0x10, 0xc7, 0xff, 0xff, 0xff, 0xff, 0x8c, 0x00, 0x00, 0x00,
  0x03, 0x56, 0x8d, 0x84, 0x37, 0x00, 0x00, 0x00, 0x00, 0x00, 0x00, 0x00, 0x00, 0x00, 0x00, 0x00,
  0x00, 0x00, 0x00, 0x38, 0x6a, 0x1a, 0x00, 0x00, 0x00, 0x00, 0x00, 0x00, 0x00, 0x00, 0x00, 0x00,
  0x00, 0x00, 0x00, 0x00, 0x00, 0x9f, 0xff, 0xfe, 0xc8, 0x77, 0x1e, 0x00, 0x00, 0x00, 0x00, 0x00,
  0x00, 0x00, 0x00, 0x00, 0x00, 0x00, 0x05, 0xee, 0xff, 0xff, 0xff, 0xff, 0x54, 0x00, 0x00, 0x00,
  0x00, 0x00, 0x00, 0x00, 0x00, 0x00, 0x00, 0x00, 0x47, 0xff, 0xff, 0xff, 0xff, 0xf6, 0x0b, 0x00,
  0x00, 0x00, 0x00, 0x00, 0x00, 0x00, 0x00, 0x00, 0x00, 0x00, 0x9b, 0xff, 0xff, 0xff, 0xff, 0xac,
  0x00, 0x00, 0x00, 0x00, 0x00, 0x00, 0x00, 0x00, 0x00, 0x00, 0x00, 0x03, 0xeb, 0xff, 0xff, 0xff,
  0xff, 0x59, 0x00, 0x00, 0x00, 0x00, 0x00, 0x00, 0x00, 0x00, 0x00, 0x00, 0x00, 0x43, 0xff, 0xff,
  0xff, 0xff, 0xf8, 0x0d, 0x00, 0x00, 0x00, 0x00, 0x00, 0x00, 0x00, 0x00, 0x00, 0x00, 0x00, 0x97,
  0xff, 0xff, 0xff, 0xff, 0xb1, 0x00, 0x00, 0x00, 0x00, 0x00, 0x00, 0x00, 0x00, 0x00, 0x00, 0x00,
  0x02, 0xe8, 0xff, 0xff, 0xff, 0xff, 0x5d, 0x00, 0x00, 0x00, 0x00, 0x00, 0x00, 0x00, 0x00, 0x00,
  0x00, 0x00, 0x3f, 0xff, 0xff, 0xff, 0xff, 0xfa, 0x10, 0x00, 0x00, 0x00, 0x00, 0x00, 0x00, 0x00,
  0x00, 0x00, 0x00, 0x00, 0x93, 0xff, 0xff, 0xff, 0xff, 0xb6, 0x00, 0x00, 0x00, 0x00, 0x00, 0x00,
  0x00, 0x00, 0x00, 0x00, 0x00, 0x01, 0xe5, 0xff, 0xff, 0xff, 0xff, 0x62, 0x00, 0x00, 0x00, 0x00,
  0x00, 0x00, 0x00, 0x00, 0x00, 0x00, 0x00, 0x3b, 0xff, 0xff, 0xff, 0xff, 0xfc, 0x14, 0x00, 0x00,
  0x00, 0x00, 0x00, 0x00, 0x00, 0x00, 0x00, 0x00, 0x00, 0x8f, 0xff, 0xff, 0xff, 0xff, 0xbb, 0x00,
  0x00, 0x00, 0x00, 0x00, 0x00, 0x00, 0x00, 0x00, 0x00, 0x00, 0x01, 0xe2, 0xff, 0xff, 0xff, 0xff,
  0x67, 0x00, 0x00, 0x00, 0x00, 0x00, 0x00, 0x00, 0x00, 0x00, 0x00, 0x00, 0x37, 0xff, 0xff, 0xff,
  0xff, 0xfd, 0x17, 0x00, 0x00, 0x00, 0x00, 0x00, 0x00, 0x00, 0x00, 0x00, 0x00, 0x00, 0x8b, 0xff,
  0xff, 0xff, 0xff, 0xc0, 0x00, 0x00, 0x00, 0x00, 0x00, 0x00, 0x00, 0x00, 0x00, 0x00, 0x00, 0x00,
  0xde, 0xff, 0xff, 0xff, 0xff, 0x6c, 0x00, 0x00, 0x00, 0x00, 0x00, 0x00, 0x00, 0x00, 0x00, 0x00,
  0x00, 0x33, 0xff, 0xff, 0xff, 0xff, 0xfe, 0x1b, 0x00, 0x00, 0x00, 0x00, 0x00, 0x00, 0x00, 0x00,
  0x00, 0x00, 0x00, 0x87, 0xff, 0xff, 0xff, 0xff, 0xc5, 0x00, 0x00, 0x00, 0x00, 0x00, 0x00, 0x00,
  0x00, 0x00, 0x00, 0x00, 0x00, 0xdb, 0xff, 0xff, 0xff, 0xff, 0x71, 0x00, 0x00, 0x00, 0x00, 0x00,
  0x00, 0x00, 0x00, 0x00, 0x00, 0x00, 0x2f, 0xff, 0xff, 0xff, 0xff, 0xff, 0x1f, 0x00, 0x00, 0x00,
  0x00, 0x00, 0x00, 0x00, 0x00, 0x00, 0x00, 0x00, 0x83, 0xff, 0xff, 0xff, 0xff, 0xca, 0x00, 0x00,
  0x00, 0x00, 0x00, 0x00, 0x00, 0x00, 0x00, 0x00, 0x00, 0x00, 0xd7, 0xff, 0xff, 0xff, 0xff, 0x76,
  0x00, 0x00, 0x00, 0x00, 0x00, 0x00, 0x00, 0x00, 0x00, 0x00, 0x00, 0x2b, 0xff, 0xff, 0xff, 0xff,
  0xff, 0x23, 0x00, 0x00, 0x00, 0x00, 0x00, 0x00, 0x00, 0x00, 0x00, 0x00, 0x00, 0x7f, 0xff, 0xff,
  0xff, 0xff, 0xcf, 0x00, 0x00, 0x00, 0x00, 0x00, 0x00, 0x00, 0x00, 0x00, 0x00, 0x00, 0x00, 0xd3,
  0xff, 0xff, 0xff, 0xff, 0x7b, 0x00, 0x00, 0x00, 0x00, 0x00, 0x00, 0x00, 0x00, 0x00, 0x00, 0x00,
  0x27, 0xff, 0xff, 0xff, 0xff, 0xff, 0x28, 0x00, 0x00, 0x00, 0x00, 0x00, 0x00, 0x00, 0x00, 0x00,
  0x00, 0x00, 0x7b, 0xff, 0xff, 0xff, 0xff, 0xd4, 0x00, 0x00, 0x00, 0x00, 0x00, 0x00, 0x00, 0x00,
  0x00, 0x00, 0x00, 0x00, 0xcf, 0xff, 0xff, 0xff, 0xff, 0x80, 0x00, 0x00, 0x00, 0x00, 0x00, 0x00,
  0x00, 0x00, 0x00, 0x00, 0x00, 0x23, 0xff, 0xff, 0xff, 0xff, 0xff, 0x2c, 0x00, 0x00, 0x00, 0x00,
  0x00, 0x00, 0x00, 0x00, 0x00, 0x00, 0x00, 0x77, 0xff, 0xff, 0xff, 0xff, 0xd9, 0x00, 0x00, 0x00,
  0x00, 0x00, 0x00, 0x00, 0x00, 0x00, 0x00, 0x00, 0x00, 0xcb, 0xff, 0xff, 0xff, 0xff, 0x85, 0x00,
  0x00, 0x00, 0x00, 0x00, 0x00, 0x00, 0x00, 0x00, 0x00, 0x00, 0x20, 0xff, 0xff, 0xff, 0xff, 0xff,
  0x31, 0x00, 0x00, 0x00, 0x00, 0x00, 0x00, 0x00, 0x00, 0x00, 0x00, 0x00, 0x73, 0xff, 0xff, 0xff,
  0xff, 0xdd, 0x00, 0x00, 0x00, 0x00, 0x00, 0x00, 0x00, 0x00, 0x00, 0x00, 0x00, 0x00, 0xc7, 0xff,
  0xff, 0xff, 0xff, 0x8a, 0x00, 0x00, 0x00, 0x00, 0x00, 0x00, 0x00, 0x00, 0x00, 0x00, 0x00, 0x1c,
  0xfe, 0xff, 0xff, 0xff, 0xff, 0x36, 0x00, 0x00, 0x00, 0x00, 0x00, 0x00, 0x00, 0x00, 0x00, 0x00,
  0x00, 0x6f, 0xff, 0xff, 0xff, 0xff, 0xe2, 0x01, 0x00, 0x00, 0x00, 0x00, 0x00, 0x00, 0x00, 0x00,
  0x00, 0x00, 0x00, 0xa4, 0xff, 0xff, 0xff, 0xff, 0x8f, 0x00, 0x00, 0x00, 0x00, 0x00, 0x00, 0x00,
  0x00, 0x00, 0x00, 0x00, 0x00, 0x00, 0x28, 0x78, 0xc8, 0xfe, 0x3b, 0x00, 0x00, 0x00, 0x00, 0x00,
  0x00, 0x00, 0x00, 0x00, 0x00, 0x00, 0x00, 0x00, 0x00, 0x00, 0x00, 0x1a, 0x01, 0x00, 0x00, 0x00,
  0x00, 0x00, 0x00, 0x00, 0x00, 0x00, 0x00, 0x00, 0x00, 0x00, 0x00, 0x00, 0x00, 0x00, 0x00, 0x39,
  0x84, 0xc5, 0xe0, 0xf4, 0xef, 0xd9, 0xb5, 0x6f, 0x1f, 0x00, 0x00, 0x00, 0x00, 0x00, 0x00, 0x00,
  0x00, 0x00, 0x00, 0x31, 0xbd, 0xff, 0xff, 0xff, 0xff, 0xff, 0xff, 0xff, 0xff, 0xff, 0xfa, 0x95,
  0x13, 0x00, 0x00, 0x00, 0x00, 0x00, 0x00, 0x00, 0x56, 0xf8, 0xff, 0xff, 0xff, 0xff, 0xff, 0xff,
  0xff, 0xff, 0xff, 0xff, 0xff, 0xff, 0xdc, 0x25, 0x00, 0x00, 0x00, 0x00, 0x00, 0x51, 0xfe, 0xff,
  0xff, 0xff, 0xff, 0xff, 0xff, 0xff, 0xff, 0xff, 0xff, 0xff, 0xff, 0xff, 0xff, 0xe9, 0x1a, 0x00,
  0x00, 0x00, 0x1d, 0xee, 0xff, 0xff, 0xff, 0xff, 0xff, 0xff, 0xff, 0xff, 0xff, 0xff, 0xff, 0xff,
  0xff, 0xff, 0xff, 0xff, 0xbd, 0x02, 0x00, 0x00, 0x9b, 0xff, 0xff, 0xff, 0xff, 0xff, 0xf8, 0x89,
  0x33, 0x13, 0x18, 0x47, 0xb2, 0xff, 0xff, 0xff, 0xff, 0xff, 0xff, 0x4f, 0x00, 0x15, 0xf7, 0xff,
  0xff, 0xff, 0xff, 0xf7, 0x44, 0x00, 0x00, 0x00, 0x00, 0x00, 0x00, 0x8e, 0xff, 0xff, 0xff, 0xff,
  0xff, 0xc0, 0x00, 0x61, 0xff, 0xff, 0xff, 0xff, 0xff, 0x81, 0x00, 0x00, 0x00, 0x00, 0x00, 0x00,
  0x00, 0x01, 0xd2, 0xff, 0xff, 0xff, 0xff, 0xff, 0x15, 0x9b, 0xff, 0xff, 0xff, 0xff, 0xfc, 0x11,
  0x00, 0x00, 0x00, 0x00, 0x00, 0x00, 0x00, 0x00, 0x5f, 0xff, 0xff, 0xff, 0xff, 0xff, 0x50, 0xce,
  0xff, 0xff, 0xff, 0xff, 0xcb, 0x00, 0x00, 0x00, 0x00, 0x00, 0x00, 0x00, 0x00, 0x00, 0x1a, 0xff,
  0xff, 0xff, 0xff, 0xff, 0x82, 0xe1, 0xff, 0xff, 0xff, 0xff, 0xa5, 0x00, 0x00, 0x00, 0x00, 0x00,
  0x00, 0x00, 0x00, 0x00, 0x00, 0xf2, 0xff, 0xff, 0xff, 0xff, 0x95, 0xf3, 0xff, 0xff, 0xff, 0xff,
  0x93, 0x00, 0x00, 0x00, 0x05, 0x30, 0x24, 0x00, 0x00, 0x00, 0x00, 0xe0, 0xff, 0xff, 0xff, 0xff,
  0xa7, 0xfc, 0xff, 0xff, 0xff, 0xff, 0x8f, 0x00, 0x00, 0x49, 0xe8, 0xff, 0xff, 0xc7, 0x1e, 0x00,
  0x00, 0xdb, 0xff, 0xff, 0xff, 0xff, 0xb0, 0xfb, 0xff, 0xff, 0xff, 0xff, 0x8f, 0x00, 0x2a, 0xf8,
  0xff, 0xff, 0xff, 0xff, 0xd2, 0x04, 0x00, 0xdb, 0xff, 0xff, 0xff, 0xff, 0xb0, 0xfb, 0xff, 0xff,
  0xff, 0xff, 0x8f, 0x00, 0x8f, 0xff, 0xff, 0xff, 0xff, 0xff, 0xff, 0x43, 0x00, 0xdb, 0xff, 0xff,
  0xff, 0xff, 0xb0, 0xfc, 0xff, 0xff, 0xff, 0xff, 0x8f, 0x00, 0xa6, 0xff, 0xff, 0xff, 0xff, 0xff,
  0xff, 0x5a, 0x00, 0xdb, 0xff, 0xff, 0xff, 0xff, 0xb0, 0xfb, 0xff, 0xff, 0xff, 0xff, 0x8f, 0x00,
  0x70, 0xff, 0xff, 0xff, 0xff, 0xff, 0xfe, 0x25, 0x00, 0xdb, 0xff, 0xff, 0xff, 0xff, 0xb0, 0xfb,
  0xff, 0xff, 0xff, 0xff, 0x8f, 0x00, 0x09, 0xcd, 0xff, 0xff, 0xff, 0xff, 0x8b, 0x00, 0x00, 0xdb,
  0xff, 0xff, 0xff, 0xff, 0xb0, 0xfa, 0xff, 0xff, 0xff, 0xff, 0x8f, 0x00, 0x00, 0x0d, 0x86, 0xca,
  0xbe, 0x61, 0x00, 0x00, 0x00, 0xdb, 0xff, 0xff, 0xff, 0xff, 0xae, 0xec, 0xff, 0xff, 0xff, 0xff,
  0x97, 0x00, 0x00, 0x00, 0x00, 0x00, 0x00, 0x00, 0x00, 0x00, 0x00, 0xe2, 0xff, 0xff, 0xff, 0xff,
  0xa0, 0xdb, 0xff, 0xff, 0xff, 0xff, 0xaa, 0x00, 0x00, 0x00, 0x00, 0x00, 0x00, 0x00, 0x00, 0x00,
  0x01, 0xf5, 0xff, 0xff, 0xff, 0xff, 0x8f, 0xc1, 0xff, 0xff, 0xff, 0xff, 0xd7, 0x00, 0x00, 0x00,
  0x00, 0x00, 0x00, 0x00, 0x00, 0x00, 0x23, 0xff, 0xff, 0xff, 0xff, 0xff, 0x75, 0x89, 0xff, 0xff,
  0xff, 0xff, 0xff, 0x24, 0x00, 0x00, 0x00, 0x00, 0x00, 0x00, 0x00, 0x00, 0x6f, 0xff, 0xff, 0xff,
  0xff, 0xff, 0x3d, 0x4d, 0xff, 0xff, 0xff, 0xff, 0xff, 0x9c, 0x00, 0x00, 0x00, 0x00, 0x00, 0x00,
  0x00, 0x09, 0xde, 0xff, 0xff, 0xff, 0xff, 0xf8, 0x09, 0x05, 0xe5, 0xff, 0xff, 0xff, 0xff, 0xff,
  0x74, 0x02, 0x00, 0x00, 0x00, 0x00, 0x10, 0xb1, 0xff, 0xff, 0xff, 0xff, 0xff, 0x9f, 0x00, 0x00,
  0x79, 0xff, 0xff, 0xff, 0xff, 0xff, 0xff, 0xdc, 0x96, 0x7b, 0x81, 0xa6, 0xef, 0xff, 0xff, 0xff,
  0xff, 0xff, 0xfe, 0x2e, 0x00, 0x00, 0x06, 0xcc, 0xff, 0xff, 0xff, 0xff, 0xff, 0xff, 0xff, 0xff,
  0xff, 0xff, 0xff, 0xff, 0xff, 0xff, 0xff, 0xff, 0x87, 0x00, 0x00, 0x00, 0x00, 0x23, 0xe4, 0xff,
  0xff, 0xff, 0xff, 0xff, 0xff, 0xff, 0xff, 0xff, 0xff, 0xff, 0xff, 0xff, 0xff, 0xb8, 0x04, 0x00,
  0x00, 0x00, 0x00, 0x00, 0x1b, 0xcc, 0xff, 0xff, 0xff, 0xff, 0xff, 0xff, 0xff, 0xff, 0xff, 0xff,
  0xff, 0xff, 0x98, 0x04, 0x00, 0x00, 0x00, 0x00, 0x00, 0x00, 0x00, 0x03, 0x5f, 0xd7, 0xff, 0xff,
  0xff, 0xff, 0xff, 0xff, 0xff, 0xfc, 0xb9, 0x38, 0x00, 0x00, 0x00, 0x00, 0x00, 0x00, 0x00, 0x00,
  0x00, 0x00, 0x00, 0x00, 0x21, 0x60, 0x7a, 0x8e, 0x89, 0x74, 0x51, 0x10, 0x00, 0x00, 0x00, 0x00,
  0x00, 0x00, 0x00, 0x00, 0x00, 0x00, 0x1a, 0x66, 0x66, 0x66, 0x66, 0x66, 0x66, 0x66, 0x66, 0x66,
  0x66, 0x40, 0x00, 0x00, 0x00, 0x00, 0x00, 0x00, 0x00, 0x00, 0x00, 0x00, 0x76, 0xff, 0xff, 0xff,
  0xff, 0xff, 0xff, 0xff, 0xff, 0xff, 0xff, 0xa1, 0x00, 0x00, 0x00, 0x00, 0x00, 0x00, 0x00, 0x00,
  0x00, 0x00, 0xbf, 0xff, 0xff, 0xff, 0xff, 0xff, 0xff, 0xff, 0xff, 0xff, 0xff, 0xa1, 0x00, 0x00,
  0x00, 0x00, 0x00, 0x00, 0x00, 0x00, 0x00, 0x0d, 0xfa, 0xff, 0xff, 0xff, 0xff, 0x86, 0xf1, 0xff,
  0xff, 0xff, 0xff, 0xa1, 0x00, 0x00, 0x00, 0x00, 0x00, 0x00, 0x00, 0x00, 0x00, 0x51, 0xff, 0xff,
  0xff, 0xff, 0xf9, 0x0b, 0xe9, 0xff, 0xff, 0xff, 0xff, 0xa1, 0x00, 0x00, 0x00, 0x00, 0x00, 0x00,
  0x00, 0x00, 0x00, 0x9a, 0xff, 0xff, 0xff, 0xff, 0xbe, 0x00, 0xe9, 0xff, 0xff, 0xff, 0xff, 0xa1,
  0x00, 0x00, 0x00, 0x00, 0x00, 0x00, 0x00, 0x00, 0x00, 0xe3, 0xff, 0xff, 0xff, 0xff, 0x78, 0x00,
  0xe9, 0xff, 0xff, 0xff, 0xff, 0xa1, 0x00, 0x00, 0x00, 0x00, 0x00, 0x00, 0x00, 0x00, 0x2d, 0xff,
  0xff, 0xff, 0xff, 0xff, 0x32, 0x00, 0xe9, 0xff, 0xff, 0xff, 0xff, 0xa1, 0x00, 0x00, 0x00, 0x00,
  0x00, 0x00, 0x00, 0x00, 0x76, 0xff, 0xff, 0xff, 0xff, 0xea, 0x01, 0x00, 0xe9, 0xff, 0xff, 0xff,
  0xff, 0xa1, 0x00, 0x00, 0x00, 0x00, 0x00, 0x00, 0x00, 0x00, 0xbf, 0xff, 0xff, 0xff, 0xff, 0xa5,
  0x00, 0x00, 0xe9, 0xff, 0xff, 0xff, 0xff, 0xa1, 0x00, 0x00, 0x00, 0x00, 0x00, 0x00, 0x00, 0x0d,
  0xfa, 0xff, 0xff, 0xff, 0xff, 0x5f, 0x00, 0x00, 0xe9, 0xff, 0xff, 0xff, 0xff, 0xa1, 0x00, 0x00,
  0x00, 0x00, 0x00, 0x00, 0x00, 0x51, 0xff, 0xff, 0xff, 0xff, 0xff, 0x19, 0x00, 0x00, 0xe9, 0xff,
  0xff, 0xff, 0xff, 0xa1, 0x00, 0x00, 0x00, 0x00, 0x00, 0x00, 0x00, 0x9a, 0xff, 0xff, 0xff, 0xff,
  0xd2, 0x00, 0x00, 0x00, 0xe9, 0xff, 0xff, 0xff, 0xff, 0xa1, 0x00, 0x00, 0x00, 0x00, 0x00, 0x00,
  0x00, 0x54, 0x73, 0x73, 0x73, 0x73, 0x47, 0x00, 0x00, 0x00, 0xe9, 0xff, 0xff, 0xff, 0xff, 0xa1,
  0x00, 0x00, 0x00, 0x00, 0x00, 0x00, 0x00, 0x00, 0x00, 0x00, 0x00, 0x00, 0x00, 0x00, 0x00, 0x00,
  0xe9, 0xff, 0xff, 0xff, 0xff, 0xa1, 0x00, 0x00, 0x00, 0x00, 0x00, 0x00, 0x00, 0x00, 0x00, 0x00,
  0x00, 0x00, 0x00, 0x00, 0x00, 0x00, 0xe9, 0xff, 0xff, 0xff, 0xff, 0xa1, 0x00, 0x00, 0x00, 0x00,
  0x00, 0x00, 0x00, 0x00, 0x00, 0x00, 0x00, 0x00, 0x00, 0x00, 0x00, 0x00, 0xe9, 0xff, 0xff, 0xff,
  0xff, 0xa1, 0x00, 0x00, 0x00, 0x00, 0x00, 0x00, 0x00, 0x00, 0x00, 0x00, 0x00, 0x00, 0x00, 0x00,
  0x00, 0x00, 0xe9, 0xff, 0xff, 0xff, 0xff, 0xa1, 0x00, 0x00, 0x00, 0x00, 0x00, 0x00, 0x00, 0x00,
  0x00, 0x00, 0x00, 0x00, 0x00, 0x00, 0x00, 0x00, 0xe9, 0xff, 0xff, 0xff, 0xff, 0xa1, 0x00, 0x00,
  0x00, 0x00, 0x00, 0x00, 0x00, 0x00, 0x00, 0x00, 0x00, 0x00, 0x00, 0x00, 0x00, 0x00, 0xe9, 0xff,
  0xff, 0xff, 0xff, 0xa1, 0x00, 0x00, 0x00, 0x00, 0x00, 0x00, 0x00, 0x00, 0x00, 0x00, 0x00, 0x00,
  0x00, 0x00, 0x00, 0x00, 0xe9, 0xff, 0xff, 0xff, 0xff, 0xa1, 0x00, 0x00, 0x00, 0x00, 0x00, 0x00,
  0x00, 0x00, 0x00, 0x00, 0x00, 0x00, 0x00, 0x00, 0x00, 0x00, 0xe9, 0xff, 0xff, 0xff, 0xff, 0xa1,
  0x00, 0x00, 0x00, 0x00, 0x00, 0x00, 0x00, 0x00, 0x00, 0x00, 0x00, 0x00, 0x00, 0x00, 0x00, 0x00,
  0xe9, 0xff, 0xff, 0xff, 0xff, 0xa1, 0x00, 0x00, 0x00, 0x00, 0x00, 0x00, 0x00, 0x00, 0x00, 0x00,
  0x00, 0x00, 0x00, 0x00, 0x00, 0x00, 0xe9, 0xff, 0xff, 0xff, 0xff, 0xa1, 0x00, 0x00, 0x00, 0x00,
  0x00, 0x00, 0x00, 0x11, 0x4a, 0x4a, 0x4a, 0x4a, 0x4a, 0x4a, 0x4a, 0x4a, 0xf0, 0xff, 0xff, 0xff,
  0xff, 0xbd, 0x4a, 0x4a, 0x4a, 0x4a, 0x4a, 0x4a, 0x46, 0x3a, 0xff, 0xff, 0xff, 0xff, 0xff, 0xff,
  0xff, 0xff, 0xff, 0xff, 0xff, 0xff, 0xff, 0xff, 0xff, 0xff, 0xff, 0xff, 0xff, 0xff, 0xf0, 0x3a,
  0xff, 0xff, 0xff, 0xff, 0xff, 0xff, 0xff, 0xff, 0xff, 0xff, 0xff, 0xff, 0xff, 0xff, 0xff, 0xff,
  0xff, 0xff, 0xff, 0xff, 0xf0, 0x3a, 0xff, 0xff, 0xff, 0xff, 0xff, 0xff, 0xff, 0xff, 0xff, 0xff,
  0xff, 0xff, 0xff, 0xff, 0xff, 0xff, 0xff, 0xff, 0xff, 0xff, 0xf0, 0x3a, 0xff, 0xff, 0xff, 0xff,
  0xff, 0xff, 0xff, 0xff, 0xff, 0xff, 0xff, 0xff, 0xff, 0xff, 0xff, 0xff, 0xff, 0xff, 0xff, 0xff,
  0xf0, 0x3a, 0xff, 0xff, 0xff, 0xff, 0xff, 0xff, 0xff, 0xff, 0xff, 0xff, 0xff, 0xff, 0xff, 0xff,
  0xff, 0xff, 0xff, 0xff, 0xff, 0xff, 0xf0, 0x00, 0x00, 0x00, 0x00, 0x00, 0x00, 0x20, 0x77, 0xb8,
  0xe2, 0xf4, 0xf7, 0xeb, 0xcb, 0x9b, 0x51, 0x05, 0x00, 0x00, 0x00, 0x00, 0x00, 0x00, 0x00, 0x00,
  0x00, 0x10, 0x9b, 0xfb, 0xff, 0xff, 0xff, 0xff, 0xff, 0xff, 0xff, 0xff, 0xff, 0xe3, 0x5b, 0x00,
  0x00, 0x00, 0x00, 0x00, 0x00, 0x00, 0x2c, 0xe2, 0xff, 0xff, 0xff, 0xff, 0xff, 0xff, 0xff, 0xff,
  0xff, 0xff, 0xff, 0xff, 0xff, 0xa2, 0x05, 0x00, 0x00, 0x00, 0x00, 0x24, 0xec, 0xff, 0xff, 0xff,
  0xff, 0xff, 0xff, 0xff, 0xff, 0xff, 0xff, 0xff, 0xff, 0xff, 0xff, 0xff, 0xa2, 0x00, 0x00, 0x00,
  0x03, 0xce, 0xff, 0xff, 0xff, 0xff, 0xff, 0xff, 0xff, 0xff, 0xff, 0xff, 0xff, 0xff, 0xff, 0xff,
  0xff, 0xff, 0xff, 0x57, 0x00, 0x00, 0x66, 0xff, 0xff, 0xff, 0xff, 0xff, 0xff, 0xed, 0x90, 0x5e,
  0x53, 0x6c, 0xb3, 0xfd, 0xff, 0xff, 0xff, 0xff, 0xff, 0xda, 0x01, 0x00, 0xd7, 0xff, 0xff, 0xff,
  0xff, 0xff, 0xb7, 0x0f, 0x00, 0x00, 0x00, 0x00, 0x00, 0x43, 0xf4, 0xff, 0xff, 0xff, 0xff, 0xff,
  0x3b, 0x28, 0xff, 0xff, 0xff, 0xff, 0xff, 0xda, 0x0a, 0x00, 0x00, 0x00, 0x00, 0x00, 0x00, 0x00,
  0x66, 0xff, 0xff, 0xff, 0xff, 0xff, 0x79, 0x5e, 0xff, 0xff, 0xff, 0xff, 0xff, 0x66, 0x00, 0x00,
  0x00, 0x00, 0x00, 0x00, 0x00, 0x00, 0x0a, 0xfb, 0xff, 0xff, 0xff, 0xff, 0x9a, 0x7a, 0xff, 0xff,
  0xff, 0xff, 0xff, 0x24, 0x00, 0x00, 0x00, 0x00, 0x00, 0x00, 0x00, 0x00, 0x00, 0xec, 0xff, 0xff,
  0xff, 0xff, 0xa4, 0x85, 0xff, 0xff, 0xff, 0xff, 0xff, 0x0b, 0x00, 0x00, 0x00, 0x00, 0x00, 0x00,
  0x00, 0x00, 0x0a, 0xfd, 0xff, 0xff, 0xff, 0xff, 0x95, 0x85, 0xff, 0xff, 0xff, 0xff, 0xff, 0x05,
  0x00, 0x00, 0x00, 0x00, 0x00, 0x00, 0x00, 0x00, 0x60, 0xff, 0xff, 0xff, 0xff, 0xff, 0x7b, 0x51,
  0x9c, 0x9c, 0x9c, 0x9c, 0x9c, 0x03, 0x00, 0x00, 0x00, 0x00, 0x00, 0x00, 0x00, 0x39, 0xef, 0xff,
  0xff, 0xff, 0xff, 0xff, 0x41, 0x00, 0x00, 0x00, 0x00, 0x00, 0x00, 0x00, 0x00, 0x00, 0x00, 0x00,
  0x00, 0x2d, 0x95, 0xfb, 0xff, 0xff, 0xff, 0xff, 0xff, 0xe4, 0x05, 0x00, 0x00, 0x00, 0x00, 0x00,
  0x00, 0x00, 0x00, 0x10, 0x53, 0x9a, 0xdd, 0xff, 0xff, 0xff, 0xff, 0xff, 0xff, 0xff, 0xff, 0x6e,
  0x00, 0x00, 0x00, 0x00, 0x00, 0x00, 0x03, 0x51, 0xba, 0xfc, 0xff, 0xff, 0xff, 0xff, 0xff, 0xff,
  0xff, 0xff, 0xff, 0xff, 0xbf, 0x02, 0x00, 0x00, 0x00, 0x00, 0x00, 0x56, 0xe0, 0xff, 0xff, 0xff,
  0xff, 0xff, 0xff, 0xff, 0xff, 0xff, 0xff, 0xff, 0xff, 0xc1, 0x0d, 0x00, 0x00, 0x00, 0x00, 0x02,
  0x98, 0xff, 0xff, 0xff, 0xff, 0xff, 0xff, 0xff, 0xff, 0xff, 0xff, 0xff, 0xff, 0xf6, 0x79, 0x04,
  0x00, 0x00, 0x00, 0x00, 0x00, 0x8d, 0xff, 0xff, 0xff, 0xff, 0xff, 0xff, 0xff, 0xff, 0xff, 0xff,
  0xff, 0xd6, 0x79, 0x13, 0x00, 0x00, 0x00, 0x00, 0x00, 0x00, 0x38, 0xfe, 0xff, 0xff, 0xff, 0xff,
  0xff, 0xff, 0xff, 0xec, 0xa6, 0x66, 0x20, 0x00, 0x00, 0x00, 0x00, 0x00, 0x00, 0x00, 0x00, 0x00,
  0xac, 0xff, 0xff, 0xff, 0xff, 0xff, 0xff, 0xbe, 0x49, 0x03, 0x00, 0x00, 0x00, 0x00, 0x00, 0x00,
  0x00, 0x00, 0x00, 0x00, 0x00, 0x03, 0xf5, 0xff, 0xff, 0xff, 0xff, 0xff, 0x6a, 0x00, 0x00, 0x00,
  0x00, 0x00, 0x00, 0x00, 0x00, 0x00, 0x00, 0x00, 0x00, 0x00, 0x00, 0x26, 0xff, 0xff, 0xff, 0xff,
  0xff, 0xa9, 0x00, 0x00, 0x00, 0x00, 0x00, 0x00, 0x00, 0x00, 0x00, 0x00, 0x00, 0x00, 0x00, 0x00,
  0x00, 0x3c, 0xff, 0xff, 0xff, 0xff, 0xff, 0x5c, 0x00, 0x00, 0x00, 0x00, 0x00, 0x00, 0x00, 0x00,
  0x00, 0x00, 0x00, 0x00, 0x00, 0x00, 0x00, 0x44, 0xff, 0xff, 0xff, 0xff, 0xff, 0x7d, 0x4a, 0x4a,
  0x4a, 0x4a, 0x4a, 0x4a, 0x4a, 0x4a, 0x4a, 0x4a, 0x4a, 0x4a, 0x4a, 0x4a, 0x1d, 0x45, 0xff, 0xff,
  0xff, 0xff, 0xff, 0xff, 0xff, 0xff, 0xff, 0xff, 0xff, 0xff, 0xff, 0xff, 0xff, 0xff, 0xff, 0xff,
  0xff, 0xff, 0x64, 0x45, 0xff, 0xff, 0xff, 0xff, 0xff, 0xff, 0xff, 0xff, 0xff, 0xff, 0xff, 0xff,
  0xff, 0xff, 0xff, 0xff, 0xff, 0xff, 0xff, 0xff, 0x64, 0x45, 0xff, 0xff, 0xff, 0xff, 0xff, 0xff,
  0xff, 0xff, 0xff, 0xff, 0xff, 0xff, 0xff, 0xff, 0xff, 0xff, 0xff, 0xff, 0xff, 0xff, 0x64, 0x45,
  0xff, 0xff, 0xff, 0xff, 0xff, 0xff, 0xff, 0xff, 0xff, 0xff, 0xff, 0xff, 0xff, 0xff, 0xff, 0xff,
  0xff, 0xff, 0xff, 0xff, 0x64, 0x45, 0xff, 0xff, 0xff, 0xff, 0xff, 0xff, 0xff, 0xff, 0xff, 0xff,
  0xff, 0xff, 0xff, 0xff, 0xff, 0xff, 0xff, 0xff, 0xff, 0xff, 0x64, 0x20, 0x66, 0x66, 0x66, 0x66,
  0x66, 0x66, 0x66, 0x66, 0x66, 0x66, 0x66, 0x66, 0x66, 0x66, 0x66, 0x66, 0x66, 0x66, 0x56, 0x00,
  0x00, 0x4f, 0xff, 0xff, 0xff, 0xff, 0xff, 0xff, 0xff, 0xff, 0xff, 0xff, 0xff, 0xff, 0xff, 0xff,
  0xff, 0xff, 0xff, 0xff, 0xd7, 0x00, 0x00, 0x4f, 0xff, 0xff, 0xff, 0xff, 0xff, 0xff, 0xff, 0xff,
  0xff, 0xff, 0xff, 0xff, 0xff, 0xff, 0xff, 0xff, 0xff, 0xff, 0xd7, 0x00, 0x00, 0x4f, 0xff, 0xff,
  0xff, 0xff, 0xff, 0xff, 0xff, 0xff, 0xff, 0xff, 0xff, 0xff, 0xff, 0xff, 0xff, 0xff, 0xff, 0xff,
  0xd7, 0x00, 0x00, 0x4f, 0xff, 0xff, 0xff, 0xff, 0xff, 0xff, 0xff, 0xff, 0xff, 0xff, 0xff, 0xff,
  0xff, 0xff, 0xff, 0xff, 0xff, 0xff, 0xd7, 0x00, 0x00, 0x47, 0xe4, 0xe4, 0xe4, 0xe4, 0xe4, 0xe4,
  0xe4, 0xe4, 0xe4, 0xe4, 0xe4, 0xe4, 0xe4, 0xe4, 0xf7, 0xff, 0xff, 0xff, 0xd7, 0x00, 0x00, 0x00,
  0x00, 0x00, 0x00, 0x00, 0x00, 0x00, 0x00, 0x00, 0x00, 0x00, 0x00, 0x00, 0x00, 0x21, 0xca, 0xff,
  0xff, 0xff, 0xd7, 0x00, 0x00, 0x00, 0x00, 0x00, 0x00, 0x00, 0x00, 0x00, 0x00, 0x00, 0x00, 0x0c,
  0x4d, 0x94, 0xda, 0xff, 0xff, 0xff, 0xff, 0xff, 0xd7, 0x00, 0x00, 0x00, 0x00, 0x00, 0x00, 0x00,
  0x00, 0x00, 0x00, 0x79, 0xc0, 0xfa, 0xff, 0xff, 0xff, 0xff, 0xff, 0xff, 0xff, 0xff, 0xd7, 0x00,
  0x00, 0x00, 0x00, 0x00, 0x00, 0x00, 0x00, 0x00, 0x01, 0xff, 0xff, 0xff, 0xff, 0xff, 0xff, 0xff,
  0xff, 0xff, 0xff, 0xff, 0xcb, 0x00, 0x00, 0x00, 0x00, 0x00, 0x00, 0x00, 0x00, 0x00, 0x01, 0xff,
  0xff, 0xff, 0xff, 0xff, 0xff, 0xff, 0xff, 0xcf, 0x85, 0x3a, 0x03, 0x00, 0x00, 0x00, 0x00, 0x00,
  0x00, 0x00, 0x00, 0x00, 0x01, 0xff, 0xff, 0xff, 0xff, 0xf2, 0xae, 0x63, 0x1a, 0x00, 0x00, 0x00,
  0x00, 0x00, 0x00, 0x00, 0x00, 0x00, 0x00, 0x00, 0x00, 0x00, 0x01, 0xff, 0xff, 0xff, 0xff, 0x2e,
  0x1c, 0x06, 0x00, 0x00, 0x00, 0x00, 0x00, 0x00, 0x00, 0x00, 0x00, 0x00, 0x00, 0x00, 0x00, 0x00,
  0x01, 0xff, 0xff, 0xff, 0xff, 0xff, 0xff, 0xfc, 0xcc, 0x78, 0x12, 0x00, 0x00, 0x00, 0x00, 0x00,
  0x00, 0x00, 0x00, 0x00, 0x00, 0x00, 0x01, 0xff, 0xff, 0xff, 0xff, 0xff, 0xff, 0xff, 0xff, 0xff,
  0xef, 0x5a, 0x00, 0x00, 0x00, 0x00, 0x00, 0x00, 0x00, 0x00, 0x00, 0x00, 0x01, 0xff, 0xff, 0xff,
  0xff, 0xff, 0xff, 0xff, 0xff, 0xff, 0xff, 0xff, 0x6c, 0x00, 0x00, 0x00, 0x00, 0x00, 0x00, 0x00,
  0x00, 0x00, 0x01, 0xff, 0xff, 0xff, 0xff, 0xff, 0xff, 0xff, 0xff, 0xff, 0xff, 0xff, 0xfc, 0x36,
  0x00, 0x00, 0x00, 0x00, 0x00, 0x00, 0x00, 0x00, 0x00, 0x66, 0x66, 0x66, 0x6a, 0x84, 0xc9, 0xff,
  0xff, 0xff, 0xff, 0xff, 0xff, 0xba, 0x00, 0x18, 0x2c, 0x2c, 0x2c, 0x2c, 0x2b, 0x00, 0x00, 0x00,
  0x00, 0x00, 0x00, 0x00, 0x00, 0x53, 0xf8, 0xff, 0xff, 0xff, 0xff, 0xfd, 0x12, 0x90, 0xff, 0xff,
  0xff, 0xff, 0xfa, 0x00, 0x00, 0x00, 0x00, 0x00, 0x00, 0x00, 0x00, 0x00, 0x8a, 0xff, 0xff, 0xff,
  0xff, 0xff, 0x40, 0x8f, 0xff, 0xff, 0xff, 0xff, 0xfd, 0x01, 0x00, 0x00, 0x00, 0x00, 0x00, 0x00,
  0x00, 0x00, 0x42, 0xff, 0xff, 0xff, 0xff, 0xff, 0x54, 0x81, 0xff, 0xff, 0xff, 0xff, 0xff, 0x1f,
  0x00, 0x00, 0x00, 0x00, 0x00, 0x00, 0x00, 0x00, 0x39, 0xff, 0xff, 0xff, 0xff, 0xff, 0x56, 0x5d,
  0xff, 0xff, 0xff, 0xff, 0xff, 0x74, 0x00, 0x00, 0x00, 0x00, 0x00, 0x00, 0x00, 0x00, 0x67, 0xff,
  0xff, 0xff, 0xff, 0xff, 0x47, 0x1f, 0xff, 0xff, 0xff, 0xff, 0xff, 0xee, 0x21, 0x00, 0x00, 0x00,
  0x00, 0x00, 0x00, 0x0b, 0xd8, 0xff, 0xff, 0xff, 0xff, 0xff, 0x1e, 0x00, 0xc0, 0xff, 0xff, 0xff,
  0xff, 0xff, 0xe4, 0x4b, 0x01, 0x00, 0x00, 0x00, 0x28, 0xc3, 0xff, 0xff, 0xff, 0xff, 0xff, 0xd9,
  0x00, 0x00, 0x40, 0xff, 0xff, 0xff, 0xff, 0xff, 0xff, 0xff, 0xea, 0xc1, 0xba, 0xd7, 0xfe, 0xff,
  0xff, 0xff, 0xff, 0xff, 0xff, 0x74, 0x00, 0x00, 0x00, 0x94, 0xff, 0xff, 0xff, 0xff, 0xff, 0xff,
  0xff, 0xff, 0xff, 0xff, 0xff, 0xff, 0xff, 0xff, 0xff, 0xff, 0xdd, 0x0a, 0x00, 0x00, 0x00, 0x04,
  0xaf, 0xff, 0xff, 0xff, 0xff, 0xff, 0xff, 0xff, 0xff, 0xff, 0xff, 0xff, 0xff, 0xff, 0xff, 0xf3,
  0x32, 0x00, 0x00, 0x00, 0x00, 0x00, 0x02, 0x86, 0xfc, 0xff, 0xff, 0xff, 0xff, 0xff, 0xff, 0xff,
  0xff, 0xff, 0xff, 0xff, 0xe0, 0x33, 0x00, 0x00, 0x00, 0x00, 0x00, 0x00, 0x00, 0x00, 0x2f, 0xaa,
  0xf9, 0xff, 0xff, 0xff, 0xff, 0xff, 0xff, 0xff, 0xe9, 0x7f, 0x0b, 0x00, 0x00, 0x00, 0x00, 0x00,
  0x00, 0x00, 0x00, 0x00, 0x00, 0x00, 0x0e, 0x4b, 0x77, 0x8b, 0x92, 0x87, 0x68, 0x37, 0x02, 0x00,
  0x00, 0x00, 0x00, 0x00, 0x00, 0x00, 0x00, 0x00, 0x00, 0x00, 0x00, 0x00, 0x00, 0x24, 0x66, 0x66,
  0x66, 0x66, 0x66, 0x66, 0x66, 0x66, 0x66, 0x66, 0x18, 0x00, 0x00, 0x00, 0x00, 0x00, 0x00, 0x00,
  0x00, 0x00, 0x00, 0x00, 0x00, 0xb5, 0xff, 0xff, 0xff, 0xff, 0xff, 0xff, 0xff, 0xff, 0xff, 0xff,
  0x3e, 0x00, 0x00, 0x00, 0x00, 0x00, 0x00, 0x00, 0x00, 0x00, 0x00, 0x00, 0x36, 0xff, 0xff, 0xff,
  0xff, 0xff, 0xff, 0xff, 0xff, 0xff, 0xff, 0xff, 0x3e, 0x00, 0x00, 0x00, 0x00, 0x00, 0x00, 0x00,
  0x00, 0x00, 0x00, 0x00, 0xb7, 0xff, 0xff, 0xff, 0xff, 0xdd, 0x8f, 0xff, 0xff, 0xff, 0xff, 0xff,
  0x3e, 0x00, 0x00, 0x00, 0x00, 0x00, 0x00, 0x00, 0x00, 0x00, 0x00, 0x37, 0xff, 0xff, 0xff, 0xff,
  0xff, 0x60, 0x4c, 0xff, 0xff, 0xff, 0xff, 0xff, 0x3e, 0x00, 0x00, 0x00, 0x00, 0x00, 0x00, 0x00,
  0x00, 0x00, 0x00, 0xb8, 0xff, 0xff, 0xff, 0xff, 0xdb, 0x03, 0x4c, 0xff, 0xff, 0xff, 0xff, 0xff,
  0x3e, 0x00, 0x00, 0x00, 0x00, 0x00, 0x00, 0x00, 0x00, 0x00, 0x38, 0xff, 0xff, 0xff, 0xff, 0xff,
  0x5e, 0x00, 0x4c, 0xff, 0xff, 0xff, 0xff, 0xff, 0x3e, 0x00, 0x00, 0x00, 0x00, 0x00, 0x00, 0x00,
  0x00, 0x00, 0xb9, 0xff, 0xff, 0xff, 0xff, 0xda, 0x03, 0x00, 0x4c, 0xff, 0xff, 0xff, 0xff, 0xff,
  0x3e, 0x00, 0x00, 0x00, 0x00, 0x00, 0x00, 0x00, 0x00, 0x3a, 0xff, 0xff, 0xff, 0xff, 0xff, 0x5d,
  0x00, 0x00, 0x4c, 0xff, 0xff, 0xff, 0xff, 0xff, 0x3e, 0x00, 0x00, 0x00, 0x00, 0x00, 0x00, 0x00,
  0x00, 0xba, 0xff, 0xff, 0xff, 0xff, 0xd9, 0x03, 0x00, 0x00, 0x4c, 0xff, 0xff, 0xff, 0xff, 0xff,
  0x3e, 0x00, 0x00, 0x00, 0x00, 0x00, 0x00, 0x00, 0x3b, 0xff, 0xff, 0xff, 0xff, 0xff, 0x5b, 0x00,
  0x00, 0x00, 0x4c, 0xff, 0xff, 0xff, 0xff, 0xff, 0x3e, 0x00, 0x00, 0x00, 0x00, 0x00, 0x00, 0x00,
  0xbc, 0xff, 0xff, 0xff, 0xff, 0xd8, 0x02, 0x00, 0x00, 0x00, 0x4c, 0xff, 0xff, 0xff, 0xff, 0xff,
  0x3e, 0x00, 0x00, 0x00, 0x00, 0x00, 0x00, 0x3c, 0xff, 0xff, 0xff, 0xff, 0xff, 0x5a, 0x00, 0x00,
  0x00, 0x00, 0x4c, 0xff, 0xff, 0xff, 0xff, 0xff, 0x3e, 0x00, 0x00, 0x00, 0x00, 0x00, 0x00, 0xbd,
  0xff, 0xff, 0xff, 0xff, 0xd7, 0x02, 0x00, 0x00, 0x00, 0x00, 0x4c, 0xff, 0xff, 0xff, 0xff, 0xff,
  0x3e, 0x00, 0x00, 0x00, 0x00, 0x00, 0x3d, 0xff, 0xff, 0xff, 0xff, 0xff, 0x59, 0x00, 0x00, 0x00,
  0x00, 0x00, 0x4c, 0xff, 0xff, 0xff, 0xff, 0xff, 0x3e, 0x00, 0x00, 0x00, 0x00, 0x00, 0xbe, 0xff,
  0xff, 0xff, 0xff, 0xd6, 0x02, 0x00, 0x00, 0x00, 0x00, 0x00, 0x4c, 0xff, 0xff, 0xff, 0xff, 0xff,
  0x3e, 0x00, 0x00, 0x00, 0x00, 0x3d, 0xff, 0xff, 0xff, 0xff, 0xff, 0x57, 0x00, 0x00, 0x00, 0x00,
  0x00, 0x00, 0x4c, 0xff, 0xff, 0xff, 0xff, 0xff, 0x3e, 0x00, 0x00, 0x00, 0x00, 0x67, 0xff, 0xff,
  0xff, 0xff, 0xd5, 0x02, 0x00, 0x00, 0x00, 0x00, 0x00, 0x00, 0x4c, 0xff, 0xff, 0xff, 0xff, 0xff,
  0x3e, 0x00, 0x00, 0x00, 0x00, 0x67, 0xff, 0xff, 0xff, 0xff, 0x6d, 0x00, 0x00, 0x00, 0x00, 0x00,
  0x00, 0x00, 0x4c, 0xff, 0xff, 0xff, 0xff, 0xff, 0x3e, 0x00, 0x00, 0x00, 0x00, 0x67, 0xff, 0xff,
  0xff, 0xff, 0xe6, 0xd6, 0xd6, 0xd6, 0xd6, 0xd6, 0xd6, 0xd6, 0xe2, 0xff, 0xff, 0xff, 0xff, 0xff,
  0xe0, 0xd6, 0xd6, 0xd6, 0x71, 0x67, 0xff, 0xff, 0xff, 0xff, 0xff, 0xff, 0xff, 0xff, 0xff, 0xff,
  0xff, 0xff, 0xff, 0xff, 0xff, 0xff, 0xff, 0xff, 0xff, 0xff, 0xff, 0xff, 0x87, 0x67, 0xff, 0xff,
  0xff, 0xff, 0xff, 0xff, 0xff, 0xff, 0xff, 0xff, 0xff, 0xff, 0xff, 0xff, 0xff, 0xff, 0xff, 0xff,
  0xff, 0xff, 0xff, 0xff, 0x87, 0x67, 0xff, 0xff, 0xff, 0xff, 0xff, 0xff, 0xff, 0xff, 0xff, 0xff,
  0xff, 0xff, 0xff, 0xff, 0xff, 0xff, 0xff, 0xff, 0xff, 0xff, 0xff, 0xff, 0x87, 0x67, 0xff, 0xff,
  0xff, 0xff, 0xff, 0xff, 0xff, 0xff, 0xff, 0xff, 0xff, 0xff, 0xff, 0xff, 0xff, 0xff, 0xff, 0xff,
  0xff, 0xff, 0xff, 0xff, 0x87, 0x2f, 0x74, 0x74, 0x74, 0x74, 0x74, 0x74, 0x74, 0x74, 0x74, 0x74,
  0x74, 0x74, 0x9e, 0xff, 0xff, 0xff, 0xff, 0xff, 0x96, 0x74, 0x74, 0x74, 0x3d, 0x00, 0x00, 0x00,
  0x00, 0x00, 0x00, 0x00, 0x00, 0x00, 0x00, 0x00, 0x00, 0x00, 0x4c, 0xff, 0xff, 0xff, 0xff, 0xff,
  0x3e, 0x00, 0x00, 0x00, 0x00, 0x00, 0x00, 0x00, 0x00, 0x00, 0x00, 0x00, 0x00, 0x00, 0x00, 0x00,
  0x00, 0x00, 0x4c, 0xff, 0xff, 0xff, 0xff, 0xff, 0x3e, 0x00, 0x00, 0x00, 0x00, 0x00, 0x00, 0x00,
  0x00, 0x00, 0x00, 0x00, 0x00, 0x00, 0x00, 0x00, 0x00, 0x00, 0x4c, 0xff, 0xff, 0xff, 0xff, 0xff,
  0x3e, 0x00, 0x00, 0x00, 0x00, 0x00, 0x00, 0x00, 0x00, 0x00, 0x00, 0x00, 0x00, 0x00, 0x00, 0x00,
  0x00, 0x00, 0x4c, 0xff, 0xff, 0xff, 0xff, 0xff, 0x3e, 0x00, 0x00, 0x00, 0x00, 0x00, 0x00, 0x00,
  0x00, 0x00, 0x00, 0x00, 0x00, 0x00, 0x00, 0x00, 0x00, 0x00, 0x4c, 0xff, 0xff, 0xff, 0xff, 0xff,
  0x3e, 0x00, 0x00, 0x00, 0x00, 0x17, 0x66, 0x66, 0x66, 0x66, 0x66, 0x66, 0x66, 0x66, 0x66, 0x66,
  0x66, 0x66, 0x66, 0x66, 0x66, 0x66, 0x66, 0x66, 0x66, 0x2b, 0x00, 0x00, 0x3a, 0xff, 0xff, 0xff,
  0xff, 0xff, 0xff, 0xff, 0xff, 0xff, 0xff, 0xff, 0xff, 0xff, 0xff, 0xff, 0xff, 0xff, 0xff, 0xff,
  0x6d, 0x00, 0x00, 0x3a, 0xff, 0xff, 0xff, 0xff, 0xff, 0xff, 0xff, 0xff, 0xff, 0xff, 0xff, 0xff,
  0xff, 0xff, 0xff, 0xff, 0xff, 0xff, 0xff, 0x6d, 0x00, 0x00, 0x3a, 0xff, 0xff, 0xff, 0xff, 0xff,
  0xff, 0xff, 0xff, 0xff, 0xff, 0xff, 0xff, 0xff, 0xff, 0xff, 0xff, 0xff, 0xff, 0xff, 0x6d, 0x00,
  0x00, 0x3a, 0xff, 0xff, 0xff, 0xff, 0xff, 0xff, 0xff, 0xff, 0xff, 0xff, 0xff, 0xff, 0xff, 0xff,
  0xff, 0xff, 0xff, 0xff, 0xff, 0x6d, 0x00, 0x00, 0x3a, 0xff, 0xff, 0xff, 0xff, 0xff, 0xed, 0xe4,
  0xe4, 0xe4, 0xe4, 0xe4, 0xe4, 0xe4, 0xe4, 0xe4, 0xe4, 0xe4, 0xe4, 0xe4, 0x61, 0x00, 0x00, 0x3a,
  0xff, 0xff, 0xff, 0xff, 0xff, 0x50, 0x00, 0x00, 0x00, 0x00, 0x00, 0x00, 0x00, 0x00, 0x00, 0x00,
  0x00, 0x00, 0x00, 0x00, 0x00, 0x00, 0x3a, 0xff, 0xff, 0xff, 0xff, 0xff, 0x50, 0x00, 0x00, 0x00,
  0x00, 0x00, 0x00, 0x00, 0x00, 0x00, 0x00, 0x00, 0x00, 0x00, 0x00, 0x00, 0x00, 0x3a, 0xff, 0xff,
  0xff, 0xff, 0xff, 0x50, 0x00, 0x00, 0x00, 0x00, 0x00, 0x00, 0x00, 0x00, 0x00, 0x00, 0x00, 0x00,
  0x00, 0x00, 0x00, 0x00, 0x3a, 0xff, 0xff, 0xff, 0xff, 0xff, 0x50, 0x00, 0x00, 0x00, 0x00, 0x00,
  0x16, 0x24, 0x1b, 0x03, 0x00, 0x00, 0x00, 0x00, 0x00, 0x00, 0x00, 0x3a, 0xff, 0xff, 0xff, 0xff,
  0xff, 0x50, 0x00, 0x00, 0x1e, 0x99, 0xea, 0xff, 0xff, 0xff, 0xf7, 0xbd, 0x5c, 0x03, 0x00, 0x00,
  0x00, 0x00, 0x3a, 0xff, 0xff, 0xff, 0xff, 0xff, 0x50, 0x00, 0x4a, 0xf3, 0xff, 0xff, 0xff, 0xff,
  0xff, 0xff, 0xff, 0xff, 0xcb, 0x22, 0x00, 0x00, 0x00, 0x3a, 0xff, 0xff, 0xff, 0xff, 0xff, 0x50,
  0x32, 0xf8, 0xff, 0xff, 0xff, 0xff, 0xff, 0xff, 0xff, 0xff, 0xff, 0xff, 0xe6, 0x21, 0x00, 0x00,
  0x3a, 0xff, 0xff, 0xff, 0xff, 0xff, 0x67, 0xc3, 0xff, 0xff, 0xff, 0xff, 0xff, 0xff, 0xff, 0xff,
  0xff, 0xff, 0xff, 0xff, 0xcc, 0x03, 0x00, 0x3a, 0xff, 0xff, 0xff, 0xff, 0xff, 0xff, 0xff, 0xff,
  0xff, 0xff, 0xff, 0xff, 0xff, 0xff, 0xff, 0xff, 0xff, 0xff, 0xff, 0xff, 0x62, 0x00, 0x3a, 0xff,
  0xff, 0xff, 0xff, 0xff, 0xff, 0xff, 0xff, 0xff, 0xdc, 0x5c, 0x2b, 0x34, 0x7b, 0xf1, 0xff, 0xff,
  0xff, 0xff, 0xff, 0xcd, 0x00, 0x34, 0xe5, 0xe5, 0xe5, 0xe5, 0xe5, 0xe5, 0xe5, 0xe5, 0xdf, 0x1b,
  0x00, 0x00, 0x00, 0x00, 0x2d, 0xf4, 0xff, 0xff, 0xff, 0xff, 0xff, 0x1a, 0x00, 0x00, 0x00, 0x00,
  0x00, 0x00, 0x00, 0x00, 0x00, 0x00, 0x00, 0x00, 0x00, 0x00, 0x00, 0x00, 0x86, 0xff, 0xff, 0xff,
  0xff, 0xff, 0x4a, 0x00, 0x00, 0x00, 0x00, 0x00, 0x00, 0x00, 0x00, 0x00, 0x00, 0x00, 0x00, 0x00,
  0x00, 0x00, 0x00, 0x3d, 0xff, 0xff, 0xff, 0xff, 0xff, 0x66, 0x3e, 0x55, 0x55, 0x55, 0x55, 0x45,
  0x00, 0x00, 0x00, 0x00, 0x00, 0x00, 0x00, 0x00, 0x00, 0x00, 0x20, 0xff, 0xff, 0xff, 0xff, 0xff,
  0x6f, 0xba, 0xff, 0xff, 0xff, 0xff, 0xd7, 0x00, 0x00, 0x00, 0x00, 0x00, 0x00, 0x00, 0x00, 0x00,
  0x00, 0x25, 0xff, 0xff, 0xff, 0xff, 0xff, 0x65, 0xaf, 0xff, 0xff, 0xff, 0xff, 0xf4, 0x05, 0x00,
  0x00, 0x00, 0x00, 0x00, 0x00, 0x00, 0x00, 0x00, 0x4d, 0xff, 0xff, 0xff, 0xff, 0xff, 0x4b, 0x92,
  0xff, 0xff, 0xff, 0xff, 0xff, 0x50, 0x00, 0x00, 0x00, 0x00, 0x00, 0x00, 0x00, 0x00, 0x00, 0xa9,
  0xff, 0xff, 0xff, 0xff, 0xff, 0x1b, 0x5d, 0xff, 0xff, 0xff, 0xff, 0xff, 0xdd, 0x11, 0x00, 0x00,
  0x00, 0x00, 0x00, 0x00, 0x00, 0x54, 0xfe, 0xff, 0xff, 0xff, 0xff, 0xd1, 0x00, 0x11, 0xf8, 0xff,
  0xff, 0xff, 0xff, 0xff, 0xd7, 0x41, 0x00, 0x00, 0x00, 0x00, 0x14, 0x86, 0xfc, 0xff, 0xff, 0xff,
  0xff, 0xff, 0x6c, 0x00, 0x00, 0x95, 0xff, 0xff, 0xff, 0xff, 0xff, 0xff, 0xff, 0xe8, 0xc1, 0xba,
  0xd3, 0xfd, 0xff, 0xff, 0xff, 0xff, 0xff, 0xff, 0xdf, 0x09, 0x00, 0x00, 0x11, 0xe5, 0xff, 0xff,
  0xff, 0xff, 0xff, 0xff, 0xff, 0xff, 0xff, 0xff, 0xff, 0xff, 0xff, 0xff, 0xff, 0xff, 0xfc, 0x43,
  0x00, 0x00, 0x00, 0x00, 0x30, 0xef, 0xff, 0xff, 0xff, 0xff, 0xff, 0xff, 0xff, 0xff, 0xff, 0xff,
  0xff, 0xff, 0xff, 0xff, 0xfd, 0x63, 0x00, 0x00, 0x00, 0x00, 0x00, 0x00, 0x25, 0xce, 0xff, 0xff,
  0xff, 0xff, 0xff, 0xff, 0xff, 0xff, 0xff, 0xff, 0xff, 0xff, 0xea, 0x4c, 0x00, 0x00, 0x00, 0x00,
  0x00, 0x00, 0x00, 0x00, 0x03, 0x61, 0xce, 0xff, 0xff, 0xff, 0xff, 0xff, 0xff, 0xff, 0xff, 0xeb,
  0x88, 0x13, 0x00, 0x00, 0x00, 0x00, 0x00, 0x00, 0x00, 0x00, 0x00, 0x00, 0x00, 0x00, 0x1d, 0x55,
  0x7a, 0x8c, 0x92, 0x86, 0x6a, 0x3a, 0x03, 0x00, 0x00, 0x00, 0x00, 0x00, 0x00, 0x00, 0x00, 0x00,
  0x00, 0x00, 0x00, 0x00, 0x24, 0x7e, 0xbf, 0xe7, 0xf8, 0xf3, 0xdd, 0xb1, 0x6d, 0x15, 0x00, 0x00,
  0x00, 0x00, 0x00, 0x00, 0x00, 0x00, 0x00, 0x00, 0x1a, 0xa6, 0xfd, 0xff, 0xff, 0xff, 0xff, 0xff,
  0xff, 0xff, 0xff, 0xf9, 0x8e, 0x0c, 0x00, 0x00, 0x00, 0x00, 0x00, 0x00, 0x00, 0x3e, 0xeb, 0xff,
  0xff, 0xff, 0xff, 0xff, 0xff, 0xff, 0xff, 0xff, 0xff, 0xff, 0xff, 0xd9, 0x21, 0x00, 0x00, 0x00,
  0x00, 0x00, 0x38, 0xf5, 0xff, 0xff, 0xff, 0xff, 0xff, 0xff, 0xff, 0xff, 0xff, 0xff, 0xff, 0xff,
  0xff, 0xff, 0xe0, 0x13, 0x00, 0x00, 0x00, 0x10, 0xe2, 0xff, 0xff, 0xff, 0xff, 0xff, 0xff, 0xff,
  0xff, 0xff, 0xff, 0xff, 0xff, 0xff, 0xff, 0xff, 0xff, 0xa8, 0x00, 0x00, 0x00, 0x8a, 0xff, 0xff,
  0xff, 0xff, 0xff, 0xff, 0xcb, 0x76, 0x55, 0x58, 0x81, 0xdd, 0xff, 0xff, 0xff, 0xff, 0xff, 0xff,
  0x29, 0x00, 0x08, 0xf1, 0xff, 0xff, 0xff, 0xff, 0xff, 0x73, 0x00, 0x00, 0x00, 0x00, 0x00, 0x08,
  0xb4, 0xff, 0xff, 0xff, 0xff, 0xff, 0x7e, 0x00, 0x48, 0xff, 0xff, 0xff, 0xff, 0xff, 0x9e, 0x00,
  0x00, 0x00, 0x00, 0x00, 0x00, 0x00, 0x15, 0xf8, 0xff, 0xff, 0xff, 0xff, 0xb1, 0x00, 0x79, 0xff,
  0xff, 0xff, 0xff, 0xff, 0x2d, 0x00, 0x00, 0x00, 0x00, 0x00, 0x00, 0x00, 0x00, 0xb8, 0xea, 0xea,
  0xea, 0xea, 0xb6, 0x00, 0x90, 0xff, 0xff, 0xff, 0xff, 0xfb, 0x01, 0x00, 0x00, 0x00, 0x00, 0x00,
  0x00, 0x00, 0x00, 0x00, 0x00, 0x00, 0x00, 0x00, 0x00, 0x00, 0x9b, 0xff, 0xff, 0xff, 0xff, 0xf0,
  0x00, 0x00, 0x00, 0x00, 0x1c, 0x50, 0x63, 0x59, 0x34, 0x04, 0x00, 0x00, 0x00, 0x00, 0x00, 0x00,
  0x9b, 0xff, 0xff, 0xff, 0xff, 0xf0, 0x00, 0x00, 0x30, 0xbc, 0xff, 0xff, 0xff, 0xff, 0xff, 0xed,
  0x8a, 0x12, 0x00, 0x00, 0x00, 0x00, 0x9b, 0xff, 0xff, 0xff, 0xff, 0xf0, 0x00, 0x51, 0xf9, 0xff,
  0xff, 0xff, 0xff, 0xff, 0xff, 0xff, 0xff, 0xe7, 0x3a, 0x00, 0x00, 0x00, 0x9b, 0xff, 0xff, 0xff,
  0xff, 0xf2, 0x35, 0xf5, 0xff, 0xff, 0xff, 0xff, 0xff, 0xff, 0xff, 0xff, 0xff, 0xff, 0xf5, 0x33,
  0x00, 0x00, 0x9b, 0xff, 0xff, 0xff, 0xff, 0xff, 0xff, 0xff, 0xff, 0xff, 0xff, 0xff, 0xff, 0xff,
  0xff, 0xff, 0xff, 0xff, 0xff, 0xda, 0x08, 0x00, 0x9b, 0xff, 0xff, 0xff, 0xff, 0xff, 0xff, 0xff,
  0xff, 0xfd, 0xea, 0xf0, 0xff, 0xff, 0xff, 0xff, 0xff, 0xff, 0xff, 0xff, 0x6b, 0x00, 0x9b, 0xff,
  0xff, 0xff, 0xff, 0xff, 0xff, 0xec, 0x66, 0x10, 0x00, 0x00, 0x22, 0x8f, 0xfd, 0xff, 0xff, 0xff,
  0xff, 0xff, 0xcd, 0x00, 0x9b, 0xff, 0xff, 0xff, 0xff, 0xff, 0xe9, 0x22, 0x00, 0x00, 0x00, 0x00,
  0x00, 0x00, 0x58, 0xff, 0xff, 0xff, 0xff, 0xff, 0xff, 0x11, 0x9b, 0xff, 0xff, 0xff, 0xff, 0xff,
  0x63, 0x00, 0x00, 0x00, 0x00, 0x00, 0x00, 0x00, 0x00, 0xaf, 0xff, 0xff, 0xff, 0xff, 0xff, 0x38,
  0x9b, 0xff, 0xff, 0xff, 0xff, 0xff, 0x10, 0x00, 0x00, 0x00, 0x00, 0x00, 0x00, 0x00, 0x00, 0x5c,
  0xff, 0xff, 0xff, 0xff, 0xff, 0x49, 0x9b, 0xff, 0xff, 0xff, 0xff, 0xf5, 0x00, 0x00, 0x00, 0x00,
  0x00, 0x00, 0x00, 0x00, 0x00, 0x41, 0xff, 0xff, 0xff, 0xff, 0xff, 0x4c, 0x91, 0xff, 0xff, 0xff,
  0xff, 0xfe, 0x08, 0x00, 0x00, 0x00, 0x00, 0x00, 0x00, 0x00, 0x00, 0x53, 0xff, 0xff, 0xff, 0xff,
  0xff, 0x3f, 0x77, 0xff, 0xff, 0xff, 0xff, 0xff, 0x4e, 0x00, 0x00, 0x00, 0x00, 0x00, 0x00, 0x00,
  0x00, 0x9a, 0xff, 0xff, 0xff, 0xff, 0xff, 0x1e, 0x41, 0xff, 0xff, 0xff, 0xff, 0xff, 0xd5, 0x0e,
  0x00, 0x00, 0x00, 0x00, 0x00, 0x00, 0x36, 0xfa, 0xff, 0xff, 0xff, 0xff, 0xe6, 0x00, 0x03, 0xe6,
  0xff, 0xff, 0xff, 0xff, 0xff, 0xd1, 0x37, 0x00, 0x00, 0x00, 0x03, 0x60, 0xf0, 0xff, 0xff, 0xff,
  0xff, 0xff, 0x92, 0x00, 0x00, 0x6e, 0xff, 0xff, 0xff, 0xff, 0xff, 0xff, 0xff, 0xdf, 0xbb, 0xc1,
  0xef, 0xff, 0xff, 0xff, 0xff, 0xff, 0xff, 0xfa, 0x22, 0x00, 0x00, 0x03, 0xc2, 0xff, 0xff, 0xff,
  0xff, 0xff, 0xff, 0xff, 0xff, 0xff, 0xff, 0xff, 0xff, 0xff, 0xff, 0xff, 0xff, 0x7f, 0x00, 0x00,
  0x00, 0x00, 0x14, 0xd4, 0xff, 0xff, 0xff, 0xff, 0xff, 0xff, 0xff, 0xff, 0xff, 0xff, 0xff, 0xff,
  0xff, 0xff, 0xab, 0x02, 0x00, 0x00, 0x00, 0x00, 0x00, 0x0f, 0xad, 0xff, 0xff, 0xff, 0xff, 0xff,
  0xff, 0xff, 0xff, 0xff, 0xff, 0xff, 0xfd, 0x8c, 0x03, 0x00, 0x00, 0x00, 0x00, 0x00, 0x00, 0x00,
  0x00, 0x49, 0xc1, 0xfe, 0xff, 0xff, 0xff, 0xff, 0xff, 0xff, 0xfc, 0xb3, 0x36, 0x00, 0x00, 0x00,
  0x00, 0x00, 0x00, 0x00, 0x00, 0x00, 0x00, 0x00, 0x00, 0x1b, 0x59, 0x80, 0x91, 0x8d, 0x7a, 0x51,
  0x12, 0x00, 0x00, 0x00, 0x00, 0x00, 0x00, 0x00, 0x31, 0x66, 0x66, 0x66, 0x66, 0x66, 0x66, 0x66,
  0x66, 0x66, 0x66, 0x66, 0x66, 0x66, 0x66, 0x66, 0x66, 0x66, 0x66, 0x66, 0x66, 0x12, 0x7a, 0xff,
  0xff, 0xff, 0xff, 0xff, 0xff, 0xff, 0xff, 0xff, 0xff, 0xff, 0xff, 0xff, 0xff, 0xff, 0xff, 0xff,
  0xff, 0xff, 0xff, 0x2f, 0x7a, 0xff, 0xff, 0xff, 0xff, 0xff, 0xff, 0xff, 0xff, 0xff, 0xff, 0xff,
  0xff, 0xff, 0xff, 0xff, 0xff, 0xff, 0xff, 0xff, 0xff, 0x2f, 0x7a, 0xff, 0xff, 0xff, 0xff, 0xff,
  0xff, 0xff, 0xff, 0xff, 0xff, 0xff, 0xff, 0xff, 0xff, 0xff, 0xff, 0xff, 0xff, 0xff, 0xff, 0x2f,
  0x7a, 0xff, 0xff, 0xff, 0xff, 0xff, 0xff, 0xff, 0xff, 0xff, 0xff, 0xff, 0xff, 0xff, 0xff, 0xff,
  0xff, 0xff, 0xff, 0xff, 0xff, 0x2f, 0x6d, 0xe4, 0xe4, 0xe4, 0xe4, 0xe4, 0xe4, 0xe4, 0xe4, 0xe4,
  0xe4, 0xe4, 0xe4, 0xe4, 0xe4, 0xe4, 0xfc, 0xff, 0xff, 0xff, 0xff, 0x2f, 0x00, 0x00, 0x00, 0x00,
  0x00, 0x00, 0x00, 0x00, 0x00, 0x00, 0x00, 0x00, 0x00, 0x00, 0x00, 0x01, 0xe4, 0xff, 0xff, 0xff,
  0xff, 0x2f, 0x00, 0x00, 0x00, 0x00, 0x00, 0x00, 0x00, 0x00, 0x00, 0x00, 0x00, 0x00, 0x00, 0x00,
  0x00, 0x70, 0xff, 0xff, 0xff, 0xff, 0xff, 0x2f, 0x00, 0x00, 0x00, 0x00, 0x00, 0x00, 0x00, 0x00,
  0x00, 0x00, 0x00, 0x00, 0x00, 0x00, 0x28, 0xf6, 0xff, 0xff, 0xff, 0xff, 0xff, 0x2f, 0x00, 0x00,
  0x00, 0x00, 0x00, 0x00, 0x00, 0x00, 0x00, 0x00, 0x00, 0x00, 0x00, 0x04, 0xca, 0xff, 0xff, 0xff,
  0xff, 0xff, 0xeb, 0x12, 0x00, 0x00, 0x00, 0x00, 0x00, 0x00, 0x00, 0x00, 0x00, 0x00, 0x00, 0x00,
  0x00, 0x7d, 0xff, 0xff, 0xff, 0xff, 0xff, 0xff, 0x54, 0x00, 0x00, 0x00, 0x00, 0x00, 0x00, 0x00,
  0x00, 0x00, 0x00, 0x00, 0x00, 0x00, 0x31, 0xfa, 0xff, 0xff, 0xff, 0xff, 0xff, 0xa4, 0x00, 0x00,
  0x00, 0x00, 0x00, 0x00, 0x00, 0x00, 0x00, 0x00, 0x00, 0x00, 0x00, 0x07, 0xd3, 0xff, 0xff, 0xff,
  0xff, 0xff, 0xe5, 0x11, 0x00, 0x00, 0x00, 0x00, 0x00, 0x00, 0x00, 0x00, 0x00, 0x00, 0x00, 0x00,
  0x00, 0x8a, 0xff, 0xff, 0xff, 0xff, 0xff, 0xff, 0x48, 0x00, 0x00, 0x00, 0x00, 0x00, 0x00, 0x00,
  0x00, 0x00, 0x00, 0x00, 0x00, 0x00, 0x3b, 0xfd, 0xff, 0xff, 0xff, 0xff, 0xff, 0x97, 0x00, 0x00,
  0x00, 0x00, 0x00, 0x00, 0x00, 0x00, 0x00, 0x00, 0x00, 0x00, 0x00, 0x0b, 0xdc, 0xff, 0xff, 0xff,
  0xff, 0xff, 0xdd, 0x0b, 0x00, 0x00, 0x00, 0x00, 0x00, 0x00, 0x00, 0x00, 0x00, 0x00, 0x00, 0x00,
  0x00, 0x96, 0xff, 0xff, 0xff, 0xff, 0xff, 0xfd, 0x3c, 0x00, 0x00, 0x00, 0x00, 0x00, 0x00, 0x00,
  0x00, 0x00, 0x00, 0x00, 0x00, 0x00, 0x46, 0xff, 0xff, 0xff, 0xff, 0xff, 0xff, 0x8a, 0x00, 0x00,
  0x00, 0x00, 0x00, 0x00, 0x00, 0x00, 0x00, 0x00, 0x00, 0x00, 0x00, 0x10, 0xe3, 0xff, 0xff, 0xff,
  0xff, 0xff, 0xd4, 0x07, 0x00, 0x00, 0x00, 0x00, 0x00, 0x00, 0x00, 0x00, 0x00, 0x00, 0x00, 0x00,
  0x00, 0xa3, 0xff, 0xff, 0xff, 0xff, 0xff, 0xfa, 0x32, 0x00, 0x00, 0x00, 0x00, 0x00, 0x00, 0x00,
  0x00, 0x00, 0x00, 0x00, 0x00, 0x00, 0x52, 0xff, 0xff, 0xff, 0xff, 0xff, 0xff, 0x7d, 0x00, 0x00,
  0x00, 0x00, 0x00, 0x00, 0x00, 0x00, 0x00, 0x00, 0x00, 0x00, 0x00, 0x16, 0xea, 0xff, 0xff, 0xff,
  0xff, 0xff, 0xca, 0x04, 0x00, 0x00, 0x00, 0x00, 0x00, 0x00, 0x00, 0x00, 0x00, 0x00, 0x00, 0x00,
  0x00, 0xaf, 0xff, 0xff, 0xff, 0xff, 0xff, 0xf7, 0x28, 0x00, 0x00, 0x00, 0x00, 0x00, 0x00, 0x00,
  0x00, 0x00, 0x00, 0x00, 0x00, 0x00, 0x55, 0xff, 0xff, 0xff, 0xff, 0xff, 0xff, 0x70, 0x00, 0x00,
  0x00, 0x00, 0x00, 0x00, 0x00, 0x00, 0x00, 0x00, 0x00, 0x00, 0x00, 0x0d, 0xe6, 0xff, 0xff, 0xff,
  0xff, 0xff, 0xc0, 0x01, 0x00, 0x00, 0x00, 0x00, 0x00, 0x00, 0x00, 0x00, 0x00, 0x00, 0x00, 0x00,
  0x00, 0x7e, 0xff, 0xff, 0xff, 0xff, 0xff, 0xf6, 0x23, 0x00, 0x00, 0x00, 0x00, 0x00, 0x00, 0x00,
  0x00, 0x00, 0x00, 0x00, 0x00, 0x00, 0x00, 0xe3, 0xff, 0xff, 0xff, 0xff, 0xff, 0x7f, 0x00, 0x00,
  0x00, 0x00, 0x00, 0x00, 0x00, 0x00, 0x00, 0x00, 0x00, 0x00, 0x00, 0x00, 0x1d, 0xff, 0xff, 0xff,
  0xff, 0xff, 0xf7, 0x10, 0x00, 0x00, 0x00, 0x00, 0x00, 0x00, 0x00, 0x00, 0x00, 0x00, 0x00, 0x00,
  0x00, 0x00, 0x32, 0xff, 0xff, 0xff, 0xff, 0xff, 0xce, 0x00, 0x00, 0x00, 0x00, 0x00, 0x00, 0x00,
  0x00, 0x00, 0x00, 0x00, 0x00, 0x00, 0x00, 0x00, 0x36, 0xff, 0xff, 0xff, 0xff, 0xff, 0xc0, 0x00,
  0x00, 0x00, 0x00, 0x00, 0x00, 0x00, 0x00, 0x00, 0x00, 0x00, 0x00, 0x00, 0x00, 0x00, 0x00, 0x00,
  0x00, 0x01, 0x3f, 0x8e, 0xc6, 0xe9, 0xf8, 0xf5, 0xe0, 0xb7, 0x79, 0x25, 0x00, 0x00, 0x00, 0x00,
  0x00, 0x00, 0x00, 0x00, 0x00, 0x00, 0x4f, 0xd6, 0xff, 0xff, 0xff, 0xff, 0xff, 0xff, 0xff, 0xff,
  0xff, 0xfe, 0xb3, 0x27, 0x00, 0x00, 0x00, 0x00, 0x00, 0x00, 0x04, 0x9b, 0xff, 0xff, 0xff, 0xff,
  0xff, 0xff, 0xff, 0xff, 0xff, 0xff, 0xff, 0xff, 0xff, 0xf7, 0x5c, 0x00, 0x00, 0x00, 0x00, 0x00,
  0xa0, 0xff, 0xff, 0xff, 0xff, 0xff, 0xff, 0xff, 0xff, 0xff, 0xff, 0xff, 0xff, 0xff, 0xff, 0xff,
  0xfe, 0x56, 0x00, 0x00, 0x00, 0x50, 0xff, 0xff, 0xff, 0xff, 0xff, 0xff, 0xff, 0xff, 0xff, 0xff,
  0xff, 0xff, 0xff, 0xff, 0xff, 0xff, 0xff, 0xf0, 0x14, 0x00, 0x00, 0xc0, 0xff, 0xff, 0xff, 0xff,
  0xff, 0xff, 0xce, 0x76, 0x54, 0x5a, 0x8b, 0xe8, 0xff, 0xff, 0xff, 0xff, 0xff, 0xff, 0x74, 0x00,
  0x04, 0xfa, 0xff, 0xff, 0xff, 0xff, 0xff, 0x7a, 0x01, 0x00, 0x00, 0x00, 0x00, 0x0e, 0xb8, 0xff,
  0xff, 0xff, 0xff, 0xff, 0xb2, 0x00, 0x16, 0xff, 0xff, 0xff, 0xff, 0xff, 0xb9, 0x00, 0x00, 0x00,
  0x00, 0x00, 0x00, 0x00, 0x11, 0xf4, 0xff, 0xff, 0xff, 0xff, 0xca, 0x00, 0x10, 0xff, 0xff, 0xff,
  0xff, 0xff, 0x79, 0x00, 0x00, 0x00, 0x00, 0x00, 0x00, 0x00, 0x00, 0xc5, 0xff, 0xff, 0xff, 0xff,
  0xc4, 0x00, 0x01, 0xf1, 0xff, 0xff, 0xff, 0xff, 0x93, 0x00, 0x00, 0x00, 0x00, 0x00, 0x00, 0x00,
  0x00, 0xde, 0xff, 0xff, 0xff, 0xff, 0xa6, 0x00, 0x00, 0xaf, 0xff, 0xff, 0xff, 0xff, 0xf1, 0x25,
  0x00, 0x00, 0x00, 0x00, 0x00, 0x00, 0x63, 0xff, 0xff, 0xff, 0xff, 0xff, 0x63, 0x00, 0x00, 0x38,
  0xfd, 0xff, 0xff, 0xff, 0xff, 0xeb, 0x66, 0x0f, 0x00, 0x00, 0x21, 0x8d, 0xfd, 0xff, 0xff, 0xff,
  0xff, 0xdf, 0x0a, 0x00, 0x00, 0x00, 0x70, 0xff, 0xff, 0xff, 0xff, 0xff, 0xff, 0xfd, 0xea, 0xf0,
  0xff, 0xff, 0xff, 0xff, 0xff, 0xff, 0xf0, 0x33, 0x00, 0x00, 0x00, 0x00, 0x00, 0x57, 0xec, 0xff,
  0xff, 0xff, 0xff, 0xff, 0xff, 0xff, 0xff, 0xff, 0xff, 0xff, 0xff, 0xcd, 0x29, 0x00, 0x00, 0x00,
  0x00, 0x00, 0x00, 0x00, 0x0d, 0xc1, 0xff, 0xff, 0xff, 0xff, 0xff, 0xff, 0xff, 0xff, 0xff, 0xff,
  0x80, 0x02, 0x00, 0x00, 0x00, 0x00, 0x00, 0x00, 0x00, 0x17, 0x89, 0xee, 0xff, 0xff, 0xff, 0xff,
  0xff, 0xff, 0xff, 0xff, 0xff, 0xff, 0xd5, 0x6b, 0x06, 0x00, 0x00, 0x00, 0x00, 0x00, 0x56, 0xf1,
  0xff, 0xff, 0xff, 0xff, 0xff, 0xff, 0xff, 0xff, 0xff, 0xff, 0xff, 0xff, 0xff, 0xff, 0xd8, 0x27,
  0x00, 0x00, 0x00, 0x56, 0xfe, 0xff, 0xff, 0xff, 0xff, 0xff, 0xc2, 0x84, 0x6c, 0x70, 0x91, 0xda,
  0xff, 0xff, 0xff, 0xff, 0xff, 0xeb, 0x1e, 0x00, 0x14, 0xee, 0xff, 0xff, 0xff, 0xff, 0xe7, 0x3a,
  0x00, 0x00, 0x00, 0x00, 0x00, 0x01, 0x6b, 0xfc, 0xff, 0xff, 0xff, 0xff, 0xb6, 0x00, 0x6d, 0xff,
  0xff, 0xff, 0xff, 0xff, 0x37, 0x00, 0x00, 0x00, 0x00, 0x00, 0x00, 0x00, 0x00, 0x80, 0xff, 0xff,
  0xff, 0xff, 0xff, 0x22, 0xb2, 0xff, 0xff, 0xff, 0xff, 0xce, 0x00, 0x00, 0x00, 0x00, 0x00, 0x00,
  0x00, 0x00, 0x00, 0x19, 0xff, 0xff, 0xff, 0xff, 0xff, 0x66, 0xcc, 0xff, 0xff, 0xff, 0xff, 0xb6,
  0x00, 0x00, 0x00, 0x00, 0x00, 0x00, 0x00, 0x00, 0x00, 0x03, 0xff, 0xff, 0xff, 0xff, 0xff, 0x80,
  0xd8, 0xff, 0xff, 0xff, 0xff, 0xe3, 0x01, 0x00, 0x00, 0x00, 0x00, 0x00, 0x00, 0x00, 0x00, 0x30,
  0xff, 0xff, 0xff, 0xff, 0xff, 0x8c, 0xc3, 0xff, 0xff, 0xff, 0xff, 0xff, 0x73, 0x00, 0x00, 0x00,
  0x00, 0x00, 0x00, 0x00, 0x03, 0xb8, 0xff, 0xff, 0xff, 0xff, 0xff, 0x77, 0x8c, 0xff, 0xff, 0xff,
  0xff, 0xff, 0xfe, 0x8b, 0x15, 0x00, 0x00, 0x00, 0x00, 0x2b, 0xba, 0xff, 0xff, 0xff, 0xff, 0xff,
  0xff, 0x41, 0x2e, 0xfe, 0xff, 0xff, 0xff, 0xff, 0xff, 0xff, 0xfc, 0xd2, 0xba, 0xbe, 0xdf, 0xff,
  0xff, 0xff, 0xff, 0xff, 0xff, 0xff, 0xe0, 0x03, 0x00, 0x9a, 0xff, 0xff, 0xff, 0xff, 0xff, 0xff,
  0xff, 0xff, 0xff, 0xff, 0xff, 0xff, 0xff, 0xff, 0xff, 0xff, 0xff, 0xff, 0x54, 0x00, 0x00, 0x08,
  0xc0, 0xff, 0xff, 0xff, 0xff, 0xff, 0xff, 0xff, 0xff, 0xff, 0xff, 0xff, 0xff, 0xff, 0xff, 0xff,
  0xff, 0x84, 0x00, 0x00, 0x00, 0x00, 0x07, 0x94, 0xfe, 0xff, 0xff, 0xff, 0xff, 0xff, 0xff, 0xff,
  0xff, 0xff, 0xff, 0xff, 0xff, 0xf3, 0x65, 0x00, 0x00, 0x00, 0x00, 0x00, 0x00, 0x00, 0x2e, 0xa1,
  0xf3, 0xff, 0xff, 0xff, 0xff, 0xff, 0xff, 0xff, 0xff, 0xe7, 0x8a, 0x17, 0x00, 0x00, 0x00, 0x00,
  0x00, 0x00, 0x00, 0x00, 0x00, 0x00, 0x06, 0x39, 0x65, 0x83, 0x91, 0x8f, 0x81, 0x61, 0x2f, 0x02,
  0x00, 0x00, 0x00, 0x00, 0x00, 0x00, 0x00, 0x00, 0x00, 0x00, 0x00, 0x00, 0x31, 0x86, 0xc1, 0xe7,
  0xf6, 0xf5, 0xe1, 0xb7, 0x74, 0x1b, 0x00, 0x00, 0x00, 0x00, 0x00, 0x00, 0x00, 0x00, 0x00, 0x00,
  0x29, 0xbb, 0xff, 0xff, 0xff, 0xff, 0xff, 0xff, 0xff, 0xff, 0xff, 0xfb, 0x9a, 0x13, 0x00, 0x00,
  0x00, 0x00, 0x00, 0x00, 0x00, 0x58, 0xf7, 0xff, 0xff, 0xff, 0xff, 0xff, 0xff, 0xff, 0xff, 0xff,
  0xff, 0xff, 0xff, 0xe3, 0x31, 0x00, 0x00, 0x00, 0x00, 0x00, 0x52, 0xfd, 0xff, 0xff, 0xff, 0xff,
  0xff, 0xff, 0xff, 0xff, 0xff, 0xff, 0xff, 0xff, 0xff, 0xff, 0xed, 0x28, 0x00, 0x00, 0x00, 0x1d,
  0xf1, 0xff, 0xff, 0xff, 0xff, 0xff, 0xff, 0xff, 0xff, 0xff, 0xff, 0xff, 0xff, 0xff, 0xff, 0xff,
  0xff, 0xd1, 0x04, 0x00, 0x00, 0x9e, 0xff, 0xff, 0xff, 0xff, 0xff, 0xff, 0xd0, 0x78, 0x55, 0x5b,
  0x8c, 0xea, 0xff, 0xff, 0xff, 0xff, 0xff, 0xff, 0x65, 0x00, 0x0f, 0xf9, 0xff, 0xff, 0xff, 0xff,
  0xff, 0x78, 0x00, 0x00, 0x00, 0x00, 0x00, 0x0f, 0xb6, 0xff, 0xff, 0xff, 0xff, 0xff, 0xcb, 0x00,
  0x52, 0xff, 0xff, 0xff, 0xff, 0xff, 0x9c, 0x00, 0x00, 0x00, 0x00, 0x00, 0x00, 0x00, 0x09, 0xde,
  0xff, 0xff, 0xff, 0xff, 0xff, 0x11, 0x80, 0xff, 0xff, 0xff, 0xff, 0xff, 0x2a, 0x00, 0x00, 0x00,
  0x00, 0x00, 0x00, 0x00, 0x00, 0x76, 0xff, 0xff, 0xff, 0xff, 0xff, 0x3a, 0x94, 0xff, 0xff, 0xff,
  0xff, 0xfa, 0x00, 0x00, 0x00, 0x00, 0x00, 0x00, 0x00, 0x00, 0x00, 0x47, 0xff, 0xff, 0xff, 0xff,
  0xff, 0x4b, 0x98, 0xff, 0xff, 0xff, 0xff, 0xfa, 0x00, 0x00, 0x00, 0x00, 0x00, 0x00, 0x00, 0x00,
  0x00, 0x46, 0xff, 0xff, 0xff, 0xff, 0xff, 0x4f, 0x8c, 0xff, 0xff, 0xff, 0xff, 0xff, 0x29, 0x00,
  0x00, 0x00, 0x00, 0x00, 0x00, 0x00, 0x00, 0x75, 0xff, 0xff, 0xff, 0xff, 0xff, 0x4f, 0x6a, 0xff,
  0xff, 0xff, 0xff, 0xff, 0x99, 0x00, 0x00, 0x00, 0x00, 0x00, 0x00, 0x00, 0x08, 0xdd, 0xff, 0xff,
  0xff, 0xff, 0xff, 0x4f, 0x31, 0xff, 0xff, 0xff, 0xff, 0xff, 0xff, 0x74, 0x00, 0x00, 0x00, 0x00,
  0x00, 0x0d, 0xb3, 0xff, 0xff, 0xff, 0xff, 0xff, 0xff, 0x4f, 0x00, 0xda, 0xff, 0xff, 0xff, 0xff,
  0xff, 0xff, 0xcc, 0x74, 0x51, 0x57, 0x88, 0xe8, 0xff, 0xff, 0xff, 0xff, 0xff, 0xff, 0xff, 0x4f,
  0x00, 0x61, 0xff, 0xff, 0xff, 0xff, 0xff, 0xff, 0xff, 0xff, 0xff, 0xff, 0xff, 0xff, 0xff, 0xff,
  0xff, 0xff, 0xff, 0xff, 0xff, 0x4f, 0x00, 0x01, 0xbc, 0xff, 0xff, 0xff, 0xff, 0xff, 0xff, 0xff,
  0xff, 0xff, 0xff, 0xff, 0xfb, 0xca, 0xff, 0xff, 0xff, 0xff, 0xff, 0x4f, 0x00, 0x00, 0x13, 0xd0,
  0xff, 0xff, 0xff, 0xff, 0xff, 0xff, 0xff, 0xff, 0xff, 0xff, 0x8c, 0x3b, 0xff, 0xff, 0xff, 0xff,
  0xff, 0x4f, 0x00, 0x00, 0x00, 0x0e, 0xa2, 0xff, 0xff, 0xff, 0xff, 0xff, 0xff, 0xff, 0xff, 0xaf,
  0x08, 0x3c, 0xff, 0xff, 0xff, 0xff, 0xff, 0x4f, 0x00, 0x00, 0x00, 0x00, 0x00, 0x31, 0x94, 0xd3,
  0xf5, 0xfc, 0xec, 0xbd, 0x61, 0x02, 0x00, 0x3c, 0xff, 0xff, 0xff, 0xff, 0xff, 0x4f, 0x00, 0x00,
  0x00, 0x00, 0x00, 0x00, 0x00, 0x00, 0x00, 0x00, 0x00, 0x00, 0x00, 0x00, 0x00, 0x3e, 0xff, 0xff,
  0xff, 0xff, 0xff, 0x4c, 0x07, 0x50, 0x50, 0x50, 0x50, 0x50, 0x24, 0x00, 0x00, 0x00, 0x00, 0x00,
  0x00, 0x00, 0x00, 0x56, 0xff, 0xff, 0xff, 0xff, 0xff, 0x40, 0x0d, 0xff, 0xff, 0xff, 0xff, 0xff,
  0x8f, 0x00, 0x00, 0x00, 0x00, 0x00, 0x00, 0x00, 0x00, 0x9d, 0xff, 0xff, 0xff, 0xff, 0xff, 0x20,
  0x00, 0xeb, 0xff, 0xff, 0xff, 0xff, 0xea, 0x12, 0x00, 0x00, 0x00, 0x00, 0x00, 0x00, 0x34, 0xfa,
  0xff, 0xff, 0xff, 0xff, 0xea, 0x01, 0x00, 0xac, 0xff, 0xff, 0xff, 0xff, 0xff, 0xca, 0x28, 0x00,
  0x00, 0x00, 0x02, 0x59, 0xee, 0xff, 0xff, 0xff, 0xff, 0xff, 0x98, 0x00, 0x00, 0x47, 0xff, 0xff,
  0xff, 0xff, 0xff, 0xff, 0xfe, 0xd7, 0xba, 0xc1, 0xed, 0xff, 0xff, 0xff, 0xff, 0xff, 0xff, 0xfc,
  0x26, 0x00, 0x00, 0x00, 0xb2, 0xff, 0xff, 0xff, 0xff, 0xff, 0xff, 0xff, 0xff, 0xff, 0xff, 0xff,
  0xff, 0xff, 0xff, 0xff, 0xff, 0x84, 0x00, 0x00, 0x00, 0x00, 0x12, 0xd3, 0xff, 0xff, 0xff, 0xff,
  0xff, 0xff, 0xff, 0xff, 0xff, 0xff, 0xff, 0xff, 0xff, 0xff, 0xae, 0x03, 0x00, 0x00, 0x00, 0x00,
  0x00, 0x12, 0xb4, 0xff, 0xff, 0xff, 0xff, 0xff, 0xff, 0xff, 0xff, 0xff, 0xff, 0xff, 0xfe, 0x90,
  0x04, 0x00, 0x00, 0x00, 0x00, 0x00, 0x00, 0x00, 0x00, 0x4f, 0xc3, 0xff, 0xff, 0xff, 0xff, 0xff,
  0xff, 0xff, 0xfd, 0xb3, 0x37, 0x00, 0x00, 0x00, 0x00, 0x00, 0x00, 0x00, 0x00, 0x00, 0x00, 0x00,
  0x00, 0x1b, 0x58, 0x7e, 0x90, 0x8f, 0x7d, 0x53, 0x14, 0x00, 0x00, 0x00, 0x00, 0x00, 0x00, 0x00,
  0x00, 0x00, 0x00, 0x2b, 0x62, 0x59, 0x16, 0x00, 0x00, 0x00, 0x05, 0xa0, 0xff, 0xff, 0xff, 0xf6,
  0x63, 0x00, 0x00, 0x8b, 0xff, 0xff, 0xff, 0xff, 0xff, 0xfe, 0x41, 0x06, 0xf4, 0xff, 0xff, 0xff,
  0xff, 0xff, 0xff, 0xaf, 0x1d, 0xff, 0xff, 0xff, 0xff, 0xff, 0xff, 0xff, 0xd1, 0x09, 0xf9, 0xff,
  0xff, 0xff, 0xff, 0xff, 0xff, 0xb7, 0x00, 0xa1, 0xff, 0xff, 0xff, 0xff, 0xff, 0xff, 0x55, 0x00,
  0x0e, 0xc2, 0xff, 0xff, 0xff, 0xff, 0x85, 0x00, 0x00, 0x00, 0x02, 0x4f, 0x86, 0x7c, 0x30, 0x00,
  0x00, 0x00, 0x00, 0x00, 0x00, 0x00, 0x00, 0x00, 0x00, 0x00, 0x00, 0x00, 0x00, 0x00, 0x00, 0x00,
  0x00, 0x00, 0x00, 0x00, 0x00, 0x00, 0x00, 0x00, 0x00, 0x00, 0x00, 0x00, 0x00, 0x00, 0x00, 0x00,
  0x00, 0x00, 0x00, 0x00, 0x00, 0x00, 0x00, 0x00, 0x00, 0x00, 0x00, 0x00, 0x00, 0x00, 0x00, 0x00,
  0x00, 0x25, 0x5b, 0x51, 0x11, 0x00, 0x00, 0x00, 0x03, 0x99, 0xfe, 0xff, 0xff, 0xf3, 0x5c, 0x00,
  0x00, 0x86, 0xff, 0xff, 0xff, 0xff, 0xff, 0xfd, 0x3d, 0x05, 0xf3, 0xff, 0xff, 0xff, 0xff, 0xff,
  0xff, 0xad, 0x1d, 0xff, 0xff, 0xff, 0xff, 0xff, 0xff, 0xff, 0xd1, 0x0a, 0xfa, 0xff, 0xff, 0xff,
  0xff, 0xff, 0xff, 0xb9, 0x00, 0xa5, 0xff, 0xff, 0xff, 0xff, 0xff, 0xff, 0x59, 0x00, 0x10, 0xc7,
  0xff, 0xff, 0xff, 0xff, 0x8c, 0x00, 0x00, 0x00, 0x03, 0x56, 0x8d, 0x84, 0x37, 0x00, 0x00, 0x00,
  0x00, 0x00, 0x2b, 0x62, 0x59, 0x16, 0x00, 0x00, 0x00, 0x05, 0xa0, 0xff, 0xff, 0xff, 0xf6, 0x63,
  0x00, 0x00, 0x8b, 0xff, 0xff, 0xff, 0xff, 0xff, 0xfe, 0x41, 0x06, 0xf4, 0xff, 0xff, 0xff, 0xff,
  0xff, 0xff, 0xaf, 0x1d, 0xff, 0xff, 0xff, 0xff, 0xff, 0xff, 0xff, 0xd1, 0x09, 0xf9, 0xff, 0xff,
  0xff, 0xff, 0xff, 0xff, 0xb7, 0x00, 0xa1, 0xff, 0xff, 0xff, 0xff, 0xff, 0xff, 0x55, 0x00, 0x0e,
  0xc2, 0xff, 0xff, 0xff, 0xff, 0x85, 0x00, 0x00, 0x00, 0x02, 0x4f, 0x86, 0x7c, 0x30, 0x00, 0x00,
  0x00, 0x00, 0x00, 0x00, 0x00, 0x00, 0x00, 0x00, 0x00, 0x00, 0x00, 0x00, 0x00, 0x00, 0x00, 0x00,
  0x00, 0x00, 0x00, 0x00, 0x00, 0x00, 0x00, 0x00, 0x00, 0x00, 0x00, 0x00, 0x00, 0x00, 0x00, 0x00,
  0x00, 0x00, 0x00, 0x00, 0x00, 0x00, 0x00, 0x00, 0x00, 0x00, 0x00, 0x00, 0x00, 0x00, 0x00, 0x00,
  0x25, 0x5b, 0x51, 0x11, 0x00, 0x00, 0x00, 0x03, 0x99, 0xfe, 0xff, 0xff, 0xf3, 0x5c, 0x00, 0x00,
  0x86, 0xff, 0xff, 0xff, 0xff, 0xff, 0xfd, 0x3d, 0x05, 0xf3, 0xff, 0xff, 0xff, 0xff, 0xff, 0xff,
  0xad, 0x1d, 0xff, 0xff, 0xff, 0xff, 0xff, 0xff, 0xff, 0xd3, 0x0a, 0xfa, 0xff, 0xff, 0xff, 0xff,
  0xff, 0xff, 0xd7, 0x00, 0xa5, 0xff, 0xff, 0xff, 0xff, 0xff, 0xff, 0xd7, 0x00, 0x10, 0xc7, 0xff,
  0xff, 0xff, 0xff, 0xff, 0xd7, 0x00, 0x00, 0x03, 0x56, 0x8d, 0xb9, 0xff, 0xff, 0xd7, 0x00, 0x00,
  0x00, 0x00, 0x00, 0x8e, 0xff, 0xff, 0xd6, 0x00, 0x00, 0x73, 0xc6, 0xcd, 0xfe, 0xff, 0xff, 0xbf,
  0x00, 0x00, 0x95, 0xff, 0xff, 0xff, 0xff, 0xff, 0x67, 0x00, 0x00, 0x95, 0xff, 0xff, 0xff, 0xff,
  0x9f, 0x01, 0x00, 0x00, 0x4b, 0x80, 0x80, 0x76, 0x39, 0x00, 0x00, 0x00, 0x00, 0x00, 0x00, 0x00,
  0x00, 0x00, 0x00, 0x00, 0x00, 0x00, 0x00, 0x00, 0x00, 0x14, 0x58, 0x9f, 0x89, 0x00, 0x00, 0x00,
  0x00, 0x00, 0x00, 0x00, 0x00, 0x00, 0x00, 0x04, 0x3c, 0x83, 0xca, 0xfd, 0xff, 0xff, 0xa1, 0x00,
  0x00, 0x00, 0x00, 0x00, 0x00, 0x00, 0x20, 0x67, 0xae, 0xf1, 0xff, 0xff, 0xff, 0xff, 0xff, 0xff,
  0xa1, 0x00, 0x00, 0x00, 0x0b, 0x4b, 0x92, 0xd9, 0xff, 0xff, 0xff, 0xff, 0xff, 0xff, 0xff, 0xff,
  0xff, 0xff, 0xa1, 0x2e, 0x76, 0xbd, 0xf9, 0xff, 0xff, 0xff, 0xff, 0xff, 0xff, 0xff, 0xff, 0xff,
  0xff, 0xff, 0xff, 0xff, 0xa1, 0xed, 0xff, 0xff, 0xff, 0xff, 0xff, 0xff, 0xff, 0xff, 0xff, 0xff,
  0xff, 0xff, 0xff, 0xed, 0xab, 0x67, 0x1d, 0xed, 0xff, 0xff, 0xff, 0xff, 0xff, 0xff, 0xff, 0xff,
  0xff, 0xf8, 0xbd, 0x79, 0x34, 0x02, 0x00, 0x00, 0x00, 0xed, 0xff, 0xff, 0xff, 0xff, 0xff, 0xfe,
  0xcf, 0x8b, 0x46, 0x09, 0x00, 0x00, 0x00, 0x00, 0x00, 0x00, 0x00, 0xed, 0xff, 0xff, 0xe4, 0x9d,
  0x58, 0x15, 0x00, 0x00, 0x00, 0x00, 0x00, 0x00, 0x00, 0x00, 0x00, 0x00, 0x00, 0xed, 0xff, 0xff,
  0x80, 0x0a, 0x00, 0x00, 0x00, 0x00, 0x00, 0x00, 0x00, 0x00, 0x00, 0x00, 0x00, 0x00, 0x00, 0xed,
  0xff, 0xff, 0xff, 0xf9, 0xbe, 0x7a, 0x35, 0x02, 0x00, 0x00, 0x00, 0x00, 0x00, 0x00, 0x00, 0x00,
  0x00, 0xed, 0xff, 0xff, 0xff, 0xff, 0xff, 0xff, 0xff, 0xee, 0xac, 0x68, 0x23, 0x00, 0x00, 0x00,
  0x00, 0x00, 0x00, 0xed, 0xff, 0xff, 0xff, 0xff, 0xff, 0xff, 0xff, 0xff, 0xff, 0xff, 0xff, 0xdf,
  0x9a, 0x56, 0x13, 0x00, 0x00, 0xbd, 0xfd, 0xff, 0xff, 0xff, 0xff, 0xff, 0xff, 0xff, 0xff, 0xff,
  0xff, 0xff, 0xff, 0xff, 0xfe, 0xcd, 0x5e, 0x00, 0x13, 0x58, 0x9f, 0xe5, 0xff, 0xff, 0xff, 0xff,
  0xff, 0xff, 0xff, 0xff, 0xff, 0xff, 0xff, 0xff, 0xa1, 0x00, 0x00, 0x00, 0x00, 0x00, 0x2d, 0x74,
  0xbb, 0xf8, 0xff, 0xff, 0xff, 0xff, 0xff, 0xff, 0xff, 0xff, 0xa1, 0x00, 0x00, 0x00, 0x00, 0x00,
  0x00, 0x00, 0x00, 0x09, 0x49, 0x90, 0xd7, 0xff, 0xff, 0xff, 0xff, 0xff, 0xa1, 0x00, 0x00, 0x00,
  0x00, 0x00, 0x00, 0x00, 0x00, 0x00, 0x00, 0x00, 0x00, 0x1e, 0x65, 0xac, 0xef, 0xff, 0xa1, 0x00,
  0x00, 0x00, 0x00, 0x00, 0x00, 0x00, 0x00, 0x00, 0x00, 0x00, 0x00, 0x00, 0x00, 0x00, 0x03, 0x3a,
  0x49, 0xb1, 0xbf, 0xbf, 0xbf, 0xbf, 0xbf, 0xbf, 0xbf, 0xbf, 0xbf, 0xbf, 0xbf, 0xbf, 0xbf, 0xbf,
  0xbf, 0xbf, 0x78, 0xed, 0xff, 0xff, 0xff, 0xff, 0xff, 0xff, 0xff, 0xff, 0xff, 0xff, 0xff, 0xff,
  0xff, 0xff, 0xff, 0xff, 0xa1, 0xed, 0xff, 0xff, 0xff, 0xff, 0xff, 0xff, 0xff, 0xff, 0xff, 0xff,
  0xff, 0xff, 0xff, 0xff, 0xff, 0xff, 0xa1, 0xed, 0xff, 0xff, 0xff, 0xff, 0xff, 0xff, 0xff, 0xff,
  0xff, 0xff, 0xff, 0xff, 0xff, 0xff, 0xff, 0xff, 0xa1, 0xed, 0xff, 0xff, 0xff, 0xff, 0xff, 0xff,
  0xff, 0xff, 0xff, 0xff, 0xff, 0xff, 0xff, 0xff, 0xff, 0xff, 0xa1, 0x09, 0x0a, 0x0a, 0x0a, 0x0a,
  0x0a, 0x0a, 0x0a, 0x0a, 0x0a, 0x0a, 0x0a, 0x0a, 0x0a, 0x0a, 0x0a, 0x0a, 0x06, 0x00, 0x00, 0x00,
  0x00, 0x00, 0x00, 0x00, 0x00, 0x00, 0x00, 0x00, 0x00, 0x00, 0x00, 0x00, 0x00, 0x00, 0x00, 0x68,
  0x70, 0x70, 0x70, 0x70, 0x70, 0x70, 0x70, 0x70, 0x70, 0x70, 0x70, 0x70, 0x70, 0x70, 0x70, 0x70,
  0x46, 0xed, 0xff, 0xff, 0xff, 0xff, 0xff, 0xff, 0xff, 0xff, 0xff, 0xff, 0xff, 0xff, 0xff, 0xff,
  0xff, 0xff, 0xa1, 0xed, 0xff, 0xff, 0xff, 0xff, 0xff, 0xff, 0xff, 0xff, 0xff, 0xff, 0xff, 0xff,
  0xff, 0xff, 0xff, 0xff, 0xa1, 0xed, 0xff, 0xff, 0xff, 0xff, 0xff, 0xff, 0xff, 0xff, 0xff, 0xff,
  0xff, 0xff, 0xff, 0xff, 0xff, 0xff, 0xa1, 0xed, 0xff, 0xff, 0xff, 0xff, 0xff, 0xff, 0xff, 0xff,
  0xff, 0xff, 0xff, 0xff, 0xff, 0xff, 0xff, 0xff, 0xa1, 0x52, 0x59, 0x59, 0x59, 0x59, 0x59, 0x59,
  0x59, 0x59, 0x59, 0x59, 0x59, 0x59, 0x59, 0x59, 0x59, 0x59, 0x38, 0xc0, 0x8a, 0x43, 0x07, 0x00,
  0x00, 0x00, 0x00, 0x00, 0x00, 0x00, 0x00, 0x00, 0x00, 0x00, 0x00, 0x00, 0x00, 0xed, 0xff, 0xff,
  0xf5, 0xb5, 0x6e, 0x27, 0x00, 0x00, 0x00, 0x00, 0x00, 0x00, 0x00, 0x00, 0x00, 0x00, 0x00, 0xed,
  0xff, 0xff, 0xff, 0xff, 0xff, 0xff, 0xe0, 0x99, 0x52, 0x0f, 0x00, 0x00, 0x00, 0x00, 0x00, 0x00,
  0x00, 0xed, 0xff, 0xff, 0xff, 0xff, 0xff, 0xff, 0xff, 0xff, 0xff, 0xfc, 0xc4, 0x7d, 0x36, 0x02,
  0x00, 0x00, 0x00, 0xed, 0xff, 0xff, 0xff, 0xff, 0xff, 0xff, 0xff, 0xff, 0xff, 0xff, 0xff, 0xff,
  0xff, 0xed, 0xa8, 0x61, 0x19, 0x35, 0x7b, 0xc0, 0xf9, 0xff, 0xff, 0xff, 0xff, 0xff, 0xff, 0xff,
  0xff, 0xff, 0xff, 0xff, 0xff, 0xff, 0xa1, 0x00, 0x00, 0x00, 0x0a, 0x49, 0x8d, 0xd2, 0xfe, 0xff,
  0xff, 0xff, 0xff, 0xff, 0xff, 0xff, 0xff, 0xff, 0xa1, 0x00, 0x00, 0x00, 0x00, 0x00, 0x00, 0x00,
  0x17, 0x5b, 0x9f, 0xe3, 0xff, 0xff, 0xff, 0xff, 0xff, 0xff, 0xa1, 0x00, 0x00, 0x00, 0x00, 0x00,
  0x00, 0x00, 0x00, 0x00, 0x00, 0x00, 0x28, 0x6d, 0xb1, 0xf4, 0xff, 0xff, 0xa1, 0x00, 0x00, 0x00,
  0x00, 0x00, 0x00, 0x00, 0x00, 0x00, 0x00, 0x00, 0x00, 0x00, 0x18, 0xbe, 0xff, 0xff, 0xa1, 0x00,
  0x00, 0x00, 0x00, 0x00, 0x00, 0x00, 0x00, 0x00, 0x0b, 0x4a, 0x8e, 0xd3, 0xff, 0xff, 0xff, 0xff,
  0xa1, 0x00, 0x00, 0x00, 0x00, 0x00, 0x03, 0x38, 0x7c, 0xc1, 0xfa, 0xff, 0xff, 0xff, 0xff, 0xff,
  0xff, 0xff, 0xa1, 0x00, 0x00, 0x26, 0x6a, 0xaf, 0xf0, 0xff, 0xff, 0xff, 0xff, 0xff, 0xff, 0xff,
  0xff, 0xff, 0xff, 0xff, 0xa1, 0x93, 0xe1, 0xff, 0xff, 0xff, 0xff, 0xff, 0xff, 0xff, 0xff, 0xff,
  0xff, 0xff, 0xff, 0xff, 0xff, 0xf4, 0x7a, 0xed, 0xff, 0xff, 0xff, 0xff, 0xff, 0xff, 0xff, 0xff,
  0xff, 0xff, 0xff, 0xff, 0xd1, 0x8a, 0x43, 0x06, 0x00, 0xed, 0xff, 0xff, 0xff, 0xff, 0xff, 0xff,
  0xff, 0xff, 0xea, 0xa6, 0x5f, 0x18, 0x00, 0x00, 0x00, 0x00, 0x00, 0xed, 0xff, 0xff, 0xff, 0xff,
  0xfb, 0xc2, 0x7b, 0x34, 0x01, 0x00, 0x00, 0x00, 0x00, 0x00, 0x00, 0x00, 0x00, 0xed, 0xff, 0xdd,
  0x97, 0x50, 0x0d, 0x00, 0x00, 0x00, 0x00, 0x00, 0x00, 0x00, 0x00, 0x00, 0x00, 0x00, 0x00, 0x61,
  0x25, 0x00, 0x00, 0x00, 0x00, 0x00, 0x00, 0x00, 0x00, 0x00, 0x00, 0x00, 0x00, 0x00, 0x00, 0x00,
  0x00, 0x00, 0x00, 0x00, 0x00, 0x00, 0x00, 0x1a, 0x71, 0xb5, 0xe0, 0xf3, 0xf7, 0xe8, 0xc1, 0x81,
  0x26, 0x00, 0x00, 0x00, 0x00, 0x00, 0x00, 0x00, 0x00, 0x00, 0x00, 0x0a, 0x8e, 0xf8, 0xff, 0xff,
  0xff, 0xff, 0xff, 0xff, 0xff, 0xff, 0xfd, 0xa3, 0x14, 0x00, 0x00, 0x00, 0x00, 0x00, 0x00, 0x00,
  0x1e, 0xd5, 0xff, 0xff, 0xff, 0xff, 0xff, 0xff, 0xff, 0xff, 0xff, 0xff, 0xff, 0xff, 0xe3, 0x2d,
  0x00, 0x00, 0x00, 0x00, 0x00, 0x14, 0xdd, 0xff, 0xff, 0xff, 0xff, 0xff, 0xff, 0xff, 0xff, 0xff,
  0xff, 0xff, 0xff, 0xff, 0xff, 0xe8, 0x20, 0x00, 0x00, 0x00, 0x00, 0xaf, 0xff, 0xff, 0xff, 0xff,
  0xff, 0xff, 0xff, 0xff, 0xff, 0xff, 0xff, 0xff, 0xff, 0xff, 0xff, 0xff, 0xc1, 0x00, 0x00, 0x00,
  0x3d, 0xff, 0xff, 0xff, 0xff, 0xff, 0xff, 0xef, 0x8e, 0x5b, 0x55, 0x7c, 0xd9, 0xff, 0xff, 0xff,
  0xff, 0xff, 0xff, 0x4c, 0x00, 0x00, 0xa8, 0xff, 0xff, 0xff, 0xff, 0xff, 0xd0, 0x17, 0x00, 0x00,
  0x00, 0x00, 0x05, 0xa1, 0xff, 0xff, 0xff, 0xff, 0xff, 0xb1, 0x00, 0x02, 0xf2, 0xff, 0xff, 0xff,
  0xff, 0xf7, 0x21, 0x00, 0x00, 0x00, 0x00, 0x00, 0x00, 0x05, 0xd9, 0xff, 0xff, 0xff, 0xff, 0xf3,
  0x01, 0x22, 0xff, 0xff, 0xff, 0xff, 0xff, 0x9f, 0x00, 0x00, 0x00, 0x00, 0x00, 0x00, 0x00, 0x00,
  0x7e, 0xff, 0xff, 0xff, 0xff, 0xff, 0x1d, 0x36, 0xff, 0xff, 0xff, 0xff, 0xff, 0x62, 0x00, 0x00,
  0x00, 0x00, 0x00, 0x00, 0x00, 0x00, 0x61, 0xff, 0xff, 0xff, 0xff, 0xff, 0x2c, 0x3a, 0xff, 0xff,
  0xff, 0xff, 0xff, 0x51, 0x00, 0x00, 0x00, 0x00, 0x00, 0x00, 0x00, 0x00, 0x78, 0xff, 0xff, 0xff,
  0xff, 0xff, 0x26, 0x3a, 0xff, 0xff, 0xff, 0xff, 0xff, 0x50, 0x00, 0x00, 0x00, 0x00, 0x00, 0x00,
  0x00, 0x00, 0xc8, 0xff, 0xff, 0xff, 0xff, 0xfe, 0x0b, 0x01, 0x06, 0x06, 0x06, 0x06, 0x06, 0x01,
  0x00, 0x00, 0x00, 0x00, 0x00, 0x00, 0x00, 0x78, 0xff, 0xff, 0xff, 0xff, 0xff, 0xd4, 0x00, 0x00,
  0x00, 0x00, 0x00, 0x00, 0x00, 0x00, 0x00, 0x00, 0x1a, 0x55, 0x61, 0x74, 0xc0, 0xff, 0xff, 0xff,
  0xff, 0xff, 0xff, 0x80, 0x00, 0x00, 0x00, 0x00, 0x00, 0x00, 0x00, 0x00, 0x00, 0x7a, 0xfa, 0xff,
  0xff, 0xff, 0xff, 0xff, 0xff, 0xff, 0xff, 0xff, 0xec, 0x14, 0x00, 0x00, 0x00, 0x00, 0x00, 0x00,
  0x00, 0x00, 0x56, 0xff, 0xff, 0xff, 0xff, 0xff, 0xff, 0xff, 0xff, 0xff, 0xff, 0xff, 0x60, 0x00,
  0x00, 0x00, 0x00, 0x00, 0x00, 0x00, 0x00, 0x00, 0xc0, 0xff, 0xff, 0xff, 0xff, 0xff, 0xff, 0xff,
  0xff, 0xff, 0xff, 0x76, 0x00, 0x00, 0x00, 0x00, 0x00, 0x00, 0x00, 0x00, 0x00, 0x00, 0xe0, 0xff,
  0xff, 0xff, 0xff, 0xff, 0xff, 0xff, 0xff, 0xdd, 0x52, 0x00, 0x00, 0x00, 0x00, 0x00, 0x00, 0x00,
  0x00, 0x00, 0x00, 0x00, 0xe3, 0xff, 0xff, 0xff, 0xff, 0xe2, 0x78, 0x62, 0x34, 0x01, 0x00, 0x00,
  0x00, 0x00, 0x00, 0x00, 0x00, 0x00, 0x00, 0x00, 0x00, 0x00, 0xe2, 0xff, 0xff, 0xff, 0xff, 0x71,
  0x00, 0x00, 0x00, 0x00, 0x00, 0x00, 0x00, 0x00, 0x00, 0x00, 0x00, 0x00, 0x00, 0x00, 0x00, 0x00,
  0xe2, 0xff, 0xff, 0xff, 0xff, 0x67, 0x00, 0x00, 0x00, 0x00, 0x00, 0x00, 0x00, 0x00, 0x00, 0x00,
  0x00, 0x00, 0x00, 0x00, 0x00, 0x00, 0x15, 0x18, 0x18, 0x18, 0x18, 0x09, 0x00, 0x00, 0x00, 0x00,
  0x00, 0x00, 0x00, 0x00, 0x00, 0x00, 0x00, 0x00, 0x00, 0x00, 0x00, 0x00, 0x00, 0x29, 0x5c, 0x4f,
  0x0f, 0x00, 0x00, 0x00, 0x00, 0x00, 0x00, 0x00, 0x00, 0x00, 0x00, 0x00, 0x00, 0x00, 0x00, 0x00,
  0x00, 0x06, 0xa2, 0xff, 0xff, 0xff, 0xf0, 0x53, 0x00, 0x00, 0x00, 0x00, 0x00, 0x00, 0x00, 0x00,
  0x00, 0x00, 0x00, 0x00, 0x00, 0x00, 0x00, 0x93, 0xff, 0xff, 0xff, 0xff, 0xff, 0xfa, 0x32, 0x00,
  0x00, 0x00, 0x00, 0x00, 0x00, 0x00, 0x00, 0x00, 0x00, 0x00, 0x00, 0x00, 0x0c, 0xf9, 0xff, 0xff,
  0xff, 0xff, 0xff, 0xff, 0xa0, 0x00, 0x00, 0x00, 0x00, 0x00, 0x00, 0x00, 0x00, 0x00, 0x00, 0x00,
  0x00, 0x00, 0x2a, 0xff, 0xff, 0xff, 0xff, 0xff, 0xff, 0xff, 0xc4, 0x00, 0x00, 0x00, 0x00, 0x00,
  0x00, 0x00, 0x00, 0x00, 0x00, 0x00, 0x00, 0x00, 0x13, 0xfe, 0xff, 0xff, 0xff, 0xff, 0xff, 0xff,
  0xac, 0x00, 0x00, 0x00, 0x00, 0x00, 0x00, 0x00, 0x00, 0x00, 0x00, 0x00, 0x00, 0x00, 0x00, 0xb1,
  0xff, 0xff, 0xff, 0xff, 0xff, 0xff, 0x4c, 0x00, 0x00, 0x00, 0x00, 0x00, 0x00, 0x00, 0x00, 0x00,
  0x00, 0x00, 0x00, 0x00, 0x00, 0x15, 0xcf, 0xff, 0xff, 0xff, 0xff, 0x80, 0x00, 0x00, 0x00, 0x00,
  0x00, 0x00, 0x00, 0x00, 0x00, 0x00, 0x00, 0x00, 0x00, 0x00, 0x00, 0x00, 0x05, 0x5a, 0x8e, 0x81,
  0x32, 0x00, 0x00, 0x00, 0x00, 0x00, 0x00, 0x00, 0x00, 0x00, 0x00, 0x00, 0x00, 0x38, 0x75, 0x75,
  0x75, 0x75, 0x75, 0x75, 0x75, 0x75, 0x75, 0x75, 0x75, 0x75, 0x74, 0x67, 0x53, 0x20, 0x00, 0x00,
  0x00, 0x00, 0x00, 0x00, 0x00, 0x00, 0x7b, 0xff, 0xff, 0xff, 0xff, 0xff, 0xff, 0xff, 0xff, 0xff,
  0xff, 0xff, 0xff, 0xff, 0xff, 0xff, 0xff, 0xda, 0x6c, 0x06, 0x00, 0x00, 0x00, 0x00, 0x00, 0x7a,
  0xff, 0xff, 0xff, 0xff, 0xff, 0xff, 0xff, 0xff, 0xff, 0xff, 0xff, 0xff, 0xff, 0xff, 0xff, 0xff,
  0xff, 0xff, 0xcd, 0x21, 0x00, 0x00, 0x00, 0x00, 0x7a, 0xff, 0xff, 0xff, 0xff, 0xff, 0xff, 0xff,
  0xff, 0xff, 0xff, 0xff, 0xff, 0xff, 0xff, 0xff, 0xff, 0xff, 0xff, 0xff, 0xdb, 0x13, 0x00, 0x00,
  0x00, 0x7a, 0xff, 0xff, 0xff, 0xff, 0xff, 0xff, 0xff, 0xff, 0xff, 0xff, 0xff, 0xff, 0xff, 0xff,
  0xff, 0xff, 0xff, 0xff, 0xff, 0xff, 0x9a, 0x00, 0x00, 0x00, 0x47, 0x94, 0x94, 0x94, 0x94, 0x94,
  0x94, 0x94, 0x94, 0x94, 0x94, 0x94, 0x95, 0xa4, 0xd3, 0xff, 0xff, 0xff, 0xff, 0xff, 0xff, 0xfa,
  0x17, 0x00, 0x00, 0x00, 0x00, 0x00, 0x00, 0x00, 0x00, 0x00, 0x00, 0x00, 0x00, 0x00, 0x00, 0x00,
  0x00, 0x00, 0x38, 0xdd, 0xff, 0xff, 0xff, 0xff, 0xff, 0x5b, 0x00, 0x00, 0x00, 0x00, 0x00, 0x00,
  0x00, 0x00, 0x00, 0x00, 0x00, 0x00, 0x00, 0x00, 0x00, 0x00, 0x00, 0x00, 0x26, 0xf9, 0xff, 0xff,
  0xff, 0xff, 0x8f, 0x00, 0x00, 0x00, 0x00, 0x00, 0x0f, 0x49, 0x60, 0x4d, 0x14, 0x00, 0x00, 0x00,
  0x00, 0x00, 0x00, 0x00, 0x00, 0x00, 0xa8, 0xff, 0xff, 0xff, 0xff, 0xa3, 0x00, 0x00, 0x00, 0x0f,
  0x97, 0xf8, 0xff, 0xff, 0xff, 0xf7, 0x6a, 0x00, 0xbb, 0xce, 0xce, 0xce, 0xce, 0x1c, 0x00, 0x6f,
  0xff, 0xff, 0xff, 0xff, 0xb1, 0x00, 0x00, 0x18, 0xd8, 0xff, 0xff, 0xff, 0xff, 0xff, 0xff, 0xfe,
  0x63, 0xee, 0xff, 0xff, 0xff, 0xff, 0x22, 0x00, 0x5b, 0xff, 0xff, 0xff, 0xff, 0xb2, 0x00, 0x01,
  0xc1, 0xff, 0xff, 0xff, 0xff, 0xff, 0xff, 0xff, 0xff, 0xff, 0xff, 0xff, 0xff, 0xff, 0xff, 0x22,
  0x00, 0x58, 0xff, 0xff, 0xff, 0xff, 0xb2, 0x00, 0x57, 0xff, 0xff, 0xff, 0xff, 0xff, 0xff, 0xff,
  0xff, 0xff, 0xff, 0xff, 0xff, 0xff, 0xff, 0xff, 0x22, 0x00, 0x58, 0xff, 0xff, 0xff, 0xff, 0xb2,
  0x00, 0xc2, 0xff, 0xff, 0xff, 0xff, 0xff, 0xc4, 0x71, 0x76, 0xd0, 0xff, 0xff, 0xff, 0xff, 0xff,
  0xff, 0x22, 0x00, 0x58, 0xff, 0xff, 0xff, 0xff, 0xb2, 0x0e, 0xfc, 0xff, 0xff, 0xff, 0xff, 0xa9,
  0x01, 0x00, 0x00, 0x05, 0xc9, 0xff, 0xff, 0xff, 0xff, 0xff, 0x22, 0x00, 0x58, 0xff, 0xff, 0xff,
  0xff, 0xb2, 0x3b, 0xff, 0xff, 0xff, 0xff, 0xfc, 0x1a, 0x00, 0x00, 0x00, 0x00, 0x56, 0xff, 0xff,
  0xff, 0xff, 0xff, 0x22, 0x00, 0x58, 0xff, 0xff, 0xff, 0xff, 0xb2, 0x58, 0xff, 0xff, 0xff, 0xff,
  0xc8, 0x00, 0x00, 0x00, 0x00, 0x00, 0x0e, 0xff, 0xff, 0xff, 0xff, 0xff, 0x22, 0x00, 0x58, 0xff,
  0xff, 0xff, 0xff, 0xb2, 0x64, 0xff, 0xff, 0xff, 0xff, 0xa7, 0x00, 0x00, 0x00, 0x00, 0x00, 0x00,
  0xf3, 0xff, 0xff, 0xff, 0xff, 0x22, 0x00, 0x58, 0xff, 0xff, 0xff, 0xff, 0xb2, 0x65, 0xff, 0xff,
  0xff, 0xff, 0xa5, 0x00, 0x00, 0x00, 0x00, 0x00, 0x00, 0xef, 0xff, 0xff, 0xff, 0xff, 0x22, 0x00,
  0x58, 0xff, 0xff, 0xff, 0xff, 0xb2, 0x57, 0xff, 0xff, 0xff, 0xff, 0xbe, 0x00, 0x00, 0x00, 0x00,
  0x00, 0x09, 0xff, 0xff, 0xff, 0xff, 0xff, 0x22, 0x00, 0x58, 0xff, 0xff, 0xff, 0xff, 0xb2, 0x44,
  0xff, 0xff, 0xff, 0xff, 0xf5, 0x0c, 0x00, 0x00, 0x00, 0x00, 0x43, 0xff, 0xff, 0xff, 0xff, 0xff,
  0x22, 0x00, 0x58, 0xff, 0xff, 0xff, 0xff, 0xb2, 0x17, 0xff, 0xff, 0xff, 0xff, 0xff, 0x86, 0x00,
  0x00, 0x00, 0x00, 0xb0, 0xff, 0xff, 0xff, 0xff, 0xff, 0x25, 0x00, 0x5a, 0xff, 0xff, 0xff, 0xff,
  0xb2, 0x00, 0xde, 0xff, 0xff, 0xff, 0xff, 0xfe, 0x94, 0x3f, 0x45, 0xa4, 0xff, 0xff, 0xff, 0xff,
  0xff, 0xff, 0x8b, 0x38, 0xb3, 0xff, 0xff, 0xff, 0xff, 0xb2, 0x00, 0x80, 0xff, 0xff, 0xff, 0xff,
  0xff, 0xff, 0xff, 0xff, 0xff, 0xff, 0xff, 0xff, 0xff, 0xff, 0xff, 0xff, 0xff, 0xff, 0xff, 0xff,
  0xff, 0xff, 0xb0, 0x00, 0x13, 0xe8, 0xff, 0xff, 0xff, 0xff, 0xff, 0xff, 0xff, 0xff, 0xff, 0xff,
  0xff, 0xff, 0xff, 0xff, 0xff, 0xff, 0xff, 0xff, 0xff, 0xff, 0xff, 0x94, 0x00, 0x00, 0x44, 0xf7,
  0xff, 0xff, 0xff, 0xff, 0xff, 0xff, 0xff, 0x82, 0xa3, 0xff, 0xff, 0xff, 0xff, 0xff, 0xff, 0xff,
  0xff, 0xff, 0xff, 0xff, 0x3b, 0x00, 0x00, 0x00, 0x3a, 0xd8, 0xff, 0xff, 0xff, 0xff, 0xff, 0x9d,
  0x03, 0x20, 0xec, 0xff, 0xff, 0xff, 0xff, 0xff, 0xff, 0xff, 0xff, 0xfe, 0x78, 0x00, 0x00, 0x00,
  0x00, 0x00, 0x04, 0x46, 0x7f, 0x92, 0x7f, 0x3c, 0x00, 0x00, 0x00, 0x15, 0x71, 0x91, 0x96, 0x96,
  0x96, 0x96, 0x95, 0x7f, 0x2f, 0x00, 0x00, 0x00, 0x00, 0x00, 0x00, 0x00, 0x00, 0x00, 0x29, 0x66,
  0x66, 0x66, 0x66, 0x66, 0x66, 0x66, 0x66, 0x66, 0x66, 0x0b, 0x00, 0x00, 0x00, 0x00, 0x00, 0x00,
  0x00, 0x00, 0x00, 0x00, 0x00, 0x00, 0x00, 0x00, 0x92, 0xff, 0xff, 0xff, 0xff, 0xff, 0xff, 0xff,
  0xff, 0xff, 0xff, 0x46, 0x00, 0x00, 0x00, 0x00, 0x00, 0x00, 0x00, 0x00, 0x00, 0x00, 0x00, 0x00,
  0x00, 0x00, 0xcf, 0xff, 0xff, 0xff, 0xff, 0xff, 0xff, 0xff, 0xff, 0xff, 0xff, 0x83, 0x00, 0x00,
  0x00, 0x00, 0x00, 0x00, 0x00, 0x00, 0x00, 0x00, 0x00, 0x00, 0x00, 0x0f, 0xfd, 0xff, 0xff, 0xff,
  0xff, 0x9f, 0xcf, 0xff, 0xff, 0xff, 0xff, 0xc0, 0x00, 0x00, 0x00, 0x00, 0x00, 0x00, 0x00, 0x00,
  0x00, 0x00, 0x00, 0x00, 0x00, 0x49, 0xff, 0xff, 0xff, 0xff, 0xff, 0x37, 0x83, 0xff, 0xff, 0xff,
  0xff, 0xf7, 0x06, 0x00, 0x00, 0x00, 0x00, 0x00, 0x00, 0x00, 0x00, 0x00, 0x00, 0x00, 0x00, 0x86,
  0xff, 0xff, 0xff, 0xff, 0xf6, 0x05, 0x49, 0xff, 0xff, 0xff, 0xff, 0xff, 0x3a, 0x00, 0x00, 0x00,
  0x00, 0x00, 0x00, 0x00, 0x00, 0x00, 0x00, 0x00, 0x00, 0xc3, 0xff, 0xff, 0xff, 0xff, 0xc1, 0x00,
  0x11, 0xfe, 0xff, 0xff, 0xff, 0xff, 0x77, 0x00, 0x00, 0x00, 0x00, 0x00, 0x00, 0x00, 0x00, 0x00,
  0x00, 0x00, 0x07, 0xf8, 0xff, 0xff, 0xff, 0xff, 0x87, 0x00, 0x00, 0xd5, 0xff, 0xff, 0xff, 0xff,
  0xb5, 0x00, 0x00, 0x00, 0x00, 0x00, 0x00, 0x00, 0x00, 0x00, 0x00, 0x00, 0x3d, 0xff, 0xff, 0xff,
  0xff, 0xff, 0x4c, 0x00, 0x00, 0x9b, 0xff, 0xff, 0xff, 0xff, 0xef, 0x02, 0x00, 0x00, 0x00, 0x00,
  0x00, 0x00, 0x00, 0x00, 0x00, 0x00, 0x7a, 0xff, 0xff, 0xff, 0xff, 0xfe, 0x13, 0x00, 0x00, 0x61,
  0xff, 0xff, 0xff, 0xff, 0xff, 0x2f, 0x00, 0x00, 0x00, 0x00, 0x00, 0x00, 0x00, 0x00, 0x00, 0x00,
  0xb8, 0xff, 0xff, 0xff, 0xff, 0xd7, 0x00, 0x00, 0x00, 0x27, 0xff, 0xff, 0xff, 0xff, 0xff, 0x6c,
  0x00, 0x00, 0x00, 0x00, 0x00, 0x00, 0x00, 0x00, 0x00, 0x03, 0xf1, 0xff, 0xff, 0xff, 0xff, 0x9c,
  0x00, 0x00, 0x00, 0x01, 0xed, 0xff, 0xff, 0xff, 0xff, 0xa9, 0x00, 0x00, 0x00, 0x00, 0x00, 0x00,
  0x00, 0x00, 0x00, 0x32, 0xff, 0xff, 0xff, 0xff, 0xff, 0x62, 0x00, 0x00, 0x00, 0x00, 0xb4, 0xff,
  0xff, 0xff, 0xff, 0xe6, 0x00, 0x00, 0x00, 0x00, 0x00, 0x00, 0x00, 0x00, 0x00, 0x6f, 0xff, 0xff,
  0xff, 0xff, 0xff, 0x27, 0x00, 0x00, 0x00, 0x00, 0x7a, 0xff, 0xff, 0xff, 0xff, 0xff, 0x23, 0x00,
  0x00, 0x00, 0x00, 0x00, 0x00, 0x00, 0x00, 0xac, 0xff, 0xff, 0xff, 0xff, 0xeb, 0x00, 0x00, 0x00,
  0x00, 0x00, 0x40, 0xff, 0xff, 0xff, 0xff, 0xff, 0x60, 0x00, 0x00, 0x00, 0x00, 0x00, 0x00, 0x00,
  0x00, 0xe8, 0xff, 0xff, 0xff, 0xff, 0xb2, 0x00, 0x00, 0x00, 0x00, 0x00, 0x0a, 0xfb, 0xff, 0xff,
  0xff, 0xff, 0x9d, 0x00, 0x00, 0x00, 0x00, 0x00, 0x00, 0x00, 0x26, 0xff, 0xff, 0xff, 0xff, 0xff,
  0x77, 0x00, 0x00, 0x00, 0x00, 0x00, 0x00, 0xcc, 0xff, 0xff, 0xff, 0xff, 0xda, 0x00, 0x00, 0x00,
  0x00, 0x00, 0x00, 0x00, 0x63, 0xff, 0xff, 0xff, 0xff, 0xff, 0x3c, 0x00, 0x00, 0x00, 0x00, 0x00,
  0x00, 0x92, 0xff, 0xff, 0xff, 0xff, 0xff, 0x17, 0x00, 0x00, 0x00, 0x00, 0x00, 0x00, 0xa0, 0xff,
  0xff, 0xff, 0xff, 0xff, 0x9f, 0x97, 0x97, 0x97, 0x97, 0x97, 0x97, 0xc2, 0xff, 0xff, 0xff, 0xff,
  0xff, 0x54, 0x00, 0x00, 0x00, 0x00, 0x00, 0x00, 0xdd, 0xff, 0xff, 0xff, 0xff, 0xff, 0xff, 0xff,
  0xff, 0xff, 0xff, 0xff, 0xff, 0xff, 0xff, 0xff, 0xff, 0xff, 0xff, 0x91, 0x00, 0x00, 0x00, 0x00,
  0x00, 0x1a, 0xff, 0xff, 0xff, 0xff, 0xff, 0xff, 0xff, 0xff, 0xff, 0xff, 0xff, 0xff, 0xff, 0xff,
  0xff, 0xff, 0xff, 0xff, 0xff, 0xce, 0x00, 0x00, 0x00, 0x00, 0x00, 0x57, 0xff, 0xff, 0xff, 0xff,
  0xff, 0xff, 0xff, 0xff, 0xff, 0xff, 0xff, 0xff, 0xff, 0xff, 0xff, 0xff, 0xff, 0xff, 0xff, 0xfd,
  0x0e, 0x00, 0x00, 0x00, 0x00, 0x94, 0xff, 0xff, 0xff, 0xff, 0xff, 0xff, 0xff, 0xff, 0xff, 0xff,
  0xff, 0xff, 0xff, 0xff, 0xff, 0xff, 0xff, 0xff, 0xff, 0xff, 0x48, 0x00, 0x00, 0x00, 0x00, 0xd1,
  0xff, 0xff, 0xff, 0xff, 0xf2, 0xb3, 0xb3, 0xb3, 0xb3, 0xb3, 0xb3, 0xb3, 0xb3, 0xb3, 0xbc, 0xff,
  0xff, 0xff, 0xff, 0xff, 0x86, 0x00, 0x00, 0x00, 0x10, 0xfd, 0xff, 0xff, 0xff, 0xff, 0xac, 0x00,
  0x00, 0x00, 0x00, 0x00, 0x00, 0x00, 0x00, 0x00, 0x03, 0xf4, 0xff, 0xff, 0xff, 0xff, 0xc3, 0x00,
  0x00, 0x00, 0x4b, 0xff, 0xff, 0xff, 0xff, 0xff, 0x72, 0x00, 0x00, 0x00, 0x00, 0x00, 0x00, 0x00,
  0x00, 0x00, 0x00, 0xbd, 0xff, 0xff, 0xff, 0xff, 0xf8, 0x07, 0x00, 0x00, 0x89, 0xff, 0xff, 0xff,
  0xff, 0xff, 0x38, 0x00, 0x00, 0x00, 0x00, 0x00, 0x00, 0x00, 0x00, 0x00, 0x00, 0x83, 0xff, 0xff,
  0xff, 0xff, 0xff, 0x3d, 0x00, 0x00, 0xc6, 0xff, 0xff, 0xff, 0xff, 0xf7, 0x06, 0x00, 0x00, 0x00,
  0x00, 0x00, 0x00, 0x00, 0x00, 0x00, 0x00, 0x49, 0xff, 0xff, 0xff, 0xff, 0xff, 0x7a, 0x00, 0x09,
  0xf9, 0xff, 0xff, 0xff, 0xff, 0xc4, 0x00, 0x00, 0x00, 0x00, 0x00, 0x00, 0x00, 0x00, 0x00, 0x00,
  0x00, 0x11, 0xfe, 0xff, 0xff, 0xff, 0xff, 0xb7, 0x00, 0x40, 0xff, 0xff, 0xff, 0xff, 0xff, 0x8a,
  0x00, 0x00, 0x00, 0x00, 0x00, 0x00, 0x00, 0x00, 0x00, 0x00, 0x00, 0x00, 0xd5, 0xff, 0xff, 0xff,
  0xff, 0xf1, 0x02, 0x07, 0x66, 0x66, 0x66, 0x66, 0x66, 0x66, 0x66, 0x66, 0x66, 0x66, 0x66, 0x66,
  0x66, 0x5a, 0x48, 0x1a, 0x00, 0x00, 0x00, 0x00, 0x00, 0x00, 0x11, 0xff, 0xff, 0xff, 0xff, 0xff,
  0xff, 0xff, 0xff, 0xff, 0xff, 0xff, 0xff, 0xff, 0xff, 0xff, 0xff, 0xd9, 0x6c, 0x07, 0x00, 0x00,
  0x00, 0x11, 0xff, 0xff, 0xff, 0xff, 0xff, 0xff, 0xff, 0xff, 0xff, 0xff, 0xff, 0xff, 0xff, 0xff,
  0xff, 0xff, 0xff, 0xff, 0xcc, 0x1d, 0x00, 0x00, 0x11, 0xff, 0xff, 0xff, 0xff, 0xff, 0xff, 0xff,
  0xff, 0xff, 0xff, 0xff, 0xff, 0xff, 0xff, 0xff, 0xff, 0xff, 0xff, 0xff, 0xd5, 0x0e, 0x00, 0x11,
  0xff, 0xff, 0xff, 0xff, 0xff, 0xff, 0xff, 0xff, 0xff, 0xff, 0xff, 0xff, 0xff, 0xff, 0xff, 0xff,
  0xff, 0xff, 0xff, 0xff, 0x90, 0x00, 0x0f, 0xe4, 0xe4, 0xec, 0xff, 0xff, 0xff, 0xff, 0xff, 0xeb,
  0xe4, 0xe4, 0xe4, 0xec, 0xff, 0xff, 0xff, 0xff, 0xff, 0xff, 0xff, 0xf9, 0x0e, 0x00, 0x00, 0x00,
  0x4b, 0xff, 0xff, 0xff, 0xff, 0xff, 0x3f, 0x00, 0x00, 0x00, 0x00, 0x0a, 0x5c, 0xe1, 0xff, 0xff,
  0xff, 0xff, 0xff, 0x51, 0x00, 0x00, 0x00, 0x4b, 0xff, 0xff, 0xff, 0xff, 0xff, 0x3f, 0x00, 0x00,
  0x00, 0x00, 0x00, 0x00, 0x29, 0xfe, 0xff, 0xff, 0xff, 0xff, 0x74, 0x00, 0x00, 0x00, 0x4b, 0xff,
  0xff, 0xff, 0xff, 0xff, 0x3f, 0x00, 0x00, 0x00, 0x00, 0x00, 0x00, 0x00, 0xd6, 0xff, 0xff, 0xff,
  0xff, 0x83, 0x00, 0x00, 0x00, 0x4b, 0xff, 0xff, 0xff, 0xff, 0xff, 0x3f, 0x00, 0x00, 0x00, 0x00,
  0x00, 0x00, 0x00, 0xca, 0xff, 0xff, 0xff, 0xff, 0x76, 0x00, 0x00, 0x00, 0x4b, 0xff, 0xff, 0xff,
  0xff, 0xff, 0x3f, 0x00, 0x00, 0x00, 0x00, 0x00, 0x00, 0x04, 0xed, 0xff, 0xff, 0xff, 0xff, 0x4b,
  0x00, 0x00, 0x00, 0x4b, 0xff, 0xff, 0xff, 0xff, 0xff, 0x3f, 0x00, 0x00, 0x00, 0x00, 0x00, 0x01,
  0x85, 0xff, 0xff, 0xff, 0xff, 0xe8, 0x08, 0x00, 0x00, 0x00, 0x4b, 0xff, 0xff, 0xff, 0xff, 0xff,
  0x8a, 0x63, 0x63, 0x63, 0x6b, 0x88, 0xd9, 0xff, 0xff, 0xff, 0xff, 0xfe, 0x52, 0x00, 0x00, 0x00,
  0x00, 0x4b, 0xff, 0xff, 0xff, 0xff, 0xff, 0xff, 0xff, 0xff, 0xff, 0xff, 0xff, 0xff, 0xff, 0xff,
  0xff, 0xf2, 0x57, 0x00, 0x00, 0x00, 0x00, 0x00, 0x4b, 0xff, 0xff, 0xff, 0xff, 0xff, 0xff, 0xff,
  0xff, 0xff, 0xff, 0xff, 0xff, 0xff, 0xea, 0x8b, 0x1a, 0x00, 0x00, 0x00, 0x00, 0x00, 0x00, 0x4b,
  0xff, 0xff, 0xff, 0xff, 0xff, 0xff, 0xff, 0xff, 0xff, 0xff, 0xff, 0xff, 0xff, 0xb0, 0x12, 0x00,
  0x00, 0x00, 0x00, 0x00, 0x00, 0x00, 0x4b, 0xff, 0xff, 0xff, 0xff, 0xff, 0xff, 0xff, 0xff, 0xff,
  0xff, 0xff, 0xff, 0xff, 0xff, 0xf7, 0x8c, 0x09, 0x00, 0x00, 0x00, 0x00, 0x00, 0x4b, 0xff, 0xff,
  0xff, 0xff, 0xff, 0xed, 0xe7, 0xe7, 0xe7, 0xef, 0xff, 0xff, 0xff, 0xff, 0xff, 0xff, 0xc8, 0x0e,
  0x00, 0x00, 0x00, 0x00, 0x4b, 0xff, 0xff, 0xff, 0xff, 0xff, 0x3f, 0x00, 0x00, 0x00, 0x00, 0x0e,
  0x63, 0xe5, 0xff, 0xff, 0xff, 0xff, 0xa2, 0x00, 0x00, 0x00, 0x00, 0x4b, 0xff, 0xff, 0xff, 0xff,
  0xff, 0x3f, 0x00, 0x00, 0x00, 0x00, 0x00, 0x00, 0x2f, 0xff, 0xff, 0xff, 0xff, 0xfd, 0x21, 0x00,
  0x00, 0x00, 0x4b, 0xff, 0xff, 0xff, 0xff, 0xff, 0x3f, 0x00, 0x00, 0x00, 0x00, 0x00, 0x00, 0x00,
  0xd8, 0xff, 0xff, 0xff, 0xff, 0x63, 0x00, 0x00, 0x00, 0x4b, 0xff, 0xff, 0xff, 0xff, 0xff, 0x3f,
  0x00, 0x00, 0x00, 0x00, 0x00, 0x00, 0x00, 0xc9, 0xff, 0xff, 0xff, 0xff, 0x7e, 0x00, 0x00, 0x00,
  0x4b, 0xff, 0xff, 0xff, 0xff, 0xff, 0x3f, 0x00, 0x00, 0x00, 0x00, 0x00, 0x00, 0x02, 0xeb, 0xff,
  0xff, 0xff, 0xff, 0x7f, 0x00, 0x00, 0x00, 0x4b, 0xff, 0xff, 0xff, 0xff, 0xff, 0x3f, 0x00, 0x00,
  0x00, 0x00, 0x00, 0x00, 0x76, 0xff, 0xff, 0xff, 0xff, 0xff, 0x6a, 0x05, 0x4a, 0x4a, 0x80, 0xff,
  0xff, 0xff, 0xff, 0xff, 0x77, 0x4a, 0x4a, 0x4a, 0x52, 0x71, 0xc6, 0xff, 0xff, 0xff, 0xff, 0xff,
  0xff, 0x35, 0x11, 0xff, 0xff, 0xff, 0xff, 0xff, 0xff, 0xff, 0xff, 0xff, 0xff, 0xff, 0xff, 0xff,
  0xff, 0xff, 0xff, 0xff, 0xff, 0xff, 0xff, 0xdc, 0x01, 0x11, 0xff, 0xff, 0xff, 0xff, 0xff, 0xff,
  0xff, 0xff, 0xff, 0xff, 0xff, 0xff, 0xff, 0xff, 0xff, 0xff, 0xff, 0xff, 0xff, 0xff, 0x54, 0x00,
  0x11, 0xff, 0xff, 0xff, 0xff, 0xff, 0xff, 0xff, 0xff, 0xff, 0xff, 0xff, 0xff, 0xff, 0xff, 0xff,
  0xff, 0xff, 0xff, 0xff, 0x8c, 0x00, 0x00, 0x11, 0xff, 0xff, 0xff, 0xff, 0xff, 0xff, 0xff, 0xff,
  0xff, 0xff, 0xff, 0xff, 0xff, 0xff, 0xff, 0xff, 0xff, 0xf4, 0x6d, 0x00, 0x00, 0x00, 0x11, 0xff,
  0xff, 0xff, 0xff, 0xff, 0xff, 0xff, 0xff, 0xff, 0xff, 0xff, 0xff, 0xff, 0xf4, 0xe2, 0xb4, 0x72,
  0x12, 0x00, 0x00, 0x00, 0x00, 0x00, 0x00, 0x00, 0x00, 0x00, 0x00, 0x32, 0x7f, 0xc1, 0xde, 0xf3,
  0xf2, 0xdf, 0xc3, 0x86, 0x3e, 0x00, 0x00, 0x00, 0x00, 0x00, 0x00, 0x00, 0x00, 0x00, 0x00, 0x2a,
  0xb4, 0xff, 0xff, 0xff, 0xff, 0xff, 0xff, 0xff, 0xff, 0xff, 0xff, 0xc8, 0x3e, 0x00, 0x00, 0x00,
  0x00, 0x00, 0x00, 0x00, 0x4c, 0xf4, 0xff, 0xff, 0xff, 0xff, 0xff, 0xff, 0xff, 0xff, 0xff, 0xff,
  0xff, 0xff, 0xfb, 0x6a, 0x00, 0x00, 0x00, 0x00, 0x00, 0x48, 0xfc, 0xff, 0xff, 0xff, 0xff, 0xff,
  0xff, 0xff, 0xff, 0xff, 0xff, 0xff, 0xff, 0xff, 0xff, 0xff, 0x59, 0x00, 0x00, 0x00, 0x19, 0xea,
  0xff, 0xff, 0xff, 0xff, 0xff, 0xff, 0xff, 0xff, 0xff, 0xff, 0xff, 0xff, 0xff, 0xff, 0xff, 0xff,
  0xf3, 0x1f, 0x00, 0x00, 0x96, 0xff, 0xff, 0xff, 0xff, 0xff, 0xfd, 0x9a, 0x3b, 0x14, 0x15, 0x3b,
  0x98, 0xfd, 0xff, 0xff, 0xff, 0xff, 0xff, 0x93, 0x00, 0x13, 0xf5, 0xff, 0xff, 0xff, 0xff, 0xfd,
  0x5c, 0x00, 0x00, 0x00, 0x00, 0x00, 0x00, 0x60, 0xfe, 0xff, 0xff, 0xff, 0xff, 0xf5, 0x0a, 0x5e,
  0xff, 0xff, 0xff, 0xff, 0xff, 0x95, 0x00, 0x00, 0x00, 0x00, 0x00, 0x00, 0x00, 0x00, 0xa9, 0xff,
  0xff, 0xff, 0xff, 0xff, 0x43, 0x9a, 0xff, 0xff, 0xff, 0xff, 0xfe, 0x1b, 0x00, 0x00, 0x00, 0x00,
  0x00, 0x00, 0x00, 0x00, 0x3d, 0xff, 0xff, 0xff, 0xff, 0xff, 0x7c, 0xcd, 0xff, 0xff, 0xff, 0xff,
  0xd0, 0x00, 0x00, 0x00, 0x00, 0x00, 0x00, 0x00, 0x00, 0x00, 0x06, 0xfa, 0xff, 0xff, 0xff, 0xff,
  0x95, 0xe1, 0xff, 0xff, 0xff, 0xff, 0xa6, 0x00, 0x00, 0x00, 0x00, 0x00, 0x00, 0x00, 0x00, 0x00,
  0x00, 0xe4, 0xff, 0xff, 0xff, 0xff, 0xa8, 0xf2, 0xff, 0xff, 0xff, 0xff, 0x93, 0x00, 0x00, 0x00,
  0x00, 0x00, 0x00, 0x00, 0x00, 0x00, 0x00, 0x96, 0xb0, 0xb0, 0xb0, 0xb0, 0x79, 0xfb, 0xff, 0xff,
  0xff, 0xff, 0x8f, 0x00, 0x00, 0x00, 0x00, 0x00, 0x00, 0x00, 0x00, 0x00, 0x00, 0x00, 0x00, 0x00,
  0x00, 0x00, 0x00, 0xfb, 0xff, 0xff, 0xff, 0xff, 0x8f, 0x00, 0x00, 0x00, 0x00, 0x00, 0x00, 0x00,
  0x00, 0x00, 0x00, 0x00, 0x00, 0x00, 0x00, 0x00, 0x00, 0xfb, 0xff, 0xff, 0xff, 0xff, 0x8f, 0x00,
  0x00, 0x00, 0x00, 0x00, 0x00, 0x00, 0x00, 0x00, 0x00, 0x00, 0x00, 0x00, 0x00, 0x00, 0x00, 0xfb,
  0xff, 0xff, 0xff, 0xff, 0x8f, 0x00, 0x00, 0x00, 0x00, 0x00, 0x00, 0x00, 0x00, 0x00, 0x00, 0x00,
  0x00, 0x00, 0x00, 0x00, 0x00, 0xfb, 0xff, 0xff, 0xff, 0xff, 0x8f, 0x00, 0x00, 0x00, 0x00, 0x00,
  0x00, 0x00, 0x00, 0x00, 0x00, 0x00, 0x00, 0x00, 0x00, 0x00, 0x00, 0xfb, 0xff, 0xff, 0xff, 0xff,
  0x8f, 0x00, 0x00, 0x00, 0x00, 0x00, 0x00, 0x00, 0x00, 0x00, 0x00, 0x00, 0x00, 0x00, 0x00, 0x00,
  0x00, 0xfa, 0xff, 0xff, 0xff, 0xff, 0x8f, 0x00, 0x00, 0x00, 0x00, 0x00, 0x00, 0x00, 0x00, 0x00,
  0x00, 0x13, 0x16, 0x16, 0x16, 0x16, 0x0f, 0xec, 0xff, 0xff, 0xff, 0xff, 0x96, 0x00, 0x00, 0x00,
  0x00, 0x00, 0x00, 0x00, 0x00, 0x00, 0x00, 0xdc, 0xff, 0xff, 0xff, 0xff, 0xaf, 0xdb, 0xff, 0xff,
  0xff, 0xff, 0xab, 0x00, 0x00, 0x00, 0x00, 0x00, 0x00, 0x00, 0x00, 0x00, 0x00, 0xe9, 0xff, 0xff,
  0xff, 0xff, 0xa1, 0xc0, 0xff, 0xff, 0xff, 0xff, 0xdb, 0x00, 0x00, 0x00, 0x00, 0x00, 0x00, 0x00,
  0x00, 0x00, 0x0c, 0xfd, 0xff, 0xff, 0xff, 0xff, 0x8f, 0x87, 0xff, 0xff, 0xff, 0xff, 0xff, 0x2e,
  0x00, 0x00, 0x00, 0x00, 0x00, 0x00, 0x00, 0x00, 0x47, 0xff, 0xff, 0xff, 0xff, 0xff, 0x6c, 0x4b,
  0xff, 0xff, 0xff, 0xff, 0xff, 0xaf, 0x00, 0x00, 0x00, 0x00, 0x00, 0x00, 0x00, 0x01, 0xbc, 0xff,
  0xff, 0xff, 0xff, 0xff, 0x30, 0x04, 0xe2, 0xff, 0xff, 0xff, 0xff, 0xff, 0x8c, 0x06, 0x00, 0x00,
  0x00, 0x00, 0x06, 0x97, 0xff, 0xff, 0xff, 0xff, 0xff, 0xe2, 0x02, 0x00, 0x73, 0xff, 0xff, 0xff,
  0xff, 0xff, 0xff, 0xe5, 0x9b, 0x7d, 0x7b, 0x9b, 0xe4, 0xff, 0xff, 0xff, 0xff, 0xff, 0xff, 0x71,
  0x00, 0x00, 0x04, 0xc6, 0xff, 0xff, 0xff, 0xff, 0xff, 0xff, 0xff, 0xff, 0xff, 0xff, 0xff, 0xff,
  0xff, 0xff, 0xff, 0xff, 0xd5, 0x0a, 0x00, 0x00, 0x00, 0x1e, 0xdf, 0xff, 0xff, 0xff, 0xff, 0xff,
  0xff, 0xff, 0xff, 0xff, 0xff, 0xff, 0xff, 0xff, 0xff, 0xef, 0x29, 0x00, 0x00, 0x00, 0x00, 0x00,
  0x16, 0xc3, 0xff, 0xff, 0xff, 0xff, 0xff, 0xff, 0xff, 0xff, 0xff, 0xff, 0xff, 0xff, 0xd8, 0x26,
  0x00, 0x00, 0x00, 0x00, 0x00, 0x00, 0x00, 0x01, 0x57, 0xd1, 0xff, 0xff, 0xff, 0xff, 0xff, 0xff,
  0xff, 0xff, 0xdd, 0x6b, 0x08, 0x00, 0x00, 0x00, 0x00, 0x00, 0x00, 0x00, 0x00, 0x00, 0x00, 0x00,
  0x1c, 0x5c, 0x78, 0x8d, 0x8c, 0x79, 0x5f, 0x23, 0x00, 0x00, 0x00, 0x00, 0x00, 0x00, 0x00, 0x07,
  0x66, 0x66, 0x66, 0x66, 0x66, 0x66, 0x66, 0x66, 0x66, 0x66, 0x65, 0x57, 0x47, 0x28, 0x01, 0x00,
  0x00, 0x00, 0x00, 0x00, 0x00, 0x00, 0x11, 0xff, 0xff, 0xff, 0xff, 0xff, 0xff, 0xff, 0xff, 0xff,
  0xff, 0xff, 0xff, 0xff, 0xff, 0xef, 0xac, 0x40, 0x00, 0x00, 0x00, 0x00, 0x00, 0x11, 0xff, 0xff,
  0xff, 0xff, 0xff, 0xff, 0xff, 0xff, 0xff, 0xff, 0xff, 0xff, 0xff, 0xff, 0xff, 0xff, 0xff, 0xb6,
  0x14, 0x00, 0x00, 0x00, 0x11, 0xff, 0xff, 0xff, 0xff, 0xff, 0xff, 0xff, 0xff, 0xff, 0xff, 0xff,
  0xff, 0xff, 0xff, 0xff, 0xff, 0xff, 0xff, 0xde, 0x14, 0x00, 0x00, 0x11, 0xff, 0xff, 0xff, 0xff,
  0xff, 0xff, 0xff, 0xff, 0xff, 0xff, 0xff, 0xff, 0xff, 0xff, 0xff, 0xff, 0xff, 0xff, 0xff, 0xbb,
  0x00, 0x00, 0x0f, 0xe4, 0xe4, 0xec, 0xff, 0xff, 0xff, 0xff, 0xff, 0xeb, 0xe4, 0xe5, 0xf2, 0xff,
  0xff, 0xff, 0xff, 0xff, 0xff, 0xff, 0xff, 0x43, 0x00, 0x00, 0x00, 0x00, 0x4b, 0xff, 0xff, 0xff,
  0xff, 0xff, 0x3f, 0x00, 0x00, 0x00, 0x18, 0x6a, 0xed, 0xff, 0xff, 0xff, 0xff, 0xff, 0xb0, 0x00,
  0x00, 0x00, 0x00, 0x4b, 0xff, 0xff, 0xff, 0xff, 0xff, 0x3f, 0x00, 0x00, 0x00, 0x00, 0x00, 0x2d,
  0xf7, 0xff, 0xff, 0xff, 0xff, 0xef, 0x01, 0x00, 0x00, 0x00, 0x4b, 0xff, 0xff, 0xff, 0xff, 0xff,
  0x3f, 0x00, 0x00, 0x00, 0x00, 0x00, 0x00, 0x9b, 0xff, 0xff, 0xff, 0xff, 0xff, 0x28, 0x00, 0x00,
  0x00, 0x4b, 0xff, 0xff, 0xff, 0xff, 0xff, 0x3f, 0x00, 0x00, 0x00, 0x00, 0x00, 0x00, 0x56, 0xff,
  0xff, 0xff, 0xff, 0xff, 0x40, 0x00, 0x00, 0x00, 0x4b, 0xff, 0xff, 0xff, 0xff, 0xff, 0x3f, 0x00,
  0x00, 0x00, 0x00, 0x00, 0x00, 0x39, 0xff, 0xff, 0xff, 0xff, 0xff, 0x51, 0x00, 0x00, 0x00, 0x4b,
  0xff, 0xff, 0xff, 0xff, 0xff, 0x3f, 0x00, 0x00, 0x00, 0x00, 0x00, 0x00, 0x31, 0xff, 0xff, 0xff,
  0xff, 0xff, 0x5a, 0x00, 0x00, 0x00, 0x4b, 0xff, 0xff, 0xff, 0xff, 0xff, 0x3f, 0x00, 0x00, 0x00,
  0x00, 0x00, 0x00, 0x31, 0xff, 0xff, 0xff, 0xff, 0xff, 0x5a, 0x00, 0x00, 0x00, 0x4b, 0xff, 0xff,
  0xff, 0xff, 0xff, 0x3f, 0x00, 0x00, 0x00, 0x00, 0x00, 0x00, 0x31, 0xff, 0xff, 0xff, 0xff, 0xff,
  0x5a, 0x00, 0x00, 0x00, 0x4b, 0xff, 0xff, 0xff, 0xff, 0xff, 0x3f, 0x00, 0x00, 0x00, 0x00, 0x00,
  0x00, 0x31, 0xff, 0xff, 0xff, 0xff, 0xff, 0x5a, 0x00, 0x00, 0x00, 0x4b, 0xff, 0xff, 0xff, 0xff,
  0xff, 0x3f, 0x00, 0x00, 0x00, 0x00, 0x00, 0x00, 0x31, 0xff, 0xff, 0xff, 0xff, 0xff, 0x5a, 0x00,
  0x00, 0x00, 0x4b, 0xff, 0xff, 0xff, 0xff, 0xff, 0x3f, 0x00, 0x00, 0x00, 0x00, 0x00, 0x00, 0x31,
  0xff, 0xff, 0xff, 0xff, 0xff, 0x5a, 0x00, 0x00, 0x00, 0x4b, 0xff, 0xff, 0xff, 0xff, 0xff, 0x3f,
  0x00, 0x00, 0x00, 0x00, 0x00, 0x00, 0x31, 0xff, 0xff, 0xff, 0xff, 0xff, 0x5a, 0x00, 0x00, 0x00,
  0x4b, 0xff, 0xff, 0xff, 0xff, 0xff, 0x3f, 0x00, 0x00, 0x00, 0x00, 0x00, 0x00, 0x31, 0xff, 0xff,
  0xff, 0xff, 0xff, 0x5a, 0x00, 0x00, 0x00, 0x4b, 0xff, 0xff, 0xff, 0xff, 0xff, 0x3f, 0x00, 0x00,
  0x00, 0x00, 0x00, 0x00, 0x37, 0xff, 0xff, 0xff, 0xff, 0xff, 0x58, 0x00, 0x00, 0x00, 0x4b, 0xff,
  0xff, 0xff, 0xff, 0xff, 0x3f, 0x00, 0x00, 0x00, 0x00, 0x00, 0x00, 0x4a, 0xff, 0xff, 0xff, 0xff,
  0xff, 0x4a, 0x00, 0x00, 0x00, 0x4b, 0xff, 0xff, 0xff, 0xff, 0xff, 0x3f, 0x00, 0x00, 0x00, 0x00,
  0x00, 0x00, 0x7a, 0xff, 0xff, 0xff, 0xff, 0xff, 0x39, 0x00, 0x00, 0x00, 0x4b, 0xff, 0xff, 0xff,
  0xff, 0xff, 0x3f, 0x00, 0x00, 0x00, 0x00, 0x00, 0x03, 0xd5, 0xff, 0xff, 0xff, 0xff, 0xff, 0x15,
  0x00, 0x00, 0x00, 0x4b, 0xff, 0xff, 0xff, 0xff, 0xff, 0x3f, 0x00, 0x00, 0x00, 0x00, 0x01, 0x8d,
  0xff, 0xff, 0xff, 0xff, 0xff, 0xd8, 0x00, 0x05, 0x55, 0x55, 0x88, 0xff, 0xff, 0xff, 0xff, 0xff,
  0x77, 0x4a, 0x4c, 0x59, 0x81, 0xd5, 0xff, 0xff, 0xff, 0xff, 0xff, 0xff, 0x89, 0x00, 0x11, 0xff,
  0xff, 0xff, 0xff, 0xff, 0xff, 0xff, 0xff, 0xff, 0xff, 0xff, 0xff, 0xff, 0xff, 0xff, 0xff, 0xff,
  0xff, 0xff, 0xf9, 0x1a, 0x00, 0x11, 0xff, 0xff, 0xff, 0xff, 0xff, 0xff, 0xff, 0xff, 0xff, 0xff,
  0xff, 0xff, 0xff, 0xff, 0xff, 0xff, 0xff, 0xff, 0xff, 0x70, 0x00, 0x00, 0x11, 0xff, 0xff, 0xff,
  0xff, 0xff, 0xff, 0xff, 0xff, 0xff, 0xff, 0xff, 0xff, 0xff, 0xff, 0xff, 0xff, 0xff, 0xff, 0x8d,
  0x00, 0x00, 0x00, 0x11, 0xff, 0xff, 0xff, 0xff, 0xff, 0xff, 0xff, 0xff, 0xff, 0xff, 0xff, 0xff,
  0xff, 0xff, 0xff, 0xff, 0xd8, 0x51, 0x00, 0x00, 0x00, 0x00, 0x11, 0xff, 0xff, 0xff, 0xff, 0xff,
  0xff, 0xff, 0xff, 0xff, 0xff, 0xfe, 0xf1, 0xe1, 0xc2, 0x8a, 0x46, 0x01, 0x00, 0x00, 0x00, 0x00,
  0x00, 0x38, 0x66, 0x66, 0x66, 0x66, 0x66, 0x66, 0x66, 0x66, 0x66, 0x66, 0x66, 0x66, 0x66, 0x66,
  0x66, 0x66, 0x66, 0x66, 0x00, 0x8e, 0xff, 0xff, 0xff, 0xff, 0xff, 0xff, 0xff, 0xff, 0xff, 0xff,
  0xff, 0xff, 0xff, 0xff, 0xff, 0xff, 0xff, 0xff, 0x02, 0x8e, 0xff, 0xff, 0xff, 0xff, 0xff, 0xff,
  0xff, 0xff, 0xff, 0xff, 0xff, 0xff, 0xff, 0xff, 0xff, 0xff, 0xff, 0xff, 0x02, 0x8e, 0xff, 0xff,
  0xff, 0xff, 0xff, 0xff, 0xff, 0xff, 0xff, 0xff, 0xff, 0xff, 0xff, 0xff, 0xff, 0xff, 0xff, 0xff,
  0x02, 0x8e, 0xff, 0xff, 0xff, 0xff, 0xff, 0xff, 0xff, 0xff, 0xff, 0xff, 0xff, 0xff, 0xff, 0xff,
  0xff, 0xff, 0xff, 0xff, 0x02, 0x8e, 0xff, 0xff, 0xff, 0xff, 0xff, 0xe4, 0xe4, 0xe4, 0xe4, 0xe4,
  0xe4, 0xe4, 0xe4, 0xe4, 0xe4, 0xe4, 0xe4, 0xe4, 0x01, 0x8e, 0xff, 0xff, 0xff, 0xff, 0xfc, 0x00,
  0x00, 0x00, 0x00, 0x00, 0x00, 0x00, 0x00, 0x00, 0x00, 0x00, 0x00, 0x00, 0x00, 0x8e, 0xff, 0xff,
  0xff, 0xff, 0xfc, 0x00, 0x00, 0x00, 0x00, 0x00, 0x00, 0x00, 0x00, 0x00, 0x00, 0x00, 0x00, 0x00,
  0x00, 0x8e, 0xff, 0xff, 0xff, 0xff, 0xfc, 0x00, 0x00, 0x00, 0x00, 0x00, 0x00, 0x00, 0x00, 0x00,
  0x00, 0x00, 0x00, 0x00, 0x00, 0x8e, 0xff, 0xff, 0xff, 0xff, 0xfc, 0x00, 0x00, 0x00, 0x00, 0x00,
  0x00, 0x00, 0x00, 0x00, 0x00, 0x00, 0x00, 0x00, 0x00, 0x8e, 0xff, 0xff, 0xff, 0xff, 0xfc, 0x00,
  0x00, 0x00, 0x00, 0x00, 0x00, 0x00, 0x00, 0x00, 0x00, 0x00, 0x00, 0x00, 0x00, 0x8e, 0xff, 0xff,
  0xff, 0xff, 0xfc, 0x00, 0x00, 0x00, 0x00, 0x00, 0x00, 0x00, 0x00, 0x00, 0x00, 0x00, 0x00, 0x00,
  0x00, 0x8e, 0xff, 0xff, 0xff, 0xff, 0xfe, 0x63, 0x63, 0x63, 0x63, 0x63, 0x63, 0x63, 0x63, 0x63,
  0x63, 0x63, 0x63, 0x32, 0x00, 0x8e, 0xff, 0xff, 0xff, 0xff, 0xff, 0xff, 0xff, 0xff, 0xff, 0xff,
  0xff, 0xff, 0xff, 0xff, 0xff, 0xff, 0xff, 0x81, 0x00, 0x8e, 0xff, 0xff, 0xff, 0xff, 0xff, 0xff,
  0xff, 0xff, 0xff, 0xff, 0xff, 0xff, 0xff, 0xff, 0xff, 0xff, 0xff, 0x81, 0x00, 0x8e, 0xff, 0xff,
  0xff, 0xff, 0xff, 0xff, 0xff, 0xff, 0xff, 0xff, 0xff, 0xff, 0xff, 0xff, 0xff, 0xff, 0xff, 0x81,
  0x00, 0x8e, 0xff, 0xff, 0xff, 0xff, 0xff, 0xff, 0xff, 0xff, 0xff, 0xff, 0xff, 0xff, 0xff, 0xff,
  0xff, 0xff, 0xff, 0x81, 0x00, 0x8e, 0xff, 0xff, 0xff, 0xff, 0xff, 0xe7, 0xe7, 0xe7, 0xe7, 0xe7,
  0xe7, 0xe7, 0xe7, 0xe7, 0xe7, 0xe7, 0xe7, 0x74, 0x00, 0x8e, 0xff, 0xff, 0xff, 0xff, 0xfc, 0x00,
  0x00, 0x00, 0x00, 0x00, 0x00, 0x00, 0x00, 0x00, 0x00, 0x00, 0x00, 0x00, 0x00, 0x8e, 0xff, 0xff,
  0xff, 0xff, 0xfc, 0x00, 0x00, 0x00, 0x00, 0x00, 0x00, 0x00, 0x00, 0x00, 0x00, 0x00, 0x00, 0x00,
  0x00, 0x8e, 0xff, 0xff, 0xff, 0xff, 0xfc, 0x00, 0x00, 0x00, 0x00, 0x00, 0x00, 0x00, 0x00, 0x00,
  0x00, 0x00, 0x00, 0x00, 0x00, 0x8e, 0xff, 0xff, 0xff, 0xff, 0xfc, 0x00, 0x00, 0x00, 0x00, 0x00,
  0x00, 0x00, 0x00, 0x00, 0x00, 0x00, 0x00, 0x00, 0x00, 0x8e, 0xff, 0xff, 0xff, 0xff, 0xfc, 0x00,
  0x00, 0x00, 0x00, 0x00, 0x00, 0x00, 0x00, 0x00, 0x00, 0x00, 0x00, 0x00, 0x00, 0x8e, 0xff, 0xff,
  0xff, 0xff, 0xfc, 0x00, 0x00, 0x00, 0x00, 0x00, 0x00, 0x00, 0x00, 0x00, 0x00, 0x00, 0x00, 0x00,
  0x00, 0x8e, 0xff, 0xff, 0xff, 0xff, 0xfd, 0x4a, 0x4a, 0x4a, 0x4a, 0x4a, 0x4a, 0x4a, 0x4a, 0x4a,
  0x4a, 0x4a, 0x4a, 0x4a, 0x26, 0x8e, 0xff, 0xff, 0xff, 0xff, 0xff, 0xff, 0xff, 0xff, 0xff, 0xff,
  0xff, 0xff, 0xff, 0xff, 0xff, 0xff, 0xff, 0xff, 0x83, 0x8e, 0xff, 0xff, 0xff, 0xff, 0xff, 0xff,
  0xff, 0xff, 0xff, 0xff, 0xff, 0xff, 0xff, 0xff, 0xff, 0xff, 0xff, 0xff, 0x83, 0x8e, 0xff, 0xff,
  0xff, 0xff, 0xff, 0xff, 0xff, 0xff, 0xff, 0xff, 0xff, 0xff, 0xff, 0xff, 0xff, 0xff, 0xff, 0xff,
  0x83, 0x8e, 0xff, 0xff, 0xff, 0xff, 0xff, 0xff, 0xff, 0xff, 0xff, 0xff, 0xff, 0xff, 0xff, 0xff,
  0xff, 0xff, 0xff, 0xff, 0x83, 0x8e, 0xff, 0xff, 0xff, 0xff, 0xff, 0xff, 0xff, 0xff, 0xff, 0xff,
  0xff, 0xff, 0xff, 0xff, 0xff, 0xff, 0xff, 0xff, 0x83, 0x1f, 0x66, 0x66, 0x66, 0x66, 0x66, 0x66,
  0x66, 0x66, 0x66, 0x66, 0x66, 0x66, 0x66, 0x66, 0x66, 0x66, 0x66, 0x66, 0x34, 0x4d, 0xff, 0xff,
  0xff, 0xff, 0xff, 0xff, 0xff, 0xff, 0xff, 0xff, 0xff, 0xff, 0xff, 0xff, 0xff, 0xff, 0xff, 0xff,
  0x83, 0x4d, 0xff, 0xff, 0xff, 0xff, 0xff, 0xff, 0xff, 0xff, 0xff, 0xff, 0xff, 0xff, 0xff, 0xff,
  0xff, 0xff, 0xff, 0xff, 0x83, 0x4d, 0xff, 0xff, 0xff, 0xff, 0xff, 0xff, 0xff, 0xff, 0xff, 0xff,
  0xff, 0xff, 0xff, 0xff, 0xff, 0xff, 0xff, 0xff, 0x83, 0x4d, 0xff, 0xff, 0xff, 0xff, 0xff, 0xff,
  0xff, 0xff, 0xff, 0xff, 0xff, 0xff, 0xff, 0xff, 0xff, 0xff, 0xff, 0xff, 0x83, 0x4d, 0xff, 0xff,
  0xff, 0xff, 0xff, 0xeb, 0xe4, 0xe4, 0xe4, 0xe4, 0xe4, 0xe4, 0xe4, 0xe4, 0xe4, 0xe4, 0xe4, 0xe4,
  0x74, 0x4d, 0xff, 0xff, 0xff, 0xff, 0xff, 0x3d, 0x00, 0x00, 0x00, 0x00, 0x00, 0x00, 0x00, 0x00,
  0x00, 0x00, 0x00, 0x00, 0x00, 0x4d, 0xff, 0xff, 0xff, 0xff, 0xff, 0x3d, 0x00, 0x00, 0x00, 0x00,
  0x00, 0x00, 0x00, 0x00, 0x00, 0x00, 0x00, 0x00, 0x00, 0x4d, 0xff, 0xff, 0xff, 0xff, 0xff, 0x3d,
  0x00, 0x00, 0x00, 0x00, 0x00, 0x00, 0x00, 0x00, 0x00, 0x00, 0x00, 0x00, 0x00, 0x4d, 0xff, 0xff,
  0xff, 0xff, 0xff, 0x3d, 0x00, 0x00, 0x00, 0x00, 0x00, 0x00, 0x00, 0x00, 0x00, 0x00, 0x00, 0x00,
  0x00, 0x4d, 0xff, 0xff, 0xff, 0xff, 0xff, 0x3d, 0x00, 0x00, 0x00, 0x00, 0x00, 0x00, 0x00, 0x00,
  0x00, 0x00, 0x00, 0x00, 0x00, 0x4d, 0xff, 0xff, 0xff, 0xff, 0xff, 0x3d, 0x00, 0x00, 0x00, 0x00,
  0x00, 0x00, 0x00, 0x00, 0x00, 0x00, 0x00, 0x00, 0x00, 0x4d, 0xff, 0xff, 0xff, 0xff, 0xff, 0x88,
  0x63, 0x63, 0x63, 0x63, 0x63, 0x63, 0x63, 0x63, 0x63, 0x63, 0x63, 0x63, 0x19, 0x4d, 0xff, 0xff,
  0xff, 0xff, 0xff, 0xff, 0xff, 0xff, 0xff, 0xff, 0xff, 0xff, 0xff, 0xff, 0xff, 0xff, 0xff, 0xff,
  0x42, 0x4d, 0xff, 0xff, 0xff, 0xff, 0xff, 0xff, 0xff, 0xff, 0xff, 0xff, 0xff, 0xff, 0xff, 0xff,
  0xff, 0xff, 0xff, 0xff, 0x42, 0x4d, 0xff, 0xff, 0xff, 0xff, 0xff, 0xff, 0xff, 0xff, 0xff, 0xff,
  0xff, 0xff, 0xff, 0xff, 0xff, 0xff, 0xff, 0xff, 0x42, 0x4d, 0xff, 0xff, 0xff, 0xff, 0xff, 0xff,
  0xff, 0xff, 0xff, 0xff, 0xff, 0xff, 0xff, 0xff, 0xff, 0xff, 0xff, 0xff, 0x42, 0x4d, 0xff, 0xff,
  0xff, 0xff, 0xff, 0xed, 0xe7, 0xe7, 0xe7, 0xe7, 0xe7, 0xe7, 0xe7, 0xe7, 0xe7, 0xe7, 0xe7, 0xe7,
  0x3c, 0x4d, 0xff, 0xff, 0xff, 0xff, 0xff, 0x3d, 0x00, 0x00, 0x00, 0x00, 0x00, 0x00, 0x00, 0x00,
  0x00, 0x00, 0x00, 0x00, 0x00, 0x4d, 0xff, 0xff, 0xff, 0xff, 0xff, 0x3d, 0x00, 0x00, 0x00, 0x00,
  0x00, 0x00, 0x00, 0x00, 0x00, 0x00, 0x00, 0x00, 0x00, 0x4d, 0xff, 0xff, 0xff, 0xff, 0xff, 0x3d,
  0x00, 0x00, 0x00, 0x00, 0x00, 0x00, 0x00, 0x00, 0x00, 0x00, 0x00, 0x00, 0x00, 0x4d, 0xff, 0xff,
  0xff, 0xff, 0xff, 0x3d, 0x00, 0x00, 0x00, 0x00, 0x00, 0x00, 0x00, 0x00, 0x00, 0x00, 0x00, 0x00,
  0x00, 0x4d, 0xff, 0xff, 0xff, 0xff, 0xff, 0x3d, 0x00, 0x00, 0x00, 0x00, 0x00, 0x00, 0x00, 0x00,
  0x00, 0x00, 0x00, 0x00, 0x00, 0x4d, 0xff, 0xff, 0xff, 0xff, 0xff, 0x3d, 0x00, 0x00, 0x00, 0x00,
  0x00, 0x00, 0x00, 0x00, 0x00, 0x00, 0x00, 0x00, 0x00, 0x4d, 0xff, 0xff, 0xff, 0xff, 0xff, 0x3d,
  0x00, 0x00, 0x00, 0x00, 0x00, 0x00, 0x00, 0x00, 0x00, 0x00, 0x00, 0x00, 0x00, 0x4d, 0xff, 0xff,
  0xff, 0xff, 0xff, 0x3d, 0x00, 0x00, 0x00, 0x00, 0x00, 0x00, 0x00, 0x00, 0x00, 0x00, 0x00, 0x00,
  0x00, 0x4d, 0xff, 0xff, 0xff, 0xff, 0xff, 0x3d, 0x00, 0x00, 0x00, 0x00, 0x00, 0x00, 0x00, 0x00,
  0x00, 0x00, 0x00, 0x00, 0x00, 0x4d, 0xff, 0xff, 0xff, 0xff, 0xff, 0x3d, 0x00, 0x00, 0x00, 0x00,
  0x00, 0x00, 0x00, 0x00, 0x00, 0x00, 0x00, 0x00, 0x00, 0x4d, 0xff, 0xff, 0xff, 0xff, 0xff, 0x3d,
  0x00, 0x00, 0x00, 0x00, 0x00, 0x00, 0x00, 0x00, 0x00, 0x00, 0x00, 0x00, 0x00, 0x4d, 0xff, 0xff,
  0xff, 0xff, 0xff, 0x3d, 0x00, 0x00, 0x00, 0x00, 0x00, 0x00, 0x00, 0x00, 0x00, 0x00, 0x00, 0x00,
  0x00, 0x00, 0x00, 0x00, 0x00, 0x00, 0x00, 0x00, 0x3a, 0x8c, 0xc4, 0xe8, 0xf7, 0xf3, 0xe1, 0xb7,
  0x75, 0x1e, 0x00, 0x00, 0x00, 0x00, 0x00, 0x00, 0x00, 0x00, 0x00, 0x00, 0x00, 0x37, 0xc9, 0xff,
  0xff, 0xff, 0xff, 0xff, 0xff, 0xff, 0xff, 0xff, 0xfb, 0x99, 0x0f, 0x00, 0x00, 0x00, 0x00, 0x00,
  0x00, 0x00, 0x00, 0x71, 0xfd, 0xff, 0xff, 0xff, 0xff, 0xff, 0xff, 0xff, 0xff, 0xff, 0xff, 0xff,
  0xff, 0xe0, 0x28, 0x00, 0x00, 0x00, 0x00, 0x00, 0x00, 0x6f, 0xff, 0xff, 0xff, 0xff, 0xff, 0xff,
  0xff, 0xff, 0xff, 0xff, 0xff, 0xff, 0xff, 0xff, 0xff, 0xe9, 0x1e, 0x00, 0x00, 0x00, 0x00, 0x34,
  0xfc, 0xff, 0xff, 0xff, 0xff, 0xff, 0xff, 0xff, 0xff, 0xff, 0xff, 0xff, 0xff, 0xff, 0xff, 0xff,
  0xff, 0xc5, 0x01, 0x00, 0x00, 0x00, 0xc8, 0xff, 0xff, 0xff, 0xff, 0xff, 0xff, 0xc9, 0x75, 0x54,
  0x5b, 0x87, 0xe1, 0xff, 0xff, 0xff, 0xff, 0xff, 0xff, 0x59, 0x00, 0x00, 0x3b, 0xff, 0xff, 0xff,
  0xff, 0xff, 0xfa, 0x63, 0x00, 0x00, 0x00, 0x00, 0x00, 0x06, 0x9b, 0xff, 0xff, 0xff, 0xff, 0xff,
  0xc8, 0x00, 0x00, 0x90, 0xff, 0xff, 0xff, 0xff, 0xff, 0x77, 0x00, 0x00, 0x00, 0x00, 0x00, 0x00,
  0x00, 0x02, 0xc7, 0xff, 0xff, 0xff, 0xff, 0xff, 0x1a, 0x00, 0xd2, 0xff, 0xff, 0xff, 0xff, 0xef,
  0x09, 0x00, 0x00, 0x00, 0x00, 0x00, 0x00, 0x00, 0x00, 0x58, 0xff, 0xff, 0xff, 0xff, 0xff, 0x51,
  0x03, 0xf8, 0xff, 0xff, 0xff, 0xff, 0xad, 0x00, 0x00, 0x00, 0x00, 0x00, 0x00, 0x00, 0x00, 0x00,
  0x1f, 0xff, 0xff, 0xff, 0xff, 0xff, 0x74, 0x16, 0xff, 0xff, 0xff, 0xff, 0xff, 0x80, 0x00, 0x00,
  0x00, 0x00, 0x00, 0x00, 0x00, 0x00, 0x00, 0x0a, 0xff, 0xff, 0xff, 0xff, 0xff, 0x81, 0x22, 0xff,
  0xff, 0xff, 0xff, 0xff, 0x6e, 0x00, 0x00, 0x00, 0x00, 0x00, 0x00, 0x00, 0x00, 0x00, 0x01, 0x2f,
  0x2f, 0x2f, 0x2f, 0x2f, 0x18, 0x27, 0xff, 0xff, 0xff, 0xff, 0xff, 0x64, 0x00, 0x00, 0x00, 0x00,
  0x00, 0x00, 0x00, 0x00, 0x00, 0x00, 0x00, 0x00, 0x00, 0x00, 0x00, 0x00, 0x26, 0xff, 0xff, 0xff,
  0xff, 0xff, 0x64, 0x00, 0x00, 0x00, 0x00, 0x00, 0x00, 0x00, 0x00, 0x00, 0x00, 0x00, 0x00, 0x00,
  0x00, 0x00, 0x00, 0x26, 0xff, 0xff, 0xff, 0xff, 0xff, 0x64, 0x00, 0x00, 0x00, 0x00, 0x00, 0x00,
  0x00, 0x00, 0x00, 0x00, 0x00, 0x00, 0x00, 0x00, 0x00, 0x00, 0x27, 0xff, 0xff, 0xff, 0xff, 0xff,
  0x64, 0x00, 0x00, 0x11, 0xde, 0xde, 0xde, 0xde, 0xde, 0xde, 0xde, 0xde, 0xde, 0xde, 0xde, 0xde,
  0x73, 0x26, 0xff, 0xff, 0xff, 0xff, 0xff, 0x64, 0x00, 0x00, 0x14, 0xff, 0xff, 0xff, 0xff, 0xff,
  0xff, 0xff, 0xff, 0xff, 0xff, 0xff, 0xff, 0x85, 0x26, 0xff, 0xff, 0xff, 0xff, 0xff, 0x64, 0x00,
  0x00, 0x14, 0xff, 0xff, 0xff, 0xff, 0xff, 0xff, 0xff, 0xff, 0xff, 0xff, 0xff, 0xff, 0x85, 0x26,
  0xff, 0xff, 0xff, 0xff, 0xff, 0x66, 0x00, 0x00, 0x14, 0xff, 0xff, 0xff, 0xff, 0xff, 0xff, 0xff,
  0xff, 0xff, 0xff, 0xff, 0xff, 0x85, 0x1e, 0xff, 0xff, 0xff, 0xff, 0xff, 0x72, 0x00, 0x00, 0x14,
  0xff, 0xff, 0xff, 0xff, 0xff, 0xff, 0xff, 0xff, 0xff, 0xff, 0xff, 0xff, 0x85, 0x11, 0xff, 0xff,
  0xff, 0xff, 0xff, 0x8e, 0x00, 0x00, 0x08, 0x6c, 0x6c, 0x6c, 0x6c, 0x6c, 0x6c, 0x73, 0xff, 0xff,
  0xff, 0xff, 0xff, 0x85, 0x00, 0xf1, 0xff, 0xff, 0xff, 0xff, 0xc5, 0x00, 0x00, 0x00, 0x00, 0x00,
  0x00, 0x00, 0x00, 0x00, 0x22, 0xff, 0xff, 0xff, 0xff, 0xff, 0x85, 0x00, 0xc7, 0xff, 0xff, 0xff,
  0xff, 0xfe, 0x24, 0x00, 0x00, 0x00, 0x00, 0x00, 0x00, 0x00, 0x00, 0x69, 0xff, 0xff, 0xff, 0xff,
  0xff, 0x85, 0x00, 0x85, 0xff, 0xff, 0xff, 0xff, 0xff, 0xbb, 0x04, 0x00, 0x00, 0x00, 0x00, 0x00,
  0x00, 0x13, 0xe3, 0xff, 0xff, 0xff, 0xff, 0xff, 0x85, 0x00, 0x2c, 0xff, 0xff, 0xff, 0xff, 0xff,
  0xff, 0xbc, 0x2b, 0x00, 0x00, 0x00, 0x00, 0x3a, 0xd5, 0xff, 0xff, 0xff, 0xff, 0xff, 0xff, 0x85,
  0x00, 0x00, 0xba, 0xff, 0xff, 0xff, 0xff, 0xff, 0xff, 0xff, 0xdc, 0xbd, 0xbe, 0xe3, 0xff, 0xff,
  0xff, 0xff, 0xff, 0xff, 0xff, 0xff, 0x85, 0x00, 0x00, 0x2c, 0xf8, 0xff, 0xff, 0xff, 0xff, 0xff,
  0xff, 0xff, 0xff, 0xff, 0xff, 0xff, 0xff, 0xe8, 0xde, 0xff, 0xff, 0xff, 0xff, 0x85, 0x00, 0x00,
  0x00, 0x65, 0xff, 0xff, 0xff, 0xff, 0xff, 0xff, 0xff, 0xff, 0xff, 0xff, 0xff, 0xff, 0x65, 0x85,
  0xff, 0xff, 0xff, 0xff, 0x85, 0x00, 0x00, 0x00, 0x00, 0x67, 0xf9, 0xff, 0xff, 0xff, 0xff, 0xff,
  0xff, 0xff, 0xff, 0xff, 0xbe, 0x03, 0x85, 0xff, 0xff, 0xff, 0xff, 0x85, 0x00, 0x00, 0x00, 0x00,
  0x00, 0x2e, 0xb4, 0xfe, 0xff, 0xff, 0xff, 0xff, 0xff, 0xff, 0xa5, 0x0b, 0x00, 0x85, 0xff, 0xff,
  0xff, 0xff, 0x85, 0x00, 0x00, 0x00, 0x00, 0x00, 0x00, 0x00, 0x1c, 0x5e, 0x85, 0x92, 0x88, 0x66,
  0x23, 0x00, 0x00, 0x00, 0x00, 0x00, 0x00, 0x00, 0x00, 0x00, 0x2c, 0x66, 0x66, 0x66, 0x66, 0x66,
  0x0a, 0x00, 0x00, 0x00, 0x00, 0x00, 0x00, 0x00, 0x00, 0x29, 0x66, 0x66, 0x66, 0x66, 0x66, 0x0e,
  0x70, 0xff, 0xff, 0xff, 0xff, 0xff, 0x1b, 0x00, 0x00, 0x00, 0x00, 0x00, 0x00, 0x00, 0x00, 0x66,
  0xff, 0xff, 0xff, 0xff, 0xff, 0x24, 0x70, 0xff, 0xff, 0xff, 0xff, 0xff, 0x1b, 0x00, 0x00, 0x00,
  0x00, 0x00, 0x00, 0x00, 0x00, 0x66, 0xff, 0xff, 0xff, 0xff, 0xff, 0x24, 0x70, 0xff, 0xff, 0xff,
  0xff, 0xff, 0x1b, 0x00, 0x00, 0x00, 0x00, 0x00, 0x00, 0x00, 0x00, 0x66, 0xff, 0xff, 0xff, 0xff,
  0xff, 0x24, 0x70, 0xff, 0xff, 0xff, 0xff, 0xff, 0x1b, 0x00, 0x00, 0x00, 0x00, 0x00, 0x00, 0x00,
  0x00, 0x66, 0xff, 0xff, 0xff, 0xff, 0xff, 0x24, 0x70, 0xff, 0xff, 0xff, 0xff, 0xff, 0x1b, 0x00,
  0x00, 0x00, 0x00, 0x00, 0x00, 0x00, 0x00, 0x66, 0xff, 0xff, 0xff, 0xff, 0xff, 0x24, 0x70, 0xff,
  0xff, 0xff, 0xff, 0xff, 0x1b, 0x00, 0x00, 0x00, 0x00, 0x00, 0x00, 0x00, 0x00, 0x66, 0xff, 0xff,
  0xff, 0xff, 0xff, 0x24, 0x70, 0xff, 0xff, 0xff, 0xff, 0xff, 0x1b, 0x00, 0x00, 0x00, 0x00, 0x00,
  0x00, 0x00, 0x00, 0x66, 0xff, 0xff, 0xff, 0xff, 0xff, 0x24, 0x70, 0xff, 0xff, 0xff, 0xff, 0xff,
  0x1b, 0x00, 0x00, 0x00, 0x00, 0x00, 0x00, 0x00, 0x00, 0x66, 0xff, 0xff, 0xff, 0xff, 0xff, 0x24,
  0x70, 0xff, 0xff, 0xff, 0xff, 0xff, 0x1b, 0x00, 0x00, 0x00, 0x00, 0x00, 0x00, 0x00, 0x00, 0x66,
  0xff, 0xff, 0xff, 0xff, 0xff, 0x24, 0x70, 0xff, 0xff, 0xff, 0xff, 0xff, 0x1b, 0x00, 0x00, 0x00,
  0x00, 0x00, 0x00, 0x00, 0x00, 0x66, 0xff, 0xff, 0xff, 0xff, 0xff, 0x24, 0x70, 0xff, 0xff, 0xff,
  0xff, 0xff, 0x1b, 0x00, 0x00, 0x00, 0x00, 0x00, 0x00, 0x00, 0x00, 0x66, 0xff, 0xff, 0xff, 0xff,
  0xff, 0x24, 0x70, 0xff, 0xff, 0xff, 0xff, 0xff, 0x73, 0x63, 0x63, 0x63, 0x63, 0x63, 0x63, 0x63,
  0x63, 0xa2, 0xff, 0xff, 0xff, 0xff, 0xff, 0x24, 0x70, 0xff, 0xff, 0xff, 0xff, 0xff, 0xff, 0xff,
  0xff, 0xff, 0xff, 0xff, 0xff, 0xff, 0xff, 0xff, 0xff, 0xff, 0xff, 0xff, 0xff, 0x24, 0x70, 0xff,
  0xff, 0xff, 0xff, 0xff, 0xff, 0xff, 0xff, 0xff, 0xff, 0xff, 0xff, 0xff, 0xff, 0xff, 0xff, 0xff,
  0xff, 0xff, 0xff, 0x24, 0x70, 0xff, 0xff, 0xff, 0xff, 0xff, 0xff, 0xff, 0xff, 0xff, 0xff, 0xff,
  0xff, 0xff, 0xff, 0xff, 0xff, 0xff, 0xff, 0xff, 0xff, 0x24, 0x70, 0xff, 0xff, 0xff, 0xff, 0xff,
  0xff, 0xff, 0xff, 0xff, 0xff, 0xff, 0xff, 0xff, 0xff, 0xff, 0xff, 0xff, 0xff, 0xff, 0xff, 0x24,
  0x70, 0xff, 0xff, 0xff, 0xff, 0xff, 0xea, 0xe7, 0xe7, 0xe7, 0xe7, 0xe7, 0xe7, 0xe7, 0xe7, 0xf1,
  0xff, 0xff, 0xff, 0xff, 0xff, 0x24, 0x70, 0xff, 0xff, 0xff, 0xff, 0xff, 0x1b, 0x00, 0x00, 0x00,
  0x00, 0x00, 0x00, 0x00, 0x00, 0x66, 0xff, 0xff, 0xff, 0xff, 0xff, 0x24, 0x70, 0xff, 0xff, 0xff,
  0xff, 0xff, 0x1b, 0x00, 0x00, 0x00, 0x00, 0x00, 0x00, 0x00, 0x00, 0x66, 0xff, 0xff, 0xff, 0xff,
  0xff, 0x24, 0x70, 0xff, 0xff, 0xff, 0xff, 0xff, 0x1b, 0x00, 0x00, 0x00, 0x00, 0x00, 0x00, 0x00,
  0x00, 0x66, 0xff, 0xff, 0xff, 0xff, 0xff, 0x24, 0x70, 0xff, 0xff, 0xff, 0xff, 0xff, 0x1b, 0x00,
  0x00, 0x00, 0x00, 0x00, 0x00, 0x00, 0x00, 0x66, 0xff, 0xff, 0xff, 0xff, 0xff, 0x24, 0x70, 0xff,
  0xff, 0xff, 0xff, 0xff, 0x1b, 0x00, 0x00, 0x00, 0x00, 0x00, 0x00, 0x00, 0x00, 0x66, 0xff, 0xff,
  0xff, 0xff, 0xff, 0x24, 0x70, 0xff, 0xff, 0xff, 0xff, 0xff, 0x1b, 0x00, 0x00, 0x00, 0x00, 0x00,
  0x00, 0x00, 0x00, 0x66, 0xff, 0xff, 0xff, 0xff, 0xff, 0x24, 0x70, 0xff, 0xff, 0xff, 0xff, 0xff,
  0x1b, 0x00, 0x00, 0x00, 0x00, 0x00, 0x00, 0x00, 0x00, 0x66, 0xff, 0xff, 0xff, 0xff, 0xff, 0x24,
  0x70, 0xff, 0xff, 0xff, 0xff, 0xff, 0x1b, 0x00, 0x00, 0x00, 0x00, 0x00, 0x00, 0x00, 0x00, 0x66,
  0xff, 0xff, 0xff, 0xff, 0xff, 0x24, 0x70, 0xff, 0xff, 0xff, 0xff, 0xff, 0x1b, 0x00, 0x00, 0x00,
  0x00, 0x00, 0x00, 0x00, 0x00, 0x66, 0xff, 0xff, 0xff, 0xff, 0xff, 0x24, 0x70, 0xff, 0xff, 0xff,
  0xff, 0xff, 0x1b, 0x00, 0x00, 0x00, 0x00, 0x00, 0x00, 0x00, 0x00, 0x66, 0xff, 0xff, 0xff, 0xff,
  0xff, 0x24, 0x70, 0xff, 0xff, 0xff, 0xff, 0xff, 0x1b, 0x00, 0x00, 0x00, 0x00, 0x00, 0x00, 0x00,
  0x00, 0x66, 0xff, 0xff, 0xff, 0xff, 0xff, 0x24, 0x70, 0xff, 0xff, 0xff, 0xff, 0xff, 0x1b, 0x00,
  0x00, 0x00, 0x00, 0x00, 0x00, 0x00, 0x00, 0x66, 0xff, 0xff, 0xff, 0xff, 0xff, 0x24, 0x63, 0x66,
  0x66, 0x66, 0x66, 0x66, 0x66, 0x66, 0x66, 0x66, 0x66, 0x66, 0x66, 0x66, 0x66, 0x66, 0x66, 0x66,
  0x66, 0x45, 0xf9, 0xff, 0xff, 0xff, 0xff, 0xff, 0xff, 0xff, 0xff, 0xff, 0xff, 0xff, 0xff, 0xff,
  0xff, 0xff, 0xff, 0xff, 0xff, 0xae, 0xf9, 0xff, 0xff, 0xff, 0xff, 0xff, 0xff, 0xff, 0xff, 0xff,
  0xff, 0xff, 0xff, 0xff, 0xff, 0xff, 0xff, 0xff, 0xff, 0xae, 0xf9, 0xff, 0xff, 0xff, 0xff, 0xff,
  0xff, 0xff, 0xff, 0xff, 0xff, 0xff, 0xff, 0xff, 0xff, 0xff, 0xff, 0xff, 0xff, 0xae, 0xf9, 0xff,
  0xff, 0xff, 0xff, 0xff, 0xff, 0xff, 0xff, 0xff, 0xff, 0xff, 0xff, 0xff, 0xff, 0xff, 0xff, 0xff,
  0xff, 0xae, 0xde, 0xe4, 0xe4, 0xe4, 0xe4, 0xe4, 0xe4, 0xfd, 0xff, 0xff, 0xff, 0xff, 0xf5, 0xe4,
  0xe4, 0xe4, 0xe4, 0xe4, 0xe4, 0x9b, 0x00, 0x00, 0x00, 0x00, 0x00, 0x00, 0x00, 0xeb, 0xff, 0xff,
  0xff, 0xff, 0x9f, 0x00, 0x00, 0x00, 0x00, 0x00, 0x00, 0x00, 0x00, 0x00, 0x00, 0x00, 0x00, 0x00,
  0x00, 0xeb, 0xff, 0xff, 0xff, 0xff, 0x9f, 0x00, 0x00, 0x00, 0x00, 0x00, 0x00, 0x00, 0x00, 0x00,
  0x00, 0x00, 0x00, 0x00, 0x00, 0xeb, 0xff, 0xff, 0xff, 0xff, 0x9f, 0x00, 0x00, 0x00, 0x00, 0x00,
  0x00, 0x00, 0x00, 0x00, 0x00, 0x00, 0x00, 0x00, 0x00, 0xeb, 0xff, 0xff, 0xff, 0xff, 0x9f, 0x00,
  0x00, 0x00, 0x00, 0x00, 0x00, 0x00, 0x00, 0x00, 0x00, 0x00, 0x00, 0x00, 0x00, 0xeb, 0xff, 0xff,
  0xff, 0xff, 0x9f, 0x00, 0x00, 0x00, 0x00, 0x00, 0x00, 0x00, 0x00, 0x00, 0x00, 0x00, 0x00, 0x00,
  0x00, 0xeb, 0xff, 0xff, 0xff, 0xff, 0x9f, 0x00, 0x00, 0x00, 0x00, 0x00, 0x00, 0x00, 0x00, 0x00,
  0x00, 0x00, 0x00, 0x00, 0x00, 0xeb, 0xff, 0xff, 0xff, 0xff, 0x9f, 0x00, 0x00, 0x00, 0x00, 0x00,
  0x00, 0x00, 0x00, 0x00, 0x00, 0x00, 0x00, 0x00, 0x00, 0xeb, 0xff, 0xff, 0xff, 0xff, 0x9f, 0x00,
  0x00, 0x00, 0x00, 0x00, 0x00, 0x00, 0x00, 0x00, 0x00, 0x00, 0x00, 0x00, 0x00, 0xeb, 0xff, 0xff,
  0xff, 0xff, 0x9f, 0x00, 0x00, 0x00, 0x00, 0x00, 0x00, 0x00, 0x00, 0x00, 0x00, 0x00, 0x00, 0x00,
  0x00, 0xeb, 0xff, 0xff, 0xff, 0xff, 0x9f, 0x00, 0x00, 0x00, 0x00, 0x00, 0x00, 0x00, 0x00, 0x00,
  0x00, 0x00, 0x00, 0x00, 0x00, 0xeb, 0xff, 0xff, 0xff, 0xff, 0x9f, 0x00, 0x00, 0x00, 0x00, 0x00,
  0x00, 0x00, 0x00, 0x00, 0x00, 0x00, 0x00, 0x00, 0x00, 0xeb, 0xff, 0xff, 0xff, 0xff, 0x9f, 0x00,
  0x00, 0x00, 0x00, 0x00, 0x00, 0x00, 0x00, 0x00, 0x00, 0x00, 0x00, 0x00, 0x00, 0xeb, 0xff, 0xff,
  0xff, 0xff, 0x9f, 0x00, 0x00, 0x00, 0x00, 0x00, 0x00, 0x00, 0x00, 0x00, 0x00, 0x00, 0x00, 0x00,
  0x00, 0xeb, 0xff, 0xff, 0xff, 0xff, 0x9f, 0x00, 0x00, 0x00, 0x00, 0x00, 0x00, 0x00, 0x00, 0x00,
  0x00, 0x00, 0x00, 0x00, 0x00, 0xeb, 0xff, 0xff, 0xff, 0xff, 0x9f, 0x00, 0x00, 0x00, 0x00, 0x00,
  0x00, 0x00, 0x00, 0x00, 0x00, 0x00, 0x00, 0x00, 0x00, 0xeb, 0xff, 0xff, 0xff, 0xff, 0x9f, 0x00,
  0x00, 0x00, 0x00, 0x00, 0x00, 0x00, 0x00, 0x00, 0x00, 0x00, 0x00, 0x00, 0x00, 0xeb, 0xff, 0xff,
  0xff, 0xff, 0x9f, 0x00, 0x00, 0x00, 0x00, 0x00, 0x00, 0x00, 0x00, 0x00, 0x00, 0x00, 0x00, 0x00,
  0x00, 0xeb, 0xff, 0xff, 0xff, 0xff, 0x9f, 0x00, 0x00, 0x00, 0x00, 0x00, 0x00, 0x00, 0x49, 0x4a,
  0x4a, 0x4a, 0x4a, 0x4a, 0x4a, 0xf1, 0xff, 0xff, 0xff, 0xff, 0xbb, 0x4a, 0x4a, 0x4a, 0x4a, 0x4a,
  0x4a, 0x32, 0xf9, 0xff, 0xff, 0xff, 0xff, 0xff, 0xff, 0xff, 0xff, 0xff, 0xff, 0xff, 0xff, 0xff,
  0xff, 0xff, 0xff, 0xff, 0xff, 0xae, 0xf9, 0xff, 0xff, 0xff, 0xff, 0xff, 0xff, 0xff, 0xff, 0xff,
  0xff, 0xff, 0xff, 0xff, 0xff, 0xff, 0xff, 0xff, 0xff, 0xae, 0xf9, 0xff, 0xff, 0xff, 0xff, 0xff,
  0xff, 0xff, 0xff, 0xff, 0xff, 0xff, 0xff, 0xff, 0xff, 0xff, 0xff, 0xff, 0xff, 0xae, 0xf9, 0xff,
  0xff, 0xff, 0xff, 0xff, 0xff, 0xff, 0xff, 0xff, 0xff, 0xff, 0xff, 0xff, 0xff, 0xff, 0xff, 0xff,
  0xff, 0xae, 0xf9, 0xff, 0xff, 0xff, 0xff, 0xff, 0xff, 0xff, 0xff, 0xff, 0xff, 0xff, 0xff, 0xff,
  0xff, 0xff, 0xff, 0xff, 0xff, 0xae, 0x00, 0x00, 0x00, 0x00, 0x00, 0x00, 0x00, 0x00, 0x00, 0x00,
  0x00, 0x57, 0x66, 0x66, 0x66, 0x66, 0x66, 0x66, 0x66, 0x66, 0x66, 0x66, 0x17, 0x00, 0x00, 0x00,
  0x00, 0x00, 0x00, 0x00, 0x00, 0x00, 0x00, 0x00, 0xda, 0xff, 0xff, 0xff, 0xff, 0xff, 0xff, 0xff,
  0xff, 0xff, 0xff, 0x3b, 0x00, 0x00, 0x00, 0x00, 0x00, 0x00, 0x00, 0x00, 0x00, 0x00, 0x00, 0xda,
  0xff, 0xff, 0xff, 0xff, 0xff, 0xff, 0xff, 0xff, 0xff, 0xff, 0x3b, 0x00, 0x00, 0x00, 0x00, 0x00,
  0x00, 0x00, 0x00, 0x00, 0x00, 0x00, 0xda, 0xff, 0xff, 0xff, 0xff, 0xff, 0xff, 0xff, 0xff, 0xff,
  0xff, 0x3b, 0x00, 0x00, 0x00, 0x00, 0x00, 0x00, 0x00, 0x00, 0x00, 0x00, 0x00, 0xda, 0xff, 0xff,
  0xff, 0xff, 0xff, 0xff, 0xff, 0xff, 0xff, 0xff, 0x3b, 0x00, 0x00, 0x00, 0x00, 0x00, 0x00, 0x00,
  0x00, 0x00, 0x00, 0x00, 0xb0, 0xce, 0xce, 0xf7, 0xff, 0xff, 0xff, 0xff, 0xf1, 0xce, 0xce, 0x30,
  0x00, 0x00, 0x00, 0x00, 0x00, 0x00, 0x00, 0x00, 0x00, 0x00, 0x00, 0x00, 0x00, 0x00, 0xd4, 0xff,
  0xff, 0xff, 0xff, 0xb6, 0x00, 0x00, 0x00, 0x00, 0x00, 0x00, 0x00, 0x00, 0x00, 0x00, 0x00, 0x00,
  0x00, 0x00, 0x00, 0x00, 0x00, 0xd4, 0xff, 0xff, 0xff, 0xff, 0xb6, 0x00, 0x00, 0x00, 0x00, 0x00,
  0x00, 0x00, 0x00, 0x00, 0x00, 0x00, 0x00, 0x00, 0x00, 0x00, 0x00, 0x00, 0xd4, 0xff, 0xff, 0xff,
  0xff, 0xb6, 0x00, 0x00, 0x00, 0x00, 0x00, 0x00, 0x00, 0x00, 0x00, 0x00, 0x00, 0x00, 0x00, 0x00,
  0x00, 0x00, 0x00, 0xd4, 0xff, 0xff, 0xff, 0xff, 0xb6, 0x00, 0x00, 0x00, 0x00, 0x00, 0x00, 0x00,
  0x00, 0x00, 0x00, 0x00, 0x00, 0x00, 0x00, 0x00, 0x00, 0x00, 0xd4, 0xff, 0xff, 0xff, 0xff, 0xb6,
  0x00, 0x00, 0x00, 0x00, 0x00, 0x00, 0x00, 0x00, 0x00, 0x00, 0x00, 0x00, 0x00, 0x00, 0x00, 0x00,
  0x00, 0xd4, 0xff, 0xff, 0xff, 0xff, 0xb6, 0x00, 0x00, 0x00, 0x00, 0x00, 0x00, 0x00, 0x00, 0x00,
  0x00, 0x00, 0x00, 0x00, 0x00, 0x00, 0x00, 0x00, 0xd4, 0xff, 0xff, 0xff, 0xff, 0xb6, 0x00, 0x00,
  0x00, 0x00, 0x00, 0x00, 0x00, 0x00, 0x00, 0x00, 0x00, 0x00, 0x00, 0x00, 0x00, 0x00, 0x00, 0xd4,
  0xff, 0xff, 0xff, 0xff, 0xb6, 0x00, 0x00, 0x00, 0x00, 0x00, 0x00, 0x00, 0x00, 0x00, 0x00, 0x00,
  0x00, 0x00, 0x00, 0x00, 0x00, 0x00, 0xd4, 0xff, 0xff, 0xff, 0xff, 0xb6, 0x00, 0x00, 0x00, 0x00,
  0x00, 0x00, 0x00, 0x00, 0x00, 0x00, 0x00, 0x00, 0x00, 0x00, 0x00, 0x00, 0x00, 0xd4, 0xff, 0xff,
  0xff, 0xff, 0xb6, 0x00, 0x00, 0x00, 0x00, 0x00, 0x00, 0x00, 0x00, 0x00, 0x00, 0x00, 0x00, 0x00,
  0x00, 0x00, 0x00, 0x00, 0xd4, 0xff, 0xff, 0xff, 0xff, 0xb6, 0x00, 0x00, 0x00, 0x00, 0x00, 0x00,
  0x00, 0x00, 0x00, 0x00, 0x00, 0x00, 0x00, 0x00, 0x00, 0x00, 0x00, 0xd4, 0xff, 0xff, 0xff, 0xff,
  0xb6, 0x00, 0x00, 0x00, 0x42, 0x97, 0x97, 0x97, 0x97, 0x97, 0x10, 0x00, 0x00, 0x00, 0x00, 0x00,
  0x00, 0x00, 0xd4, 0xff, 0xff, 0xff, 0xff, 0xb6, 0x00, 0x00, 0x00, 0x70, 0xff, 0xff, 0xff, 0xff,
  0xff, 0x1b, 0x00, 0x00, 0x00, 0x00, 0x00, 0x00, 0x00, 0xd4, 0xff, 0xff, 0xff, 0xff, 0xb6, 0x00,
  0x00, 0x00, 0x70, 0xff, 0xff, 0xff, 0xff, 0xff, 0x1b, 0x00, 0x00, 0x00, 0x00, 0x00, 0x00, 0x00,
  0xd4, 0xff, 0xff, 0xff, 0xff, 0xb6, 0x00, 0x00, 0x00, 0x69, 0xff, 0xff, 0xff, 0xff, 0xff, 0x21,
  0x00, 0x00, 0x00, 0x00, 0x00, 0x00, 0x00, 0xda, 0xff, 0xff, 0xff, 0xff, 0xb0, 0x00, 0x00, 0x00,
  0x55, 0xff, 0xff, 0xff, 0xff, 0xff, 0x47, 0x00, 0x00, 0x00, 0x00, 0x00, 0x00, 0x05, 0xf6, 0xff,
  0xff, 0xff, 0xff, 0x9e, 0x00, 0x00, 0x00, 0x36, 0xff, 0xff, 0xff, 0xff, 0xff, 0xb0, 0x00, 0x00,
  0x00, 0x00, 0x00, 0x00, 0x57, 0xff, 0xff, 0xff, 0xff, 0xff, 0x80, 0x00, 0x00, 0x00, 0x03, 0xef,
  0xff, 0xff, 0xff, 0xff, 0xff, 0x8a, 0x07, 0x00, 0x00, 0x00, 0x3a, 0xeb, 0xff, 0xff, 0xff, 0xff,
  0xff, 0x43, 0x00, 0x00, 0x00, 0x00, 0x99, 0xff, 0xff, 0xff, 0xff, 0xff, 0xff, 0xea, 0xb0, 0xa4,
  0xc9, 0xff, 0xff, 0xff, 0xff, 0xff, 0xff, 0xe7, 0x07, 0x00, 0x00, 0x00, 0x00, 0x1c, 0xf6, 0xff,
  0xff, 0xff, 0xff, 0xff, 0xff, 0xff, 0xff, 0xff, 0xff, 0xff, 0xff, 0xff, 0xff, 0xff, 0x72, 0x00,
  0x00, 0x00, 0x00, 0x00, 0x00, 0x51, 0xfd, 0xff, 0xff, 0xff, 0xff, 0xff, 0xff, 0xff, 0xff, 0xff,
  0xff, 0xff, 0xff, 0xff, 0xba, 0x03, 0x00, 0x00, 0x00, 0x00, 0x00, 0x00, 0x00, 0x51, 0xed, 0xff,
  0xff, 0xff, 0xff, 0xff, 0xff, 0xff, 0xff, 0xff, 0xff, 0xff, 0xb4, 0x0f, 0x00, 0x00, 0x00, 0x00,
  0x00, 0x00, 0x00, 0x00, 0x00, 0x1a, 0x8f, 0xf2, 0xff, 0xff, 0xff, 0xff, 0xff, 0xff, 0xff, 0xdb,
  0x62, 0x01, 0x00, 0x00, 0x00, 0x00, 0x00, 0x00, 0x00, 0x00, 0x00, 0x00, 0x00, 0x00, 0x07, 0x3c,
  0x70, 0x85, 0x91, 0x82, 0x68, 0x2c, 0x01, 0x00, 0x00, 0x00, 0x00, 0x00, 0x00, 0x00, 0x00, 0x4e,
  0x66, 0x66, 0x66, 0x66, 0x4f, 0x00, 0x00, 0x00, 0x00, 0x00, 0x00, 0x00, 0x00, 0x25, 0x66, 0x66,
  0x66, 0x66, 0x66, 0x65, 0x01, 0xc4, 0xff, 0xff, 0xff, 0xff, 0xc7, 0x00, 0x00, 0x00, 0x00, 0x00,
  0x00, 0x00, 0x03, 0xcc, 0xff, 0xff, 0xff, 0xff, 0xff, 0x9a, 0x00, 0xc4, 0xff, 0xff, 0xff, 0xff,
  0xc7, 0x00, 0x00, 0x00, 0x00, 0x00, 0x00, 0x00, 0x75, 0xff, 0xff, 0xff, 0xff, 0xff, 0xe5, 0x0f,
  0x00, 0xc4, 0xff, 0xff, 0xff, 0xff, 0xc7, 0x00, 0x00, 0x00, 0x00, 0x00, 0x00, 0x23, 0xf6, 0xff,
  0xff, 0xff, 0xff, 0xff, 0x50, 0x00, 0x00, 0xc4, 0xff, 0xff, 0xff, 0xff, 0xc7, 0x00, 0x00, 0x00,
  0x00, 0x00, 0x00, 0xbe, 0xff, 0xff, 0xff, 0xff, 0xff, 0xab, 0x00, 0x00, 0x00, 0xc4, 0xff, 0xff,
  0xff, 0xff, 0xc7, 0x00, 0x00, 0x00, 0x00, 0x00, 0x64, 0xff, 0xff, 0xff, 0xff, 0xff, 0xee, 0x18,
  0x00, 0x00, 0x00, 0xc4, 0xff, 0xff, 0xff, 0xff, 0xc7, 0x00, 0x00, 0x00, 0x00, 0x19, 0xef, 0xff,
  0xff, 0xff, 0xff, 0xff, 0x61, 0x00, 0x00, 0x00, 0x00, 0xc4, 0xff, 0xff, 0xff, 0xff, 0xc7, 0x00,
  0x00, 0x00, 0x00, 0xae, 0xff, 0xff, 0xff, 0xff, 0xff, 0xbb, 0x00, 0x00, 0x00, 0x00, 0x00, 0xc4,
  0xff, 0xff, 0xff, 0xff, 0xc7, 0x00, 0x00, 0x00, 0x53, 0xff, 0xff, 0xff, 0xff, 0xff, 0xf5, 0x22,
  0x00, 0x00, 0x00, 0x00, 0x00, 0xc4, 0xff, 0xff, 0xff, 0xff, 0xc7, 0x00, 0x00, 0x11, 0xe7, 0xff,
  0xff, 0xff, 0xff, 0xff, 0x72, 0x00, 0x00, 0x00, 0x00, 0x00, 0x00, 0xc4, 0xff, 0xff, 0xff, 0xff,
  0xc7, 0x00, 0x00, 0x9d, 0xff, 0xff, 0xff, 0xff, 0xff, 0xca, 0x03, 0x00, 0x00, 0x00, 0x00, 0x00,
  0x00, 0xc4, 0xff, 0xff, 0xff, 0xff, 0xc7, 0x00, 0x43, 0xff, 0xff, 0xff, 0xff, 0xff, 0xfa, 0x2d,
  0x00, 0x00, 0x00, 0x00, 0x00, 0x00, 0x00, 0xc4, 0xff, 0xff, 0xff, 0xff, 0xda, 0x58, 0xdd, 0xff,
  0xff, 0xff, 0xff, 0xff, 0x83, 0x00, 0x00, 0x00, 0x00, 0x00, 0x00, 0x00, 0x00, 0xc4, 0xff, 0xff,
  0xff, 0xff, 0xff, 0xff, 0xff, 0xff, 0xff, 0xff, 0xff, 0xd7, 0x07, 0x00, 0x00, 0x00, 0x00, 0x00,
  0x00, 0x00, 0x00, 0xc4, 0xff, 0xff, 0xff, 0xff, 0xff, 0xff, 0xff, 0xff, 0xff, 0xff, 0xfe, 0x3b,
  0x00, 0x00, 0x00, 0x00, 0x00, 0x00, 0x00, 0x00, 0x00, 0xc4, 0xff, 0xff, 0xff, 0xff, 0xff, 0xff,
  0xff, 0xff, 0xff, 0xff, 0xf7, 0x05, 0x00, 0x00, 0x00, 0x00, 0x00, 0x00, 0x00, 0x00, 0x00, 0xc4,
  0xff, 0xff, 0xff, 0xff, 0xff, 0xff, 0xff, 0xff, 0xff, 0xff, 0xff, 0x83, 0x00, 0x00, 0x00, 0x00,
  0x00, 0x00, 0x00, 0x00, 0x00, 0xc4, 0xff, 0xff, 0xff, 0xff, 0xfc, 0xf2, 0xff, 0xff, 0xff, 0xff,
  0xff, 0xfb, 0x35, 0x00, 0x00, 0x00, 0x00, 0x00, 0x00, 0x00, 0x00, 0xc4, 0xff, 0xff, 0xff, 0xff,
  0xc7, 0x00, 0xa1, 0xff, 0xff, 0xff, 0xff, 0xff, 0xd7, 0x08, 0x00, 0x00, 0x00, 0x00, 0x00, 0x00,
  0x00, 0xc4, 0xff, 0xff, 0xff, 0xff, 0xc7, 0x00, 0x11, 0xe6, 0xff, 0xff, 0xff, 0xff, 0xff, 0x8e,
  0x00, 0x00, 0x00, 0x00, 0x00, 0x00, 0x00, 0xc4, 0xff, 0xff, 0xff, 0xff, 0xc7, 0x00, 0x00, 0x4d,
  0xff, 0xff, 0xff, 0xff, 0xff, 0xfd, 0x3e, 0x00, 0x00, 0x00, 0x00, 0x00, 0x00, 0xc4, 0xff, 0xff,
  0xff, 0xff, 0xc7, 0x00, 0x00, 0x00, 0xa3, 0xff, 0xff, 0xff, 0xff, 0xff, 0xdd, 0x0c, 0x00, 0x00,
  0x00, 0x00, 0x00, 0xc4, 0xff, 0xff, 0xff, 0xff, 0xc7, 0x00, 0x00, 0x00, 0x11, 0xe7, 0xff, 0xff,
  0xff, 0xff, 0xff, 0x98, 0x00, 0x00, 0x00, 0x00, 0x00, 0xc4, 0xff, 0xff, 0xff, 0xff, 0xc7, 0x00,
  0x00, 0x00, 0x00, 0x4e, 0xff, 0xff, 0xff, 0xff, 0xff, 0xff, 0x47, 0x00, 0x00, 0x00, 0x00, 0xc4,
  0xff, 0xff, 0xff, 0xff, 0xc7, 0x00, 0x00, 0x00, 0x00, 0x00, 0xa4, 0xff, 0xff, 0xff, 0xff, 0xff,
  0xe4, 0x10, 0x00, 0x00, 0x00, 0xc4, 0xff, 0xff, 0xff, 0xff, 0xc7, 0x00, 0x00, 0x00, 0x00, 0x00,
  0x12, 0xe7, 0xff, 0xff, 0xff, 0xff, 0xff, 0xa3, 0x00, 0x00, 0x00, 0xc4, 0xff, 0xff, 0xff, 0xff,
  0xc7, 0x00, 0x00, 0x00, 0x00, 0x00, 0x00, 0x4f, 0xff, 0xff, 0xff, 0xff, 0xff, 0xff, 0x51, 0x00,
  0x00, 0xc4, 0xff, 0xff, 0xff, 0xff, 0xc7, 0x00, 0x00, 0x00, 0x00, 0x00, 0x00, 0x00, 0xa5, 0xff,
  0xff, 0xff, 0xff, 0xff, 0xe9, 0x15, 0x00, 0xc4, 0xff, 0xff, 0xff, 0xff, 0xc7, 0x00, 0x00, 0x00,
  0x00, 0x00, 0x00, 0x00, 0x12, 0xe8, 0xff, 0xff, 0xff, 0xff, 0xff, 0xad, 0x00, 0xc4, 0xff, 0xff,
  0xff, 0xff, 0xc7, 0x00, 0x00, 0x00, 0x00, 0x00, 0x00, 0x00, 0x00, 0x50, 0xff, 0xff, 0xff, 0xff,
  0xff, 0xff, 0x56, 0x38, 0x66, 0x66, 0x66, 0x66, 0x65, 0x00, 0x00, 0x00, 0x00, 0x00, 0x00, 0x00,
  0x00, 0x00, 0x00, 0x00, 0x00, 0x00, 0x00, 0x8e, 0xff, 0xff, 0xff, 0xff, 0xfc, 0x00, 0x00, 0x00,
  0x00, 0x00, 0x00, 0x00, 0x00, 0x00, 0x00, 0x00, 0x00, 0x00, 0x00, 0x8e, 0xff, 0xff, 0xff, 0xff,
  0xfc, 0x00, 0x00, 0x00, 0x00, 0x00, 0x00, 0x00, 0x00, 0x00, 0x00, 0x00, 0x00, 0x00, 0x00, 0x8e,
  0xff, 0xff, 0xff, 0xff, 0xfc, 0x00, 0x00, 0x00, 0x00, 0x00, 0x00, 0x00, 0x00, 0x00, 0x00, 0x00,
  0x00, 0x00, 0x00, 0x8e, 0xff, 0xff, 0xff, 0xff, 0xfc, 0x00, 0x00, 0x00, 0x00, 0x00, 0x00, 0x00,
  0x00, 0x00, 0x00, 0x00, 0x00, 0x00, 0x00, 0x8e, 0xff, 0xff, 0xff, 0xff, 0xfc, 0x00, 0x00, 0x00,
  0x00, 0x00, 0x00, 0x00, 0x00, 0x00, 0x00, 0x00, 0x00, 0x00, 0x00, 0x8e, 0xff, 0xff, 0xff, 0xff,
  0xfc, 0x00, 0x00, 0x00, 0x00, 0x00, 0x00, 0x00, 0x00, 0x00, 0x00, 0x00, 0x00, 0x00, 0x00, 0x8e,
  0xff, 0xff, 0xff, 0xff, 0xfc, 0x00, 0x00, 0x00, 0x00, 0x00, 0x00, 0x00, 0x00, 0x00, 0x00, 0x00,
  0x00, 0x00, 0x00, 0x8e, 0xff, 0xff, 0xff, 0xff, 0xfc, 0x00, 0x00, 0x00, 0x00, 0x00, 0x00, 0x00,
  0x00, 0x00, 0x00, 0x00, 0x00, 0x00, 0x00, 0x8e, 0xff, 0xff, 0xff, 0xff, 0xfc, 0x00, 0x00, 0x00,
  0x00, 0x00, 0x00, 0x00, 0x00, 0x00, 0x00, 0x00, 0x00, 0x00, 0x00, 0x8e, 0xff, 0xff, 0xff, 0xff,
  0xfc, 0x00, 0x00, 0x00, 0x00, 0x00, 0x00, 0x00, 0x00, 0x00, 0x00, 0x00, 0x00, 0x00, 0x00, 0x8e,
  0xff, 0xff, 0xff, 0xff, 0xfc, 0x00, 0x00, 0x00, 0x00, 0x00, 0x00, 0x00, 0x00, 0x00, 0x00, 0x00,
  0x00, 0x00, 0x00, 0x8e, 0xff, 0xff, 0xff, 0xff, 0xfc, 0x00, 0x00, 0x00, 0x00, 0x00, 0x00, 0x00,
  0x00, 0x00, 0x00, 0x00, 0x00, 0x00, 0x00, 0x8e, 0xff, 0xff, 0xff, 0xff, 0xfc, 0x00, 0x00, 0x00,
  0x00, 0x00, 0x00, 0x00, 0x00, 0x00, 0x00, 0x00, 0x00, 0x00, 0x00, 0x8e, 0xff, 0xff, 0xff, 0xff,
  0xfc, 0x00, 0x00, 0x00, 0x00, 0x00, 0x00, 0x00, 0x00, 0x00, 0x00, 0x00, 0x00, 0x00, 0x00, 0x8e,
  0xff, 0xff, 0xff, 0xff, 0xfc, 0x00, 0x00, 0x00, 0x00, 0x00, 0x00, 0x00, 0x00, 0x00, 0x00, 0x00,
  0x00, 0x00, 0x00, 0x8e, 0xff, 0xff, 0xff, 0xff, 0xfc, 0x00, 0x00, 0x00, 0x00, 0x00, 0x00, 0x00,
  0x00, 0x00, 0x00, 0x00, 0x00, 0x00, 0x00, 0x8e, 0xff, 0xff, 0xff, 0xff, 0xfc, 0x00, 0x00, 0x00,
  0x00, 0x00, 0x00, 0x00, 0x00, 0x00, 0x00, 0x00, 0x00, 0x00, 0x00, 0x8e, 0xff, 0xff, 0xff, 0xff,
  0xfc, 0x00, 0x00, 0x00, 0x00, 0x00, 0x00, 0x00, 0x00, 0x00, 0x00, 0x00, 0x00, 0x00, 0x00, 0x8e,
  0xff, 0xff, 0xff, 0xff, 0xfc, 0x00, 0x00, 0x00, 0x00, 0x00, 0x00, 0x00, 0x00, 0x00, 0x00, 0x00,
  0x00, 0x00, 0x00, 0x8e, 0xff, 0xff, 0xff, 0xff, 0xfc, 0x00, 0x00, 0x00, 0x00, 0x00, 0x00, 0x00,
  0x00, 0x00, 0x00, 0x00, 0x00, 0x00, 0x00, 0x8e, 0xff, 0xff, 0xff, 0xff, 0xfc, 0x00, 0x00, 0x00,
  0x00, 0x00, 0x00, 0x00, 0x00, 0x00, 0x00, 0x00, 0x00, 0x00, 0x00, 0x8e, 0xff, 0xff, 0xff, 0xff,
  0xfc, 0x00, 0x00, 0x00, 0x00, 0x00, 0x00, 0x00, 0x00, 0x00, 0x00, 0x00, 0x00, 0x00, 0x00, 0x8e,
  0xff, 0xff, 0xff, 0xff, 0xfc, 0x00, 0x00, 0x00, 0x00, 0x00, 0x00, 0x00, 0x00, 0x00, 0x00, 0x00,
  0x00, 0x00, 0x00, 0x8e, 0xff, 0xff, 0xff, 0xff, 0xfd, 0x4a, 0x4a, 0x4a, 0x4a, 0x4a, 0x4a, 0x4a,
  0x4a, 0x4a, 0x4a, 0x4a, 0x4a, 0x4a, 0x19, 0x8e, 0xff, 0xff, 0xff, 0xff, 0xff, 0xff, 0xff, 0xff,
  0xff, 0xff, 0xff, 0xff, 0xff, 0xff, 0xff, 0xff, 0xff, 0xff, 0x58, 0x8e, 0xff, 0xff, 0xff, 0xff,
  0xff, 0xff, 0xff, 0xff, 0xff, 0xff, 0xff, 0xff, 0xff, 0xff, 0xff, 0xff, 0xff, 0xff, 0x58, 0x8e,
  0xff, 0xff, 0xff, 0xff, 0xff, 0xff, 0xff, 0xff, 0xff, 0xff, 0xff, 0xff, 0xff, 0xff, 0xff, 0xff,
  0xff, 0xff, 0x58, 0x8e, 0xff, 0xff, 0xff, 0xff, 0xff, 0xff, 0xff, 0xff, 0xff, 0xff, 0xff, 0xff,
  0xff, 0xff, 0xff, 0xff, 0xff, 0xff, 0x58, 0x8e, 0xff, 0xff, 0xff, 0xff, 0xff, 0xff, 0xff, 0xff,
  0xff, 0xff, 0xff, 0xff, 0xff, 0xff, 0xff, 0xff, 0xff, 0xff, 0x58, 0x07, 0x66, 0x66, 0x66, 0x66,
  0x66, 0x66, 0x66, 0x66, 0x66, 0x46, 0x00, 0x00, 0x00, 0x00, 0x64, 0x66, 0x66, 0x66, 0x66, 0x66,
  0x66, 0x66, 0x66, 0x4f, 0x13, 0xff, 0xff, 0xff, 0xff, 0xff, 0xff, 0xff, 0xff, 0xff, 0xbd, 0x00,
  0x00, 0x00, 0x08, 0xff, 0xff, 0xff, 0xff, 0xff, 0xff, 0xff, 0xff, 0xff, 0xc7, 0x13, 0xff, 0xff,
  0xff, 0xff, 0xff, 0xff, 0xff, 0xff, 0xff, 0xd0, 0x00, 0x00, 0x00, 0x1c, 0xff, 0xff, 0xff, 0xff,
  0xff, 0xff, 0xff, 0xff, 0xff, 0xc7, 0x13, 0xff, 0xff, 0xff, 0xff, 0xcd, 0xd1, 0xff, 0xff, 0xff,
  0xe3, 0x00, 0x00, 0x00, 0x2f, 0xff, 0xff, 0xff, 0xff, 0xb4, 0xe9, 0xff, 0xff, 0xff, 0xc7, 0x13,
  0xff, 0xff, 0xff, 0xff, 0x86, 0x74, 0xff, 0xff, 0xff, 0xf7, 0x00, 0x00, 0x00, 0x43, 0xff, 0xff,
  0xff, 0xff, 0x29, 0xd2, 0xff, 0xff, 0xff, 0xc7, 0x13, 0xff, 0xff, 0xff, 0xff, 0x99, 0x5e, 0xff,
  0xff, 0xff, 0xff, 0x0a, 0x00, 0x00, 0x56, 0xff, 0xff, 0xff, 0xff, 0x14, 0xe5, 0xff, 0xff, 0xff,
  0xc7, 0x13, 0xff, 0xff, 0xff, 0xff, 0xad, 0x48, 0xff, 0xff, 0xff, 0xff, 0x1e, 0x00, 0x00, 0x6a,
  0xff, 0xff, 0xff, 0xfd, 0x02, 0xf8, 0xff, 0xff, 0xff, 0xc7, 0x13, 0xff, 0xff, 0xff, 0xff, 0xc0,
  0x32, 0xff, 0xff, 0xff, 0xff, 0x31, 0x00, 0x00, 0x7d, 0xff, 0xff, 0xff, 0xea, 0x0c, 0xff, 0xff,
  0xff, 0xff, 0xc7, 0x13, 0xff, 0xff, 0xff, 0xff, 0xd3, 0x1c, 0xff, 0xff, 0xff, 0xff, 0x45, 0x00,
  0x00, 0x91, 0xff, 0xff, 0xff, 0xd4, 0x1f, 0xff, 0xff, 0xff, 0xff, 0xc7, 0x13, 0xff, 0xff, 0xff,
  0xff, 0xe6, 0x07, 0xff, 0xff, 0xff, 0xff, 0x58, 0x00, 0x00, 0xa4, 0xff, 0xff, 0xff, 0xbf, 0x32,
  0xff, 0xff, 0xff, 0xff, 0xc7, 0x13, 0xff, 0xff, 0xff, 0xff, 0xf5, 0x00, 0xf0, 0xff, 0xff, 0xff,
  0x6c, 0x00, 0x00, 0xb7, 0xff, 0xff, 0xff, 0xaa, 0x41, 0xff, 0xff, 0xff, 0xff, 0xc7, 0x13, 0xff,
  0xff, 0xff, 0xff, 0xf6, 0x00, 0xda, 0xff, 0xff, 0xff, 0x7f, 0x00, 0x00, 0xcb, 0xff, 0xff, 0xff,
  0x95, 0x42, 0xff, 0xff, 0xff, 0xff, 0xc7, 0x13, 0xff, 0xff, 0xff, 0xff, 0xf6, 0x00, 0xc4, 0xff,
  0xff, 0xff, 0x92, 0x00, 0x00, 0xde, 0xff, 0xff, 0xff, 0x80, 0x42, 0xff, 0xff, 0xff, 0xff, 0xc7,
  0x13, 0xff, 0xff, 0xff, 0xff, 0xf6, 0x00, 0xae, 0xff, 0xff, 0xff, 0xa6, 0x00, 0x00, 0xf2, 0xff,
  0xff, 0xff, 0x6a, 0x42, 0xff, 0xff, 0xff, 0xff, 0xc7, 0x13, 0xff, 0xff, 0xff, 0xff, 0xf6, 0x00,
  0x98, 0xff, 0xff, 0xff, 0xb9, 0x00, 0x05, 0xff, 0xff, 0xff, 0xff, 0x55, 0x42, 0xff, 0xff, 0xff,
  0xff, 0xc7, 0x13, 0xff, 0xff, 0xff, 0xff, 0xf6, 0x00, 0x82, 0xff, 0xff, 0xff, 0xcd, 0x00, 0x19,
  0xff, 0xff, 0xff, 0xff, 0x40, 0x42, 0xff, 0xff, 0xff, 0xff, 0xc7, 0x13, 0xff, 0xff, 0xff, 0xff,
  0xf6, 0x00, 0x6c, 0xff, 0xff, 0xff, 0xe0, 0x00, 0x2c, 0xff, 0xff, 0xff, 0xff, 0x2b, 0x42, 0xff,
  0xff, 0xff, 0xff, 0xc7, 0x13, 0xff, 0xff, 0xff, 0xff, 0xf6, 0x00, 0x56, 0xff, 0xff, 0xff, 0xf4,
  0x00, 0x3f, 0xff, 0xff, 0xff, 0xff, 0x16, 0x42, 0xff, 0xff, 0xff, 0xff, 0xc7, 0x13, 0xff, 0xff,
  0xff, 0xff, 0xf6, 0x00, 0x40, 0xff, 0xff, 0xff, 0xff, 0x07, 0x53, 0xff, 0xff, 0xff, 0xfd, 0x03,
  0x42, 0xff, 0xff, 0xff, 0xff, 0xc7, 0x13, 0xff, 0xff, 0xff, 0xff, 0xf6, 0x00, 0x2a, 0xff, 0xff,
  0xff, 0xff, 0x1a, 0x66, 0xff, 0xff, 0xff, 0xeb, 0x00, 0x42, 0xff, 0xff, 0xff, 0xff, 0xc7, 0x13,
  0xff, 0xff, 0xff, 0xff, 0xf6, 0x00, 0x14, 0xff, 0xff, 0xff, 0xff, 0x2e, 0x7a, 0xff, 0xff, 0xff,
  0xd6, 0x00, 0x42, 0xff, 0xff, 0xff, 0xff, 0xc7, 0x13, 0xff, 0xff, 0xff, 0xff, 0xf6, 0x00, 0x02,
  0xfc, 0xff, 0xff, 0xff, 0x41, 0x8d, 0xff, 0xff, 0xff, 0xc1, 0x00, 0x42, 0xff, 0xff, 0xff, 0xff,
  0xc7, 0x13, 0xff, 0xff, 0xff, 0xff, 0xf6, 0x00, 0x00, 0xe8, 0xff, 0xff, 0xff, 0x54, 0xa0, 0xff,
  0xff, 0xff, 0xac, 0x00, 0x42, 0xff, 0xff, 0xff, 0xff, 0xc7, 0x13, 0xff, 0xff, 0xff, 0xff, 0xf6,
  0x00, 0x00, 0xd2, 0xff, 0xff, 0xff, 0x59, 0xa4, 0xff, 0xff, 0xff, 0x97, 0x00, 0x42, 0xff, 0xff,
  0xff, 0xff, 0xc7, 0x13, 0xff, 0xff, 0xff, 0xff, 0xf6, 0x00, 0x00, 0xbc, 0xff, 0xff, 0xff, 0x59,
  0xa4, 0xff, 0xff, 0xff, 0x81, 0x00, 0x42, 0xff, 0xff, 0xff, 0xff, 0xc7, 0x13, 0xff, 0xff, 0xff,
  0xff, 0xf6, 0x00, 0x00, 0xa6, 0xff, 0xff, 0xff, 0x59, 0xa4, 0xff, 0xff, 0xff, 0x6c, 0x00, 0x42,
  0xff, 0xff, 0xff, 0xff, 0xc7, 0x13, 0xff, 0xff, 0xff, 0xff, 0xf6, 0x00, 0x00, 0x90, 0xff, 0xff,
  0xff, 0x5d, 0xa7, 0xff, 0xff, 0xff, 0x57, 0x00, 0x42, 0xff, 0xff, 0xff, 0xff, 0xc7, 0x13, 0xff,
  0xff, 0xff, 0xff, 0xf6, 0x00, 0x00, 0x7a, 0xff, 0xff, 0xff, 0xff, 0xff, 0xff, 0xff, 0xff, 0x42,
  0x00, 0x42, 0xff, 0xff, 0xff, 0xff, 0xc7, 0x13, 0xff, 0xff, 0xff, 0xff, 0xf6, 0x00, 0x00, 0x64,
  0xff, 0xff, 0xff, 0xff, 0xff, 0xff, 0xff, 0xff, 0x2d, 0x00, 0x42, 0xff, 0xff, 0xff, 0xff, 0xc7,
  0x13, 0xff, 0xff, 0xff, 0xff, 0xf6, 0x00, 0x00, 0x4e, 0xff, 0xff, 0xff, 0xff, 0xff, 0xff, 0xff,
  0xff, 0x17, 0x00, 0x42, 0xff, 0xff, 0xff, 0xff, 0xc7, 0x2c, 0x66, 0x66, 0x66, 0x66, 0x66, 0x66,
  0x66, 0x66, 0x66, 0x66, 0x2b, 0x00, 0x00, 0x00, 0x29, 0x66, 0x66, 0x66, 0x66, 0x66, 0x0e, 0x70,
  0xff, 0xff, 0xff, 0xff, 0xff, 0xff, 0xff, 0xff, 0xff, 0xff, 0x84, 0x00, 0x00, 0x00, 0x66, 0xff,
  0xff, 0xff, 0xff, 0xff, 0x24, 0x70, 0xff, 0xff, 0xff, 0xff, 0xff, 0xff, 0xff, 0xff, 0xff, 0xff,
  0xa5, 0x00, 0x00, 0x00, 0x66, 0xff, 0xff, 0xff, 0xff, 0xff, 0x24, 0x70, 0xff, 0xff, 0xff, 0xff,
  0xff, 0x7f, 0xff, 0xff, 0xff, 0xff, 0xc7, 0x00, 0x00, 0x00, 0x67, 0xff, 0xff, 0xff, 0xff, 0xff,
  0x24, 0x70, 0xff, 0xff, 0xff, 0xff, 0xff, 0x1e, 0xfa, 0xff, 0xff, 0xff, 0xe8, 0x00, 0x00, 0x00,
  0x66, 0xff, 0xff, 0xff, 0xff, 0xff, 0x24, 0x70, 0xff, 0xff, 0xff, 0xff, 0xff, 0x1b, 0xdb, 0xff,
  0xff, 0xff, 0xff, 0x09, 0x00, 0x00, 0x66, 0xff, 0xff, 0xff, 0xff, 0xff, 0x24, 0x70, 0xff, 0xff,
  0xff, 0xff, 0xff, 0x1b, 0xba, 0xff, 0xff, 0xff, 0xff, 0x2a, 0x00, 0x00, 0x66, 0xff, 0xff, 0xff,
  0xff, 0xff, 0x24, 0x70, 0xff, 0xff, 0xff, 0xff, 0xff, 0x1b, 0x99, 0xff, 0xff, 0xff, 0xff, 0x4b,
  0x00, 0x00, 0x66, 0xff, 0xff, 0xff, 0xff, 0xff, 0x24, 0x70, 0xff, 0xff, 0xff, 0xff, 0xff, 0x1b,
  0x78, 0xff, 0xff, 0xff, 0xff, 0x6c, 0x00, 0x00, 0x66, 0xff, 0xff, 0xff, 0xff, 0xff, 0x24, 0x70,
  0xff, 0xff, 0xff, 0xff, 0xff, 0x1b, 0x57, 0xff, 0xff, 0xff, 0xff, 0x8d, 0x00, 0x00, 0x66, 0xff,
  0xff, 0xff, 0xff, 0xff, 0x24, 0x70, 0xff, 0xff, 0xff, 0xff, 0xff, 0x1b, 0x36, 0xff, 0xff, 0xff,
  0xff, 0xae, 0x00, 0x00, 0x66, 0xff, 0xff, 0xff, 0xff, 0xff, 0x24, 0x70, 0xff, 0xff, 0xff, 0xff,
  0xff, 0x1b, 0x15, 0xff, 0xff, 0xff, 0xff, 0xcf, 0x00, 0x00, 0x66, 0xff, 0xff, 0xff, 0xff, 0xff,
  0x24, 0x70, 0xff, 0xff, 0xff, 0xff, 0xff, 0x1b, 0x00, 0xf4, 0xff, 0xff, 0xff, 0xf0, 0x00, 0x00,
  0x66, 0xff, 0xff, 0xff, 0xff, 0xff, 0x24, 0x70, 0xff, 0xff, 0xff, 0xff, 0xff, 0x1b, 0x00, 0xd3,
  0xff, 0xff, 0xff, 0xff, 0x11, 0x00, 0x66, 0xff, 0xff, 0xff, 0xff, 0xff, 0x24, 0x70, 0xff, 0xff,
  0xff, 0xff, 0xff, 0x1b, 0x00, 0xb2, 0xff, 0xff, 0xff, 0xff, 0x32, 0x00, 0x66, 0xff, 0xff, 0xff,
  0xff, 0xff, 0x24, 0x70, 0xff, 0xff, 0xff, 0xff, 0xff, 0x1b, 0x00, 0x91, 0xff, 0xff, 0xff, 0xff,
  0x53, 0x00, 0x66, 0xff, 0xff, 0xff, 0xff, 0xff, 0x24, 0x70, 0xff, 0xff, 0xff, 0xff, 0xff, 0x1b,
  0x00, 0x70, 0xff, 0xff, 0xff, 0xff, 0x74, 0x00, 0x66, 0xff, 0xff, 0xff, 0xff, 0xff, 0x24, 0x70,
  0xff, 0xff, 0xff, 0xff, 0xff, 0x1b, 0x00, 0x4e, 0xff, 0xff, 0xff, 0xff, 0x95, 0x00, 0x66, 0xff,
  0xff, 0xff, 0xff, 0xff, 0x24, 0x70, 0xff, 0xff, 0xff, 0xff, 0xff, 0x1b, 0x00, 0x2d, 0xff, 0xff,
  0xff, 0xff, 0xb6, 0x00, 0x66, 0xff, 0xff, 0xff, 0xff, 0xff, 0x24, 0x70, 0xff, 0xff, 0xff, 0xff,
  0xff, 0x1b, 0x00, 0x0d, 0xff, 0xff, 0xff, 0xff, 0xd8, 0x00, 0x66, 0xff, 0xff, 0xff, 0xff, 0xff,
  0x24, 0x70, 0xff, 0xff, 0xff, 0xff, 0xff, 0x1b, 0x00, 0x00, 0xeb, 0xff, 0xff, 0xff, 0xf7, 0x01,
  0x66, 0xff, 0xff, 0xff, 0xff, 0xff, 0x24, 0x70, 0xff, 0xff, 0xff, 0xff, 0xff, 0x1b, 0x00, 0x00,
  0xca, 0xff, 0xff, 0xff, 0xff, 0x1a, 0x66, 0xff, 0xff, 0xff, 0xff, 0xff, 0x24, 0x70, 0xff, 0xff,
  0xff, 0xff, 0xff, 0x1b, 0x00, 0x00, 0xa9, 0xff, 0xff, 0xff, 0xff, 0x3b, 0x66, 0xff, 0xff, 0xff,
  0xff, 0xff, 0x24, 0x70, 0xff, 0xff, 0xff, 0xff, 0xff, 0x1b, 0x00, 0x00, 0x88, 0xff, 0xff, 0xff,
  0xff, 0x5c, 0x66, 0xff, 0xff, 0xff, 0xff, 0xff, 0x24, 0x70, 0xff, 0xff, 0xff, 0xff, 0xff, 0x1b,
  0x00, 0x00, 0x67, 0xff, 0xff, 0xff, 0xff, 0x7d, 0x66, 0xff, 0xff, 0xff, 0xff, 0xff, 0x24, 0x70,
  0xff, 0xff, 0xff, 0xff, 0xff, 0x1b, 0x00, 0x00, 0x46, 0xff, 0xff, 0xff, 0xff, 0x9e, 0x66, 0xff,
  0xff, 0xff, 0xff, 0xff, 0x24, 0x70, 0xff, 0xff, 0xff, 0xff, 0xff, 0x1b, 0x00, 0x00, 0x25, 0xff,
  0xff, 0xff, 0xff, 0xbf, 0x66, 0xff, 0xff, 0xff, 0xff, 0xff, 0x24, 0x70, 0xff, 0xff, 0xff, 0xff,
  0xff, 0x1b, 0x00, 0x00, 0x06, 0xfd, 0xff, 0xff, 0xff, 0xf5, 0xdd, 0xff, 0xff, 0xff, 0xff, 0xff,
  0x24, 0x70, 0xff, 0xff, 0xff, 0xff, 0xff, 0x1b, 0x00, 0x00, 0x00, 0xe3, 0xff, 0xff, 0xff, 0xff,
  0xff, 0xff, 0xff, 0xff, 0xff, 0xff, 0x24, 0x70, 0xff, 0xff, 0xff, 0xff, 0xff, 0x1b, 0x00, 0x00,
  0x00, 0xc2, 0xff, 0xff, 0xff, 0xff, 0xff, 0xff, 0xff, 0xff, 0xff, 0xff, 0x24, 0x00, 0x00, 0x00,
  0x00, 0x00, 0x00, 0x39, 0x84, 0xc5, 0xe0, 0xf4, 0xef, 0xd9, 0xb5, 0x6f, 0x1f, 0x00, 0x00, 0x00,
  0x00, 0x00, 0x00, 0x00, 0x00, 0x00, 0x00, 0x31, 0xbd, 0xff, 0xff, 0xff, 0xff, 0xff, 0xff, 0xff,
  0xff, 0xff, 0xfa, 0x95, 0x13, 0x00, 0x00, 0x00, 0x00, 0x00, 0x00, 0x00, 0x56, 0xf8, 0xff, 0xff,
  0xff, 0xff, 0xff, 0xff, 0xff, 0xff, 0xff, 0xff, 0xff, 0xff, 0xdc, 0x25, 0x00, 0x00, 0x00, 0x00,
  0x00, 0x51, 0xfe, 0xff, 0xff, 0xff, 0xff, 0xff, 0xff, 0xff, 0xff, 0xff, 0xff, 0xff, 0xff, 0xff,
  0xff, 0xe9, 0x1a, 0x00, 0x00, 0x00, 0x1d, 0xee, 0xff, 0xff, 0xff, 0xff, 0xff, 0xff, 0xff, 0xff,
  0xff, 0xff, 0xff, 0xff, 0xff, 0xff, 0xff, 0xff, 0xbd, 0x02, 0x00, 0x00, 0x9b, 0xff, 0xff, 0xff,
  0xff, 0xff, 0xf8, 0x89, 0x33, 0x13, 0x18, 0x47, 0xb2, 0xff, 0xff, 0xff, 0xff, 0xff, 0xff, 0x4f,
  0x00, 0x15, 0xf7, 0xff, 0xff, 0xff, 0xff, 0xf7, 0x44, 0x00, 0x00, 0x00, 0x00, 0x00, 0x00, 0x8e,
  0xff, 0xff, 0xff, 0xff, 0xff, 0xc0, 0x00, 0x61, 0xff, 0xff, 0xff, 0xff, 0xff, 0x81, 0x00, 0x00,
  0x00, 0x00, 0x00, 0x00, 0x00, 0x01, 0xd2, 0xff, 0xff, 0xff, 0xff, 0xff, 0x15, 0x9b, 0xff, 0xff,
  0xff, 0xff, 0xfc, 0x11, 0x00, 0x00, 0x00, 0x00, 0x00, 0x00, 0x00, 0x00, 0x5f, 0xff, 0xff, 0xff,
  0xff, 0xff, 0x50, 0xce, 0xff, 0xff, 0xff, 0xff, 0xcb, 0x00, 0x00, 0x00, 0x00, 0x00, 0x00, 0x00,
  0x00, 0x00, 0x1a, 0xff, 0xff, 0xff, 0xff, 0xff, 0x82, 0xe1, 0xff, 0xff, 0xff, 0xff, 0xa5, 0x00,
  0x00, 0x00, 0x00, 0x00, 0x00, 0x00, 0x00, 0x00, 0x00, 0xf2, 0xff, 0xff, 0xff, 0xff, 0x95, 0xf2,
  0xff, 0xff, 0xff, 0xff, 0x93, 0x00, 0x00, 0x00, 0x00, 0x00, 0x00, 0x00, 0x00, 0x00, 0x00, 0xdf,
  0xff, 0xff, 0xff, 0xff, 0xa7, 0xfb, 0xff, 0xff, 0xff, 0xff, 0x8f, 0x00, 0x00, 0x00, 0x00, 0x00,
  0x00, 0x00, 0x00, 0x00, 0x00, 0xdb, 0xff, 0xff, 0xff, 0xff, 0xb0, 0xfb, 0xff, 0xff, 0xff, 0xff,
  0x8f, 0x00, 0x00, 0x00, 0x00, 0x00, 0x00, 0x00, 0x00, 0x00, 0x00, 0xdb, 0xff, 0xff, 0xff, 0xff,
  0xb0, 0xfb, 0xff, 0xff, 0xff, 0xff, 0x8f, 0x00, 0x00, 0x00, 0x00, 0x00, 0x00, 0x00, 0x00, 0x00,
  0x00, 0xdb, 0xff, 0xff, 0xff, 0xff, 0xb0, 0xfb, 0xff, 0xff, 0xff, 0xff, 0x8f, 0x00, 0x00, 0x00,
  0x00, 0x00, 0x00, 0x00, 0x00, 0x00, 0x00, 0xdb, 0xff, 0xff, 0xff, 0xff, 0xb0, 0xfb, 0xff, 0xff,
  0xff, 0xff, 0x8f, 0x00, 0x00, 0x00, 0x00, 0x00, 0x00, 0x00, 0x00, 0x00, 0x00, 0xdb, 0xff, 0xff,
  0xff, 0xff, 0xb0, 0xfb, 0xff, 0xff, 0xff, 0xff, 0x8f, 0x00, 0x00, 0x00, 0x00, 0x00, 0x00, 0x00,
  0x00, 0x00, 0x00, 0xdb, 0xff, 0xff, 0xff, 0xff, 0xb0, 0xfa, 0xff, 0xff, 0xff, 0xff, 0x8f, 0x00,
  0x00, 0x00, 0x00, 0x00, 0x00, 0x00, 0x00, 0x00, 0x00, 0xdb, 0xff, 0xff, 0xff, 0xff, 0xae, 0xec,
  0xff, 0xff, 0xff, 0xff, 0x97, 0x00, 0x00, 0x00, 0x00, 0x00, 0x00, 0x00, 0x00, 0x00, 0x00, 0xe2,
  0xff, 0xff, 0xff, 0xff, 0xa0, 0xdb, 0xff, 0xff, 0xff, 0xff, 0xaa, 0x00, 0x00, 0x00, 0x00, 0x00,
  0x00, 0x00, 0x00, 0x00, 0x01, 0xf5, 0xff, 0xff, 0xff, 0xff, 0x8f, 0xc1, 0xff, 0xff, 0xff, 0xff,
  0xd7, 0x00, 0x00, 0x00, 0x00, 0x00, 0x00, 0x00, 0x00, 0x00, 0x23, 0xff, 0xff, 0xff, 0xff, 0xff,
  0x75, 0x89, 0xff, 0xff, 0xff, 0xff, 0xff, 0x24, 0x00, 0x00, 0x00, 0x00, 0x00, 0x00, 0x00, 0x00,
  0x6f, 0xff, 0xff, 0xff, 0xff, 0xff, 0x3d, 0x4d, 0xff, 0xff, 0xff, 0xff, 0xff, 0x9c, 0x00, 0x00,
  0x00, 0x00, 0x00, 0x00, 0x00, 0x09, 0xde, 0xff, 0xff, 0xff, 0xff, 0xf8, 0x09, 0x05, 0xe5, 0xff,
  0xff, 0xff, 0xff, 0xff, 0x74, 0x02, 0x00, 0x00, 0x00, 0x00, 0x10, 0xb1, 0xff, 0xff, 0xff, 0xff,
  0xff, 0x9f, 0x00, 0x00, 0x79, 0xff, 0xff, 0xff, 0xff, 0xff, 0xff, 0xdc, 0x96, 0x7b, 0x81, 0xa6,
  0xef, 0xff, 0xff, 0xff, 0xff, 0xff, 0xfe, 0x2e, 0x00, 0x00, 0x06, 0xcc, 0xff, 0xff, 0xff, 0xff,
  0xff, 0xff, 0xff, 0xff, 0xff, 0xff, 0xff, 0xff, 0xff, 0xff, 0xff, 0xff, 0x87, 0x00, 0x00, 0x00,
  0x00, 0x23, 0xe4, 0xff, 0xff, 0xff, 0xff, 0xff, 0xff, 0xff, 0xff, 0xff, 0xff, 0xff, 0xff, 0xff,
  0xff, 0xb8, 0x04, 0x00, 0x00, 0x00, 0x00, 0x00, 0x1b, 0xcc, 0xff, 0xff, 0xff, 0xff, 0xff, 0xff,
  0xff, 0xff, 0xff, 0xff, 0xff, 0xff, 0x98, 0x04, 0x00, 0x00, 0x00, 0x00, 0x00, 0x00, 0x00, 0x03,
  0x5f, 0xd7, 0xff, 0xff, 0xff, 0xff, 0xff, 0xff, 0xff, 0xfc, 0xb9, 0x38, 0x00, 0x00, 0x00, 0x00,
  0x00, 0x00, 0x00, 0x00, 0x00, 0x00, 0x00, 0x00, 0x21, 0x60, 0x7a, 0x8e, 0x89, 0x74, 0x51, 0x10,
  0x00, 0x00, 0x00, 0x00, 0x00, 0x00, 0x00, 0x64, 0x66, 0x66, 0x66, 0x66, 0x66, 0x66, 0x66, 0x66,
  0x66, 0x66, 0x64, 0x59, 0x3b, 0x0c, 0x00, 0x00, 0x00, 0x00, 0x00, 0x00, 0xf9, 0xff, 0xff, 0xff,
  0xff, 0xff, 0xff, 0xff, 0xff, 0xff, 0xff, 0xff, 0xff, 0xff, 0xf8, 0xac, 0x2f, 0x00, 0x00, 0x00,
  0x00, 0xf9, 0xff, 0xff, 0xff, 0xff, 0xff, 0xff, 0xff, 0xff, 0xff, 0xff, 0xff, 0xff, 0xff, 0xff,
  0xff, 0xfb, 0x75, 0x00, 0x00, 0x00, 0xf9, 0xff, 0xff, 0xff, 0xff, 0xff, 0xff, 0xff, 0xff, 0xff,
  0xff, 0xff, 0xff, 0xff, 0xff, 0xff, 0xff, 0xff, 0x7b, 0x00, 0x00, 0xf9, 0xff, 0xff, 0xff, 0xff,
  0xff, 0xff, 0xff, 0xff, 0xff, 0xff, 0xff, 0xff, 0xff, 0xff, 0xff, 0xff, 0xff, 0xfe, 0x38, 0x00,
  0xf9, 0xff, 0xff, 0xff, 0xff, 0xf4, 0xe4, 0xe4, 0xe4, 0xe4, 0xe4, 0xee, 0xff, 0xff, 0xff, 0xff,
  0xff, 0xff, 0xff, 0xbc, 0x00, 0xfa, 0xff, 0xff, 0xff, 0xff, 0x91, 0x00, 0x00, 0x00, 0x00, 0x00,
  0x00, 0x1f, 0x9c, 0xff, 0xff, 0xff, 0xff, 0xff, 0xff, 0x1d, 0xf9, 0xff, 0xff, 0xff, 0xff, 0x91,
  0x00, 0x00, 0x00, 0x00, 0x00, 0x00, 0x00, 0x00, 0xa0, 0xff, 0xff, 0xff, 0xff, 0xff, 0x5b, 0xf9,
  0xff, 0xff, 0xff, 0xff, 0x91, 0x00, 0x00, 0x00, 0x00, 0x00, 0x00, 0x00, 0x00, 0x2b, 0xff, 0xff,
  0xff, 0xff, 0xff, 0x7b, 0xf9, 0xff, 0xff, 0xff, 0xff, 0x91, 0x00, 0x00, 0x00, 0x00, 0x00, 0x00,
  0x00, 0x00, 0x09, 0xff, 0xff, 0xff, 0xff, 0xff, 0x85, 0xfa, 0xff, 0xff, 0xff, 0xff, 0x91, 0x00,
  0x00, 0x00, 0x00, 0x00, 0x00, 0x00, 0x00, 0x12, 0xff, 0xff, 0xff, 0xff, 0xff, 0x7f, 0xf9, 0xff,
  0xff, 0xff, 0xff, 0x91, 0x00, 0x00, 0x00, 0x00, 0x00, 0x00, 0x00, 0x00, 0x57, 0xff, 0xff, 0xff,
  0xff, 0xff, 0x67, 0xfa, 0xff, 0xff, 0xff, 0xff, 0x91, 0x00, 0x00, 0x00, 0x00, 0x00, 0x00, 0x00,
  0x24, 0xe4, 0xff, 0xff, 0xff, 0xff, 0xff, 0x33, 0xfa, 0xff, 0xff, 0xff, 0xff, 0xbb, 0x61, 0x61,
  0x61, 0x61, 0x61, 0x6b, 0x9c, 0xf5, 0xff, 0xff, 0xff, 0xff, 0xff, 0xdf, 0x01, 0xf9, 0xff, 0xff,
  0xff, 0xff, 0xff, 0xff, 0xff, 0xff, 0xff, 0xff, 0xff, 0xff, 0xff, 0xff, 0xff, 0xff, 0xff, 0xff,
  0x6d, 0x00, 0xf9, 0xff, 0xff, 0xff, 0xff, 0xff, 0xff, 0xff, 0xff, 0xff, 0xff, 0xff, 0xff, 0xff,
  0xff, 0xff, 0xff, 0xff, 0xc9, 0x04, 0x00, 0xf9, 0xff, 0xff, 0xff, 0xff, 0xff, 0xff, 0xff, 0xff,
  0xff, 0xff, 0xff, 0xff, 0xff, 0xff, 0xff, 0xff, 0xd7, 0x19, 0x00, 0x00, 0xf9, 0xff, 0xff, 0xff,
  0xff, 0xff, 0xff, 0xff, 0xff, 0xff, 0xff, 0xff, 0xff, 0xff, 0xff, 0xfe, 0xa3, 0x0f, 0x00, 0x00,
  0x00, 0xfa, 0xff, 0xff, 0xff, 0xff, 0xf6, 0xe9, 0xe9, 0xe9, 0xe9, 0xe9, 0xe7, 0xdb, 0xbc, 0x84,
  0x2b, 0x00, 0x00, 0x00, 0x00, 0x00, 0xf9, 0xff, 0xff, 0xff, 0xff, 0x91, 0x00, 0x00, 0x00, 0x00,
  0x00, 0x00, 0x00, 0x00, 0x00, 0x00, 0x00, 0x00, 0x00, 0x00, 0x00, 0xf9, 0xff, 0xff, 0xff, 0xff,
  0x91, 0x00, 0x00, 0x00, 0x00, 0x00, 0x00, 0x00, 0x00, 0x00, 0x00, 0x00, 0x00, 0x00, 0x00, 0x00,
  0xf9, 0xff, 0xff, 0xff, 0xff, 0x91, 0x00, 0x00, 0x00, 0x00, 0x00, 0x00, 0x00, 0x00, 0x00, 0x00,
  0x00, 0x00, 0x00, 0x00, 0x00, 0xf9, 0xff, 0xff, 0xff, 0xff, 0x91, 0x00, 0x00, 0x00, 0x00, 0x00,
  0x00, 0x00, 0x00, 0x00, 0x00, 0x00, 0x00, 0x00, 0x00, 0x00, 0xf9, 0xff, 0xff, 0xff, 0xff, 0x91,
  0x00, 0x00, 0x00, 0x00, 0x00, 0x00, 0x00, 0x00, 0x00, 0x00, 0x00, 0x00, 0x00, 0x00, 0x00, 0xf9,
  0xff, 0xff, 0xff, 0xff, 0x91, 0x00, 0x00, 0x00, 0x00, 0x00, 0x00, 0x00, 0x00, 0x00, 0x00, 0x00,
  0x00, 0x00, 0x00, 0x00, 0xf9, 0xff, 0xff, 0xff, 0xff, 0x91, 0x00, 0x00, 0x00, 0x00, 0x00, 0x00,
  0x00, 0x00, 0x00, 0x00, 0x00, 0x00, 0x00, 0x00, 0x00, 0xf9, 0xff, 0xff, 0xff, 0xff, 0x91, 0x00,
  0x00, 0x00, 0x00, 0x00, 0x00, 0x00, 0x00, 0x00, 0x00, 0x00, 0x00, 0x00, 0x00, 0x00, 0xf9, 0xff,
  0xff, 0xff, 0xff, 0x91, 0x00, 0x00, 0x00, 0x00, 0x00, 0x00, 0x00, 0x00, 0x00, 0x00, 0x00, 0x00,
  0x00, 0x00, 0x00, 0xf9, 0xff, 0xff, 0xff, 0xff, 0x91, 0x00, 0x00, 0x00, 0x00, 0x00, 0x00, 0x00,
  0x00, 0x00, 0x00, 0x00, 0x00, 0x00, 0x00, 0x00, 0xf9, 0xff, 0xff, 0xff, 0xff, 0x91, 0x00, 0x00,
  0x00, 0x00, 0x00, 0x00, 0x00, 0x00, 0x00, 0x00, 0x00, 0x00, 0x00, 0x00, 0x00, 0x00, 0x00, 0x00,
  0x00, 0x00, 0x00, 0x39, 0x84, 0xc5, 0xe0, 0xf4, 0xef, 0xd9, 0xb5, 0x6f, 0x1f, 0x00, 0x00, 0x00,
  0x00, 0x00, 0x00, 0x00, 0x00, 0x00, 0x00, 0x31, 0xbd, 0xff, 0xff, 0xff, 0xff, 0xff, 0xff, 0xff,
  0xff, 0xff, 0xfa, 0x95, 0x13, 0x00, 0x00, 0x00, 0x00, 0x00, 0x00, 0x00, 0x56, 0xf8, 0xff, 0xff,
  0xff, 0xff, 0xff, 0xff, 0xff, 0xff, 0xff, 0xff, 0xff, 0xff, 0xdc, 0x25, 0x00, 0x00, 0x00, 0x00,
  0x00, 0x51, 0xfe, 0xff, 0xff, 0xff, 0xff, 0xff, 0xff, 0xff, 0xff, 0xff, 0xff, 0xff, 0xff, 0xff,
  0xff, 0xe9, 0x1a, 0x00, 0x00, 0x00, 0x1d, 0xee, 0xff, 0xff, 0xff, 0xff, 0xff, 0xff, 0xff, 0xff,
  0xff, 0xff, 0xff, 0xff, 0xff, 0xff, 0xff, 0xff, 0xbd, 0x02, 0x00, 0x00, 0x9b, 0xff, 0xff, 0xff,
  0xff, 0xff, 0xf9, 0x8c, 0x34, 0x13, 0x18, 0x48, 0xb6, 0xff, 0xff, 0xff, 0xff, 0xff, 0xff, 0x4f,
  0x00, 0x14, 0xf7, 0xff, 0xff, 0xff, 0xff, 0xf9, 0x49, 0x00, 0x00, 0x00, 0x00, 0x00, 0x00, 0x96,
  0xff, 0xff, 0xff, 0xff, 0xff, 0xc0, 0x00, 0x61, 0xff, 0xff, 0xff, 0xff, 0xff, 0x87, 0x00, 0x00,
  0x00, 0x00, 0x00, 0x00, 0x00, 0x03, 0xd7, 0xff, 0xff, 0xff, 0xff, 0xff, 0x15, 0x9c, 0xff, 0xff,
  0xff, 0xff, 0xfd, 0x16, 0x00, 0x00, 0x00, 0x00, 0x00, 0x00, 0x00, 0x00, 0x64, 0xff, 0xff, 0xff,
  0xff, 0xff, 0x50, 0xcd, 0xff, 0xff, 0xff, 0xff, 0xd0, 0x00, 0x00, 0x00, 0x00, 0x00, 0x00, 0x00,
  0x00, 0x00, 0x1e, 0xff, 0xff, 0xff, 0xff, 0xff, 0x82, 0xe1, 0xff, 0xff, 0xff, 0xff, 0xa7, 0x00,
  0x00, 0x00, 0x00, 0x00, 0x00, 0x00, 0x00, 0x00, 0x00, 0xf4, 0xff, 0xff, 0xff, 0xff, 0x95, 0xf2,
  0xff, 0xff, 0xff, 0xff, 0x94, 0x00, 0x00, 0x00, 0x00, 0x00, 0x00, 0x00, 0x00, 0x00, 0x00, 0xe1,
  0xff, 0xff, 0xff, 0xff, 0xa7, 0xfb, 0xff, 0xff, 0xff, 0xff, 0x8f, 0x00, 0x00, 0x00, 0x00, 0x00,
  0x00, 0x00, 0x00, 0x00, 0x00, 0xdb, 0xff, 0xff, 0xff, 0xff, 0xb0, 0xfb, 0xff, 0xff, 0xff, 0xff,
  0x8f, 0x00, 0x00, 0x00, 0x00, 0x00, 0x00, 0x00, 0x00, 0x00, 0x00, 0xdb, 0xff, 0xff, 0xff, 0xff,
  0xb0, 0xfb, 0xff, 0xff, 0xff, 0xff, 0x8f, 0x00, 0x00, 0x00, 0x00, 0x00, 0x00, 0x00, 0x00, 0x00,
  0x00, 0xdb, 0xff, 0xff, 0xff, 0xff, 0xb0, 0xfb, 0xff, 0xff, 0xff, 0xff, 0x8f, 0x00, 0x00, 0x00,
  0x00, 0x00, 0x00, 0x00, 0x00, 0x00, 0x00, 0xdb, 0xff, 0xff, 0xff, 0xff, 0xb0, 0xfb, 0xff, 0xff,
  0xff, 0xff, 0x8f, 0x00, 0x00, 0x00, 0x00, 0x00, 0x00, 0x00, 0x00, 0x00, 0x00, 0xdb, 0xff, 0xff,
  0xff, 0xff, 0xb0, 0xfb, 0xff, 0xff, 0xff, 0xff, 0x8f, 0x00, 0x00, 0x00, 0x00, 0x00, 0x00, 0x00,
  0x00, 0x00, 0x00, 0xdb, 0xff, 0xff, 0xff, 0xff, 0xb0, 0xfa, 0xff, 0xff, 0xff, 0xff, 0x8f, 0x00,
  0x00, 0x00, 0x00, 0x00, 0x00, 0x00, 0x00, 0x00, 0x00, 0xdb, 0xff, 0xff, 0xff, 0xff, 0xae, 0xee,
  0xff, 0xff, 0xff, 0xff, 0x98, 0x00, 0x00, 0x00, 0x00, 0x00, 0x00, 0x00, 0x00, 0x00, 0x00, 0xe3,
  0xff, 0xff, 0xff, 0xff, 0xa2, 0xe0, 0xff, 0xff, 0xff, 0xff, 0xad, 0x00, 0x00, 0x00, 0x00, 0x00,
  0x00, 0x00, 0x00, 0x00, 0x02, 0xf7, 0xff, 0xff, 0xff, 0xff, 0x94, 0xbf, 0xff, 0xff, 0xff, 0xff,
  0xdc, 0x00, 0x00, 0x00, 0x00, 0x00, 0x00, 0x00, 0x00, 0x00, 0x28, 0xff, 0xff, 0xff, 0xff, 0xff,
  0x73, 0x8f, 0xff, 0xff, 0xff, 0xff, 0xff, 0x29, 0x00, 0x00, 0x00, 0x00, 0x00, 0x00, 0x00, 0x00,
  0x75, 0xff, 0xff, 0xff, 0xff, 0xff, 0x43, 0x4d, 0xff, 0xff, 0xff, 0xff, 0xff, 0xa2, 0x00, 0x00,
  0x00, 0x00, 0x00, 0x00, 0x00, 0x0b, 0xe3, 0xff, 0xff, 0xff, 0xff, 0xf5, 0x0c, 0x05, 0xec, 0xff,
  0xff, 0xff, 0xff, 0xff, 0x7a, 0x02, 0x00, 0x00, 0x00, 0x00, 0x12, 0xb6, 0xff, 0xff, 0xff, 0xff,
  0xff, 0xa5, 0x00, 0x00, 0x78, 0xff, 0xff, 0xff, 0xff, 0xff, 0xff, 0xde, 0x96, 0x7b, 0x81, 0xa7,
  0xf0, 0xff, 0xff, 0xff, 0xff, 0xff, 0xfd, 0x2f, 0x00, 0x00, 0x07, 0xd7, 0xff, 0xff, 0xff, 0xff,
  0xff, 0xff, 0xff, 0xff, 0xff, 0xff, 0xff, 0xff, 0xff, 0xff, 0xff, 0xff, 0x92, 0x00, 0x00, 0x00,
  0x00, 0x22, 0xea, 0xff, 0xff, 0xff, 0xff, 0xff, 0xff, 0xff, 0xff, 0xff, 0xff, 0xff, 0xff, 0xff,
  0xff, 0xbb, 0x05, 0x00, 0x00, 0x00, 0x00, 0x00, 0x23, 0xcf, 0xff, 0xff, 0xff, 0xff, 0xff, 0xff,
  0xff, 0xff, 0xff, 0xff, 0xff, 0xff, 0x9e, 0x09, 0x00, 0x00, 0x00, 0x00, 0x00, 0x00, 0x00, 0x06,
  0x68, 0xda, 0xff, 0xff, 0xff, 0xff, 0xff, 0xff, 0xff, 0xfd, 0xbd, 0x43, 0x00, 0x00, 0x00, 0x00,
  0x00, 0x00, 0x00, 0x00, 0x00, 0x00, 0x00, 0x00, 0x24, 0xdb, 0xff, 0xff, 0xff, 0xff, 0xa1, 0x12,
  0x00, 0x00, 0x00, 0x00, 0x00, 0x00, 0x00, 0x00, 0x00, 0x00, 0x00, 0x00, 0x00, 0x00, 0x00, 0xcb,
  0xff, 0xff, 0xff, 0xff, 0x95, 0x00, 0x00, 0x00, 0x00, 0x00, 0x00, 0x00, 0x00, 0x00, 0x00, 0x00,
  0x00, 0x00, 0x00, 0x00, 0x00, 0xcb, 0xff, 0xff, 0xff, 0xff, 0xfc, 0xc2, 0xbb, 0xbb, 0x1c, 0x00,
  0x00, 0x00, 0x00, 0x00, 0x00, 0x00, 0x00, 0x00, 0x00, 0x00, 0x00, 0xc5, 0xff, 0xff, 0xff, 0xff,
  0xff, 0xff, 0xff, 0xff, 0x26, 0x00, 0x00, 0x00, 0x00, 0x00, 0x00, 0x00, 0x00, 0x00, 0x00, 0x00,
  0x00, 0x98, 0xff, 0xff, 0xff, 0xff, 0xff, 0xff, 0xff, 0xff, 0x26, 0x00, 0x00, 0x00, 0x00, 0x00,
  0x00, 0x00, 0x00, 0x00, 0x00, 0x00, 0x00, 0x28, 0xf5, 0xff, 0xff, 0xff, 0xff, 0xff, 0xff, 0xff,
  0x26, 0x00, 0x00, 0x00, 0x00, 0x00, 0x00, 0x00, 0x00, 0x00, 0x00, 0x00, 0x00, 0x00, 0x43, 0xe5,
  0xff, 0xff, 0xff, 0xff, 0xff, 0xff, 0x26, 0x00, 0x00, 0x00, 0x00, 0x00, 0x00, 0x00, 0x00, 0x00,
  0x00, 0x00, 0x00, 0x00, 0x00, 0x06, 0x3a, 0x4e, 0x4e, 0x4e, 0x4e, 0x4e, 0x0b, 0x00, 0x00, 0x00,
  0x00, 0x5f, 0x66, 0x66, 0x66, 0x66, 0x66, 0x66, 0x66, 0x66, 0x66, 0x66, 0x63, 0x57, 0x38, 0x0a,
  0x00, 0x00, 0x00, 0x00, 0x00, 0x00, 0xef, 0xff, 0xff, 0xff, 0xff, 0xff, 0xff, 0xff, 0xff, 0xff,
  0xff, 0xff, 0xff, 0xff, 0xf8, 0xb2, 0x3c, 0x00, 0x00, 0x00, 0x00, 0xef, 0xff, 0xff, 0xff, 0xff,
  0xff, 0xff, 0xff, 0xff, 0xff, 0xff, 0xff, 0xff, 0xff, 0xff, 0xff, 0xff, 0x98, 0x06, 0x00, 0x00,
  0xef, 0xff, 0xff, 0xff, 0xff, 0xff, 0xff, 0xff, 0xff, 0xff, 0xff, 0xff, 0xff, 0xff, 0xff, 0xff,
  0xff, 0xff, 0xaf, 0x01, 0x00, 0xef, 0xff, 0xff, 0xff, 0xff, 0xff, 0xff, 0xff, 0xff, 0xff, 0xff,
  0xff, 0xff, 0xff, 0xff, 0xff, 0xff, 0xff, 0xff, 0x6c, 0x00, 0xef, 0xff, 0xff, 0xff, 0xff, 0xf5,
  0xe4, 0xe4, 0xe4, 0xe4, 0xe4, 0xef, 0xff, 0xff, 0xff, 0xff, 0xff, 0xff, 0xff, 0xe8, 0x05, 0xef,
  0xff, 0xff, 0xff, 0xff, 0x9c, 0x00, 0x00, 0x00, 0x00, 0x00, 0x00, 0x21, 0x9c, 0xff, 0xff, 0xff,
  0xff, 0xff, 0xff, 0x44, 0xef, 0xff, 0xff, 0xff, 0xff, 0x9c, 0x00, 0x00, 0x00, 0x00, 0x00, 0x00,
  0x00, 0x00, 0x9f, 0xff, 0xff, 0xff, 0xff, 0xff, 0x77, 0xef, 0xff, 0xff, 0xff, 0xff, 0x9c, 0x00,
  0x00, 0x00, 0x00, 0x00, 0x00, 0x00, 0x00, 0x24, 0xff, 0xff, 0xff, 0xff, 0xff, 0x8c, 0xef, 0xff,
  0xff, 0xff, 0xff, 0x9c, 0x00, 0x00, 0x00, 0x00, 0x00, 0x00, 0x00, 0x00, 0x01, 0xfd, 0xff, 0xff,
  0xff, 0xff, 0x8f, 0xef, 0xff, 0xff, 0xff, 0xff, 0x9c, 0x00, 0x00, 0x00, 0x00, 0x00, 0x00, 0x00,
  0x00, 0x07, 0xff, 0xff, 0xff, 0xff, 0xff, 0x7e, 0xef, 0xff, 0xff, 0xff, 0xff, 0x9c, 0x00, 0x00,
  0x00, 0x00, 0x00, 0x00, 0x00, 0x00, 0x45, 0xff, 0xff, 0xff, 0xff, 0xff, 0x48, 0xef, 0xff, 0xff,
  0xff, 0xff, 0x9c, 0x00, 0x00, 0x00, 0x00, 0x00, 0x00, 0x00, 0x18, 0xd6, 0xff, 0xff, 0xff, 0xff,
  0xde, 0x04, 0xef, 0xff, 0xff, 0xff, 0xff, 0xc2, 0x61, 0x61, 0x61, 0x61, 0x61, 0x6b, 0x98, 0xef,
  0xff, 0xff, 0xff, 0xff, 0xfd, 0x47, 0x00, 0xef, 0xff, 0xff, 0xff, 0xff, 0xff, 0xff, 0xff, 0xff,
  0xff, 0xff, 0xff, 0xff, 0xff, 0xff, 0xff, 0xff, 0xf1, 0x54, 0x00, 0x00, 0xef, 0xff, 0xff, 0xff,
  0xff, 0xff, 0xff, 0xff, 0xff, 0xff, 0xff, 0xff, 0xff, 0xff, 0xff, 0xff, 0xc5, 0x19, 0x00, 0x00,
  0x00, 0xef, 0xff, 0xff, 0xff, 0xff, 0xff, 0xff, 0xff, 0xff, 0xff, 0xff, 0xff, 0xff, 0xff, 0xff,
  0xff, 0xe0, 0x7c, 0x10, 0x00, 0x00, 0xef, 0xff, 0xff, 0xff, 0xff, 0xff, 0xff, 0xff, 0xff, 0xff,
  0xff, 0xff, 0xff, 0xff, 0xff, 0xff, 0xff, 0xff, 0xde, 0x19, 0x00, 0xef, 0xff, 0xff, 0xff, 0xff,
  0xf7, 0xe9, 0xe9, 0xe9, 0xe9, 0xe9, 0xe9, 0xf9, 0xff, 0xff, 0xff, 0xff, 0xff, 0xff, 0x91, 0x00,
  0xef, 0xff, 0xff, 0xff, 0xff, 0x9c, 0x00, 0x00, 0x00, 0x00, 0x00, 0x00, 0x03, 0x6c, 0xff, 0xff,
  0xff, 0xff, 0xff, 0xc7, 0x00, 0xef, 0xff, 0xff, 0xff, 0xff, 0x9c, 0x00, 0x00, 0x00, 0x00, 0x00,
  0x00, 0x00, 0x00, 0xd9, 0xff, 0xff, 0xff, 0xff, 0xce, 0x00, 0xef, 0xff, 0xff, 0xff, 0xff, 0x9c,
  0x00, 0x00, 0x00, 0x00, 0x00, 0x00, 0x00, 0x00, 0xbd, 0xff, 0xff, 0xff, 0xff, 0xce, 0x00, 0xef,
  0xff, 0xff, 0xff, 0xff, 0x9c, 0x00, 0x00, 0x00, 0x00, 0x00, 0x00, 0x00, 0x00, 0xbc, 0xff, 0xff,
  0xff, 0xff, 0xce, 0x00, 0xef, 0xff, 0xff, 0xff, 0xff, 0x9c, 0x00, 0x00, 0x00, 0x00, 0x00, 0x00,
  0x00, 0x00, 0xbc, 0xff, 0xff, 0xff, 0xff, 0xce, 0x00, 0xef, 0xff, 0xff, 0xff, 0xff, 0x9c, 0x00,
  0x00, 0x00, 0x00, 0x00, 0x00, 0x00, 0x00, 0xbc, 0xff, 0xff, 0xff, 0xff, 0xce, 0x00, 0xef, 0xff,
  0xff, 0xff, 0xff, 0x9c, 0x00, 0x00, 0x00, 0x00, 0x00, 0x00, 0x00, 0x00, 0xbc, 0xff, 0xff, 0xff,
  0xff, 0xce, 0x00, 0xef, 0xff, 0xff, 0xff, 0xff, 0x9c, 0x00, 0x00, 0x00, 0x00, 0x00, 0x00, 0x00,
  0x00, 0xbc, 0xff, 0xff, 0xff, 0xff, 0xce, 0x00, 0xef, 0xff, 0xff, 0xff, 0xff, 0x9c, 0x00, 0x00,
  0x00, 0x00, 0x00, 0x00, 0x00, 0x00, 0xbc, 0xff, 0xff, 0xff, 0xff, 0xce, 0x00, 0xef, 0xff, 0xff,
  0xff, 0xff, 0x9c, 0x00, 0x00, 0x00, 0x00, 0x00, 0x00, 0x00, 0x00, 0xbc, 0xff, 0xff, 0xff, 0xff,
  0xce, 0x00, 0xef, 0xff, 0xff, 0xff, 0xff, 0x9c, 0x00, 0x00, 0x00, 0x00, 0x00, 0x00, 0x00, 0x00,
  0xbc, 0xff, 0xff, 0xff, 0xff, 0xce, 0x00, 0x00, 0x00, 0x00, 0x00, 0x00, 0x00, 0x08, 0x59, 0xa1,
  0xd1, 0xee, 0xf9, 0xf3, 0xe1, 0xbb, 0x80, 0x2f, 0x00, 0x00, 0x00, 0x00, 0x00, 0x00, 0x00, 0x00,
  0x00, 0x00, 0x02, 0x6e, 0xec, 0xff, 0xff, 0xff, 0xff, 0xff, 0xff, 0xff, 0xff, 0xff, 0xff, 0xbd,
  0x2d, 0x00, 0x00, 0x00, 0x00, 0x00, 0x00, 0x00, 0x0c, 0xba, 0xff, 0xff, 0xff, 0xff, 0xff, 0xff,
  0xff, 0xff, 0xff, 0xff, 0xff, 0xff, 0xff, 0xf9, 0x63, 0x00, 0x00, 0x00, 0x00, 0x00, 0x03, 0xbc,
  0xff, 0xff, 0xff, 0xff, 0xff, 0xff, 0xff, 0xff, 0xff, 0xff, 0xff, 0xff, 0xff, 0xff, 0xff, 0xff,
  0x60, 0x00, 0x00, 0x00, 0x00, 0x70, 0xff, 0xff, 0xff, 0xff, 0xff, 0xff, 0xff, 0xff, 0xff, 0xff,
  0xff, 0xff, 0xff, 0xff, 0xff, 0xff, 0xff, 0xf6, 0x24, 0x00, 0x00, 0x04, 0xe8, 0xff, 0xff, 0xff,
  0xff, 0xff, 0xf0, 0x8d, 0x51, 0x3c, 0x47, 0x74, 0xd3, 0xff, 0xff, 0xff, 0xff, 0xff, 0xff, 0xa4,
  0x00, 0x00, 0x3d, 0xff, 0xff, 0xff, 0xff, 0xff, 0xd8, 0x1a, 0x00, 0x00, 0x00, 0x00, 0x00, 0x02,
  0x8a, 0xff, 0xff, 0xff, 0xff, 0xff, 0xf8, 0x0e, 0x00, 0x6a, 0xff, 0xff, 0xff, 0xff, 0xff, 0x51,
  0x00, 0x00, 0x00, 0x00, 0x00, 0x00, 0x00, 0x00, 0xb5, 0xff, 0xff, 0xff, 0xff, 0xff, 0x46, 0x00,
  0x78, 0xff, 0xff, 0xff, 0xff, 0xff, 0x2d, 0x00, 0x00, 0x00, 0x00, 0x00, 0x00, 0x00, 0x00, 0x46,
  0xff, 0xff, 0xff, 0xff, 0xff, 0x65, 0x00, 0x6e, 0xff, 0xff, 0xff, 0xff, 0xff, 0x62, 0x00, 0x00,
  0x00, 0x00, 0x00, 0x00, 0x00, 0x00, 0x20, 0xff, 0xff, 0xff, 0xff, 0xff, 0x6f, 0x00, 0x4e, 0xff,
  0xff, 0xff, 0xff, 0xff, 0xe9, 0x30, 0x00, 0x00, 0x00, 0x00, 0x00, 0x00, 0x00, 0x10, 0x98, 0x98,
  0x98, 0x98, 0x98, 0x42, 0x00, 0x13, 0xfa, 0xff, 0xff, 0xff, 0xff, 0xff, 0xfb, 0xa0, 0x43, 0x06,
  0x00, 0x00, 0x00, 0x00, 0x00, 0x00, 0x00, 0x00, 0x00, 0x00, 0x00, 0x00, 0x00, 0xa2, 0xff, 0xff,
  0xff, 0xff, 0xff, 0xff, 0xff, 0xff, 0xf5, 0xc1, 0x8b, 0x53, 0x1a, 0x00, 0x00, 0x00, 0x00, 0x00,
  0x00, 0x00, 0x00, 0x00, 0x17, 0xe2, 0xff, 0xff, 0xff, 0xff, 0xff, 0xff, 0xff, 0xff, 0xff, 0xff,
  0xff, 0xff, 0xcb, 0x72, 0x0e, 0x00, 0x00, 0x00, 0x00, 0x00, 0x00, 0x00, 0x24, 0xda, 0xff, 0xff,
  0xff, 0xff, 0xff, 0xff, 0xff, 0xff, 0xff, 0xff, 0xff, 0xff, 0xff, 0xf0, 0x71, 0x02, 0x00, 0x00,
  0x00, 0x00, 0x00, 0x00, 0x0b, 0x88, 0xf4, 0xff, 0xff, 0xff, 0xff, 0xff, 0xff, 0xff, 0xff, 0xff,
  0xff, 0xff, 0xff, 0xff, 0xb6, 0x07, 0x00, 0x00, 0x00, 0x00, 0x00, 0x00, 0x00, 0x0f, 0x60, 0xb9,
  0xf8, 0xff, 0xff, 0xff, 0xff, 0xff, 0xff, 0xff, 0xff, 0xff, 0xff, 0xff, 0xa1, 0x00, 0x00, 0x00,
  0x00, 0x00, 0x00, 0x00, 0x00, 0x00, 0x00, 0x06, 0x38, 0x71, 0xa4, 0xe0, 0xff, 0xff, 0xff, 0xff,
  0xff, 0xff, 0xff, 0xff, 0x35, 0x35, 0x6c, 0x6c, 0x6c, 0x6c, 0x6c, 0x06, 0x00, 0x00, 0x00, 0x00,
  0x00, 0x00, 0x00, 0x32, 0xaf, 0xff, 0xff, 0xff, 0xff, 0xff, 0xff, 0x8f, 0x7c, 0xff, 0xff, 0xff,
  0xff, 0xff, 0x10, 0x00, 0x00, 0x00, 0x00, 0x00, 0x00, 0x00, 0x00, 0x00, 0x7f, 0xff, 0xff, 0xff,
  0xff, 0xff, 0xcc, 0x73, 0xff, 0xff, 0xff, 0xff, 0xff, 0x21, 0x00, 0x00, 0x00, 0x00, 0x00, 0x00,
  0x00, 0x00, 0x00, 0x03, 0xe6, 0xff, 0xff, 0xff, 0xff, 0xe3, 0x5e, 0xff, 0xff, 0xff, 0xff, 0xff,
  0x53, 0x00, 0x00, 0x00, 0x00, 0x00, 0x00, 0x00, 0x00, 0x00, 0x00, 0xb9, 0xff, 0xff, 0xff, 0xff,
  0xee, 0x32, 0xff, 0xff, 0xff, 0xff, 0xff, 0xb5, 0x00, 0x00, 0x00, 0x00, 0x00, 0x00, 0x00, 0x00,
  0x00, 0x00, 0xd0, 0xff, 0xff, 0xff, 0xff, 0xdb, 0x02, 0xe9, 0xff, 0xff, 0xff, 0xff, 0xff, 0x60,
  0x00, 0x00, 0x00, 0x00, 0x00, 0x00, 0x00, 0x00, 0x42, 0xff, 0xff, 0xff, 0xff, 0xff, 0xbd, 0x00,
  0x8d, 0xff, 0xff, 0xff, 0xff, 0xff, 0xfe, 0x8a, 0x15, 0x00, 0x00, 0x00, 0x00, 0x01, 0x53, 0xee,
  0xff, 0xff, 0xff, 0xff, 0xff, 0x76, 0x00, 0x1a, 0xf2, 0xff, 0xff, 0xff, 0xff, 0xff, 0xff, 0xfc,
  0xcd, 0xad, 0xa2, 0xb3, 0xe5, 0xff, 0xff, 0xff, 0xff, 0xff, 0xff, 0xf7, 0x1d, 0x00, 0x00, 0x62,
  0xff, 0xff, 0xff, 0xff, 0xff, 0xff, 0xff, 0xff, 0xff, 0xff, 0xff, 0xff, 0xff, 0xff, 0xff, 0xff,
  0xff, 0xff, 0x80, 0x00, 0x00, 0x00, 0x00, 0x7f, 0xff, 0xff, 0xff, 0xff, 0xff, 0xff, 0xff, 0xff,
  0xff, 0xff, 0xff, 0xff, 0xff, 0xff, 0xff, 0xff, 0xaa, 0x02, 0x00, 0x00, 0x00, 0x00, 0x00, 0x59,
  0xec, 0xff, 0xff, 0xff, 0xff, 0xff, 0xff, 0xff, 0xff, 0xff, 0xff, 0xff, 0xff, 0xfd, 0x88, 0x05,
  0x00, 0x00, 0x00, 0x00, 0x00, 0x00, 0x00, 0x13, 0x7f, 0xe2, 0xff, 0xff, 0xff, 0xff, 0xff, 0xff,
  0xff, 0xff, 0xf8, 0xa3, 0x32, 0x00, 0x00, 0x00, 0x00, 0x00, 0x00, 0x00, 0x00, 0x00, 0x00, 0x00,
  0x00, 0x2b, 0x5b, 0x7e, 0x8d, 0x91, 0x81, 0x6e, 0x3d, 0x09, 0x00, 0x00, 0x00, 0x00, 0x00, 0x00,
  0x4a, 0x66, 0x66, 0x66, 0x66, 0x66, 0x66, 0x66, 0x66, 0x66, 0x66, 0x66, 0x66, 0x66, 0x66, 0x66,
  0x66, 0x66, 0x66, 0x66, 0x66, 0x2c, 0xbb, 0xff, 0xff, 0xff, 0xff, 0xff, 0xff, 0xff, 0xff, 0xff,
  0xff, 0xff, 0xff, 0xff, 0xff, 0xff, 0xff, 0xff, 0xff, 0xff, 0xff, 0x6f, 0xbb, 0xff, 0xff, 0xff,
  0xff, 0xff, 0xff, 0xff, 0xff, 0xff, 0xff, 0xff, 0xff, 0xff, 0xff, 0xff, 0xff, 0xff, 0xff, 0xff,
  0xff, 0x6f, 0xbb, 0xff, 0xff, 0xff, 0xff, 0xff, 0xff, 0xff, 0xff, 0xff, 0xff, 0xff, 0xff, 0xff,
  0xff, 0xff, 0xff, 0xff, 0xff, 0xff, 0xff, 0x6f, 0xbb, 0xff, 0xff, 0xff, 0xff, 0xff, 0xff, 0xff,
  0xff, 0xff, 0xff, 0xff, 0xff, 0xff, 0xff, 0xff, 0xff, 0xff, 0xff, 0xff, 0xff, 0x6f, 0xa7, 0xe4,
  0xe4, 0xe4, 0xe4, 0xe4, 0xe4, 0xe4, 0xfd, 0xff, 0xff, 0xff, 0xff, 0xf5, 0xe4, 0xe4, 0xe4, 0xe4,
  0xe4, 0xe4, 0xe4, 0x63, 0x00, 0x00, 0x00, 0x00, 0x00, 0x00, 0x00, 0x00, 0xeb, 0xff, 0xff, 0xff,
  0xff, 0x9f, 0x00, 0x00, 0x00, 0x00, 0x00, 0x00, 0x00, 0x00, 0x00, 0x00, 0x00, 0x00, 0x00, 0x00,
  0x00, 0x00, 0xeb, 0xff, 0xff, 0xff, 0xff, 0x9f, 0x00, 0x00, 0x00, 0x00, 0x00, 0x00, 0x00, 0x00,
  0x00, 0x00, 0x00, 0x00, 0x00, 0x00, 0x00, 0x00, 0xeb, 0xff, 0xff, 0xff, 0xff, 0x9f, 0x00, 0x00,
  0x00, 0x00, 0x00, 0x00, 0x00, 0x00, 0x00, 0x00, 0x00, 0x00, 0x00, 0x00, 0x00, 0x00, 0xeb, 0xff,
  0xff, 0xff, 0xff, 0x9f, 0x00, 0x00, 0x00, 0x00, 0x00, 0x00, 0x00, 0x00, 0x00, 0x00, 0x00, 0x00,
  0x00, 0x00, 0x00, 0x00, 0xeb, 0xff, 0xff, 0xff, 0xff, 0x9f, 0x00, 0x00, 0x00, 0x00, 0x00, 0x00,
  0x00, 0x00, 0x00, 0x00, 0x00, 0x00, 0x00, 0x00, 0x00, 0x00, 0xeb, 0xff, 0xff, 0xff, 0xff, 0x9f,
  0x00, 0x00, 0x00, 0x00, 0x00, 0x00, 0x00, 0x00, 0x00, 0x00, 0x00, 0x00, 0x00, 0x00, 0x00, 0x00,
  0xeb, 0xff, 0xff, 0xff, 0xff, 0x9f, 0x00, 0x00, 0x00, 0x00, 0x00, 0x00, 0x00, 0x00, 0x00, 0x00,
  0x00, 0x00, 0x00, 0x00, 0x00, 0x00, 0xeb, 0xff, 0xff, 0xff, 0xff, 0x9f, 0x00, 0x00, 0x00, 0x00,
  0x00, 0x00, 0x00, 0x00, 0x00, 0x00, 0x00, 0x00, 0x00, 0x00, 0x00, 0x00, 0xeb, 0xff, 0xff, 0xff,
  0xff, 0x9f, 0x00, 0x00, 0x00, 0x00, 0x00, 0x00, 0x00, 0x00, 0x00, 0x00, 0x00, 0x00, 0x00, 0x00,
  0x00, 0x00, 0xeb, 0xff, 0xff, 0xff, 0xff, 0x9f, 0x00, 0x00, 0x00, 0x00, 0x00, 0x00, 0x00, 0x00,
  0x00, 0x00, 0x00, 0x00, 0x00, 0x00, 0x00, 0x00, 0xeb, 0xff, 0xff, 0xff, 0xff, 0x9f, 0x00, 0x00,
  0x00, 0x00, 0x00, 0x00, 0x00, 0x00, 0x00, 0x00, 0x00, 0x00, 0x00, 0x00, 0x00, 0x00, 0xeb, 0xff,
  0xff, 0xff, 0xff, 0x9f, 0x00, 0x00, 0x00, 0x00, 0x00, 0x00, 0x00, 0x00, 0x00, 0x00, 0x00, 0x00,
  0x00, 0x00, 0x00, 0x00, 0xeb, 0xff, 0xff, 0xff, 0xff, 0x9f, 0x00, 0x00, 0x00, 0x00, 0x00, 0x00,
  0x00, 0x00, 0x00, 0x00, 0x00, 0x00, 0x00, 0x00, 0x00, 0x00, 0xeb, 0xff, 0xff, 0xff, 0xff, 0x9f,
  0x00, 0x00, 0x00, 0x00, 0x00, 0x00, 0x00, 0x00, 0x00, 0x00, 0x00, 0x00, 0x00, 0x00, 0x00, 0x00,
  0xeb, 0xff, 0xff, 0xff, 0xff, 0x9f, 0x00, 0x00, 0x00, 0x00, 0x00, 0x00, 0x00, 0x00, 0x00, 0x00,
  0x00, 0x00, 0x00, 0x00, 0x00, 0x00, 0xeb, 0xff, 0xff, 0xff, 0xff, 0x9f, 0x00, 0x00, 0x00, 0x00,
  0x00, 0x00, 0x00, 0x00, 0x00, 0x00, 0x00, 0x00, 0x00, 0x00, 0x00, 0x00, 0xeb, 0xff, 0xff, 0xff,
  0xff, 0x9f, 0x00, 0x00, 0x00, 0x00, 0x00, 0x00, 0x00, 0x00, 0x00, 0x00, 0x00, 0x00, 0x00, 0x00,
  0x00, 0x00, 0xeb, 0xff, 0xff, 0xff, 0xff, 0x9f, 0x00, 0x00, 0x00, 0x00, 0x00, 0x00, 0x00, 0x00,
  0x00, 0x00, 0x00, 0x00, 0x00, 0x00, 0x00, 0x00, 0xeb, 0xff, 0xff, 0xff, 0xff, 0x9f, 0x00, 0x00,
  0x00, 0x00, 0x00, 0x00, 0x00, 0x00, 0x00, 0x00, 0x00, 0x00, 0x00, 0x00, 0x00, 0x00, 0xeb, 0xff,
  0xff, 0xff, 0xff, 0x9f, 0x00, 0x00, 0x00, 0x00, 0x00, 0x00, 0x00, 0x00, 0x00, 0x00, 0x00, 0x00,
  0x00, 0x00, 0x00, 0x00, 0xeb, 0xff, 0xff, 0xff, 0xff, 0x9f, 0x00, 0x00, 0x00, 0x00, 0x00, 0x00,
  0x00, 0x00, 0x00, 0x00, 0x00, 0x00, 0x00, 0x00, 0x00, 0x00, 0xeb, 0xff, 0xff, 0xff, 0xff, 0x9f,
  0x00, 0x00, 0x00, 0x00, 0x00, 0x00, 0x00, 0x00, 0x00, 0x00, 0x00, 0x00, 0x00, 0x00, 0x00, 0x00,
  0xeb, 0xff, 0xff, 0xff, 0xff, 0x9f, 0x00, 0x00, 0x00, 0x00, 0x00, 0x00, 0x00, 0x00, 0x00, 0x00,
  0x00, 0x00, 0x00, 0x00, 0x00, 0x00, 0xeb, 0xff, 0xff, 0xff, 0xff, 0x9f, 0x00, 0x00, 0x00, 0x00,
  0x00, 0x00, 0x00, 0x00, 0x4a, 0x66, 0x66, 0x66, 0x66, 0x53, 0x00, 0x00, 0x00, 0x00, 0x00, 0x00,
  0x00, 0x00, 0x00, 0x0b, 0x66, 0x66, 0x66, 0x66, 0x66, 0x2c, 0xbb, 0xff, 0xff, 0xff, 0xff, 0xcf,
  0x00, 0x00, 0x00, 0x00, 0x00, 0x00, 0x00, 0x00, 0x00, 0x1b, 0xff, 0xff, 0xff, 0xff, 0xff, 0x6f,
  0xbb, 0xff, 0xff, 0xff, 0xff, 0xcf, 0x00, 0x00, 0x00, 0x00, 0x00, 0x00, 0x00, 0x00, 0x00, 0x1b,
  0xff, 0xff, 0xff, 0xff, 0xff, 0x6f, 0xbb, 0xff, 0xff, 0xff, 0xff, 0xcf, 0x00, 0x00, 0x00, 0x00,
  0x00, 0x00, 0x00, 0x00, 0x00, 0x1b, 0xff, 0xff, 0xff, 0xff, 0xff, 0x6f, 0xbb, 0xff, 0xff, 0xff,
  0xff, 0xcf, 0x00, 0x00, 0x00, 0x00, 0x00, 0x00, 0x00, 0x00, 0x00, 0x1b, 0xff, 0xff, 0xff, 0xff,
  0xff, 0x6f, 0xbb, 0xff, 0xff, 0xff, 0xff, 0xcf, 0x00, 0x00, 0x00, 0x00, 0x00, 0x00, 0x00, 0x00,
  0x00, 0x1b, 0xff, 0xff, 0xff, 0xff, 0xff, 0x6f, 0xbb, 0xff, 0xff, 0xff, 0xff, 0xcf, 0x00, 0x00,
  0x00, 0x00, 0x00, 0x00, 0x00, 0x00, 0x00, 0x1b, 0xff, 0xff, 0xff, 0xff, 0xff, 0x6f, 0xbb, 0xff,
  0xff, 0xff, 0xff, 0xcf, 0x00, 0x00, 0x00, 0x00, 0x00, 0x00, 0x00, 0x00, 0x00, 0x1b, 0xff, 0xff,
  0xff, 0xff, 0xff, 0x6f, 0xbb, 0xff, 0xff, 0xff, 0xff, 0xcf, 0x00, 0x00, 0x00, 0x00, 0x00, 0x00,
  0x00, 0x00, 0x00, 0x1b, 0xff, 0xff, 0xff, 0xff, 0xff, 0x6f, 0xbb, 0xff, 0xff, 0xff, 0xff, 0xcf,
  0x00, 0x00, 0x00, 0x00, 0x00, 0x00, 0x00, 0x00, 0x00, 0x1b, 0xff, 0xff, 0xff, 0xff, 0xff, 0x6f,
  0xbb, 0xff, 0xff, 0xff, 0xff, 0xcf, 0x00, 0x00, 0x00, 0x00, 0x00, 0x00, 0x00, 0x00, 0x00, 0x1b,
  0xff, 0xff, 0xff, 0xff, 0xff, 0x6f, 0xbb, 0xff, 0xff, 0xff, 0xff, 0xcf, 0x00, 0x00, 0x00, 0x00,
  0x00, 0x00, 0x00, 0x00, 0x00, 0x1b, 0xff, 0xff, 0xff, 0xff, 0xff, 0x6f, 0xbb, 0xff, 0xff, 0xff,
  0xff, 0xcf, 0x00, 0x00, 0x00, 0x00, 0x00, 0x00, 0x00, 0x00, 0x00, 0x1b, 0xff, 0xff, 0xff, 0xff,
  0xff, 0x6f, 0xbb, 0xff, 0xff, 0xff, 0xff, 0xcf, 0x00, 0x00, 0x00, 0x00, 0x00, 0x00, 0x00, 0x00,
  0x00, 0x1b, 0xff, 0xff, 0xff, 0xff, 0xff, 0x6f, 0xbb, 0xff, 0xff, 0xff, 0xff, 0xcf, 0x00, 0x00,
  0x00, 0x00, 0x00, 0x00, 0x00, 0x00, 0x00, 0x1b, 0xff, 0xff, 0xff, 0xff, 0xff, 0x6f, 0xbb, 0xff,
  0xff, 0xff, 0xff, 0xcf, 0x00, 0x00, 0x00, 0x00, 0x00, 0x00, 0x00, 0x00, 0x00, 0x1b, 0xff, 0xff,
  0xff, 0xff, 0xff, 0x6f, 0xbb, 0xff, 0xff, 0xff, 0xff, 0xcf, 0x00, 0x00, 0x00, 0x00, 0x00, 0x00,
  0x00, 0x00, 0x00, 0x1b, 0xff, 0xff, 0xff, 0xff, 0xff, 0x6f, 0xbb, 0xff, 0xff, 0xff, 0xff, 0xcf,
  0x00, 0x00, 0x00, 0x00, 0x00, 0x00, 0x00, 0x00, 0x00, 0x1b, 0xff, 0xff, 0xff, 0xff, 0xff, 0x6f,
  0xbb, 0xff, 0xff, 0xff, 0xff, 0xcf, 0x00, 0x00, 0x00, 0x00, 0x00, 0x00, 0x00, 0x00, 0x00, 0x1b,
  0xff, 0xff, 0xff, 0xff, 0xff, 0x6f, 0xbb, 0xff, 0xff, 0xff, 0xff, 0xd0, 0x00, 0x00, 0x00, 0x00,
  0x00, 0x00, 0x00, 0x00, 0x00, 0x1b, 0xff, 0xff, 0xff, 0xff, 0xff, 0x6f, 0xaf, 0xff, 0xff, 0xff,
  0xff, 0xda, 0x00, 0x00, 0x00, 0x00, 0x00, 0x00, 0x00, 0x00, 0x00, 0x26, 0xff, 0xff, 0xff, 0xff,
  0xff, 0x63, 0x9d, 0xff, 0xff, 0xff, 0xff, 0xf7, 0x05, 0x00, 0x00, 0x00, 0x00, 0x00, 0x00, 0x00,
  0x00, 0x47, 0xff, 0xff, 0xff, 0xff, 0xff, 0x51, 0x7d, 0xff, 0xff, 0xff, 0xff, 0xff, 0x46, 0x00,
  0x00, 0x00, 0x00, 0x00, 0x00, 0x00, 0x00, 0x90, 0xff, 0xff, 0xff, 0xff, 0xff, 0x31, 0x40, 0xff,
  0xff, 0xff, 0xff, 0xff, 0xc7, 0x03, 0x00, 0x00, 0x00, 0x00, 0x00, 0x00, 0x1f, 0xf3, 0xff, 0xff,
  0xff, 0xff, 0xf2, 0x03, 0x08, 0xed, 0xff, 0xff, 0xff, 0xff, 0xff, 0xb1, 0x19, 0x00, 0x00, 0x00,
  0x00, 0x34, 0xdb, 0xff, 0xff, 0xff, 0xff, 0xff, 0xab, 0x00, 0x00, 0x83, 0xff, 0xff, 0xff, 0xff,
  0xff, 0xff, 0xfa, 0xc4, 0xa6, 0xab, 0xd4, 0xff, 0xff, 0xff, 0xff, 0xff, 0xff, 0xff, 0x39, 0x00,
  0x00, 0x11, 0xe1, 0xff, 0xff, 0xff, 0xff, 0xff, 0xff, 0xff, 0xff, 0xff, 0xff, 0xff, 0xff, 0xff,
  0xff, 0xff, 0xff, 0xaa, 0x00, 0x00, 0x00, 0x00, 0x38, 0xf6, 0xff, 0xff, 0xff, 0xff, 0xff, 0xff,
  0xff, 0xff, 0xff, 0xff, 0xff, 0xff, 0xff, 0xff, 0xd9, 0x0f, 0x00, 0x00, 0x00, 0x00, 0x00, 0x34,
  0xe5, 0xff, 0xff, 0xff, 0xff, 0xff, 0xff, 0xff, 0xff, 0xff, 0xff, 0xff, 0xff, 0xc1, 0x13, 0x00,
  0x00, 0x00, 0x00, 0x00, 0x00, 0x00, 0x0e, 0x7c, 0xe9, 0xff, 0xff, 0xff, 0xff, 0xff, 0xff, 0xff,
  0xff, 0xd2, 0x5a, 0x02, 0x00, 0x00, 0x00, 0x00, 0x00, 0x00, 0x00, 0x00, 0x00, 0x00, 0x01, 0x2d,
  0x66, 0x7d, 0x8f, 0x8a, 0x77, 0x5a, 0x1c, 0x00, 0x00, 0x00, 0x00, 0x00, 0x00, 0x00, 0x60, 0x66,
  0x66, 0x66, 0x66, 0x4e, 0x00, 0x00, 0x00, 0x00, 0x00, 0x00, 0x00, 0x00, 0x00, 0x00, 0x00, 0x06,
  0x66, 0x66, 0x66, 0x66, 0x66, 0x42, 0xc9, 0xff, 0xff, 0xff, 0xff, 0xe9, 0x00, 0x00, 0x00, 0x00,
  0x00, 0x00, 0x00, 0x00, 0x00, 0x00, 0x00, 0x36, 0xff, 0xff, 0xff, 0xff, 0xff, 0x7d, 0x8f, 0xff,
  0xff, 0xff, 0xff, 0xff, 0x21, 0x00, 0x00, 0x00, 0x00, 0x00, 0x00, 0x00, 0x00, 0x00, 0x00, 0x6d,
  0xff, 0xff, 0xff, 0xff, 0xff, 0x43, 0x55, 0xff, 0xff, 0xff, 0xff, 0xff, 0x58, 0x00, 0x00, 0x00,
  0x00, 0x00, 0x00, 0x00, 0x00, 0x00, 0x00, 0xa4, 0xff, 0xff, 0xff, 0xff, 0xfc, 0x0d, 0x1c, 0xff,
  0xff, 0xff, 0xff, 0xff, 0x90, 0x00, 0x00, 0x00, 0x00, 0x00, 0x00, 0x00, 0x00, 0x00, 0x00, 0xdc,
  0xff, 0xff, 0xff, 0xff, 0xd0, 0x00, 0x00, 0xe2, 0xff, 0xff, 0xff, 0xff, 0xc7, 0x00, 0x00, 0x00,
  0x00, 0x00, 0x00, 0x00, 0x00, 0x00, 0x13, 0xff, 0xff, 0xff, 0xff, 0xff, 0x96, 0x00, 0x00, 0xa8,
  0xff, 0xff, 0xff, 0xff, 0xf8, 0x06, 0x00, 0x00, 0x00, 0x00, 0x00, 0x00, 0x00, 0x00, 0x4a, 0xff,
  0xff, 0xff, 0xff, 0xff, 0x5c, 0x00, 0x00, 0x6e, 0xff, 0xff, 0xff, 0xff, 0xff, 0x36, 0x00, 0x00,
  0x00, 0x00, 0x00, 0x00, 0x00, 0x00, 0x81, 0xff, 0xff, 0xff, 0xff, 0xff, 0x22, 0x00, 0x00, 0x34,
  0xff, 0xff, 0xff, 0xff, 0xff, 0x6d, 0x00, 0x00, 0x00, 0x00, 0x00, 0x00, 0x00, 0x00, 0xb9, 0xff,
  0xff, 0xff, 0xff, 0xe9, 0x00, 0x00, 0x00, 0x05, 0xf6, 0xff, 0xff, 0xff, 0xff, 0xa4, 0x00, 0x00,
  0x00, 0x00, 0x00, 0x00, 0x00, 0x01, 0xef, 0xff, 0xff, 0xff, 0xff, 0xaf, 0x00, 0x00, 0x00, 0x00,
  0xc1, 0xff, 0xff, 0xff, 0xff, 0xdc, 0x00, 0x00, 0x00, 0x00, 0x00, 0x00, 0x00, 0x27, 0xff, 0xff,
  0xff, 0xff, 0xff, 0x75, 0x00, 0x00, 0x00, 0x00, 0x87, 0xff, 0xff, 0xff, 0xff, 0xff, 0x13, 0x00,
  0x00, 0x00, 0x00, 0x00, 0x00, 0x5f, 0xff, 0xff, 0xff, 0xff, 0xff, 0x3b, 0x00, 0x00, 0x00, 0x00,
  0x4d, 0xff, 0xff, 0xff, 0xff, 0xff, 0x4a, 0x00, 0x00, 0x00, 0x00, 0x00, 0x00, 0x96, 0xff, 0xff,
  0xff, 0xff, 0xf9, 0x08, 0x00, 0x00, 0x00, 0x00, 0x14, 0xff, 0xff, 0xff, 0xff, 0xff, 0x82, 0x00,
  0x00, 0x00, 0x00, 0x00, 0x00, 0xcd, 0xff, 0xff, 0xff, 0xff, 0xc8, 0x00, 0x00, 0x00, 0x00, 0x00,
  0x00, 0xda, 0xff, 0xff, 0xff, 0xff, 0xb9, 0x00, 0x00, 0x00, 0x00, 0x00, 0x09, 0xfb, 0xff, 0xff,
  0xff, 0xff, 0x8e, 0x00, 0x00, 0x00, 0x00, 0x00, 0x00, 0xa0, 0xff, 0xff, 0xff, 0xff, 0xef, 0x01,
  0x00, 0x00, 0x00, 0x00, 0x3c, 0xff, 0xff, 0xff, 0xff, 0xff, 0x54, 0x00, 0x00, 0x00, 0x00, 0x00,
  0x00, 0x66, 0xff, 0xff, 0xff, 0xff, 0xff, 0x27, 0x00, 0x00, 0x00, 0x00, 0x73, 0xff, 0xff, 0xff,
  0xff, 0xff, 0x1b, 0x00, 0x00, 0x00, 0x00, 0x00, 0x00, 0x2d, 0xff, 0xff, 0xff, 0xff, 0xff, 0x5f,
  0x00, 0x00, 0x00, 0x00, 0xab, 0xff, 0xff, 0xff, 0xff, 0xe1, 0x00, 0x00, 0x00, 0x00, 0x00, 0x00,
  0x00, 0x02, 0xf1, 0xff, 0xff, 0xff, 0xff, 0x96, 0x00, 0x00, 0x00, 0x00, 0xe2, 0xff, 0xff, 0xff,
  0xff, 0xa7, 0x00, 0x00, 0x00, 0x00, 0x00, 0x00, 0x00, 0x00, 0xb9, 0xff, 0xff, 0xff, 0xff, 0xcd,
  0x00, 0x00, 0x00, 0x19, 0xff, 0xff, 0xff, 0xff, 0xff, 0x6d, 0x00, 0x00, 0x00, 0x00, 0x00, 0x00,
  0x00, 0x00, 0x7f, 0xff, 0xff, 0xff, 0xff, 0xfb, 0x09, 0x00, 0x00, 0x51, 0xff, 0xff, 0xff, 0xff,
  0xff, 0x34, 0x00, 0x00, 0x00, 0x00, 0x00, 0x00, 0x00, 0x00, 0x46, 0xff, 0xff, 0xff, 0xff, 0xff,
  0x3c, 0x00, 0x00, 0x88, 0xff, 0xff, 0xff, 0xff, 0xf5, 0x04, 0x00, 0x00, 0x00, 0x00, 0x00, 0x00,
  0x00, 0x00, 0x0e, 0xfd, 0xff, 0xff, 0xff, 0xff, 0x73, 0x00, 0x00, 0xbf, 0xff, 0xff, 0xff, 0xff,
  0xc0, 0x00, 0x00, 0x00, 0x00, 0x00, 0x00, 0x00, 0x00, 0x00, 0x00, 0xd2, 0xff, 0xff, 0xff, 0xff,
  0xab, 0x00, 0x03, 0xf3, 0xff, 0xff, 0xff, 0xff, 0x86, 0x00, 0x00, 0x00, 0x00, 0x00, 0x00, 0x00,
  0x00, 0x00, 0x00, 0x98, 0xff, 0xff, 0xff, 0xff, 0xe2, 0x00, 0x2e, 0xff, 0xff, 0xff, 0xff, 0xff,
  0x4d, 0x00, 0x00, 0x00, 0x00, 0x00, 0x00, 0x00, 0x00, 0x00, 0x00, 0x5f, 0xff, 0xff, 0xff, 0xff,
  0xff, 0x19, 0x65, 0xff, 0xff, 0xff, 0xff, 0xff, 0x14, 0x00, 0x00, 0x00, 0x00, 0x00, 0x00, 0x00,
  0x00, 0x00, 0x00, 0x25, 0xff, 0xff, 0xff, 0xff, 0xff, 0x51, 0x9c, 0xff, 0xff, 0xff, 0xff, 0xd9,
  0x00, 0x00, 0x00, 0x00, 0x00, 0x00, 0x00, 0x00, 0x00, 0x00, 0x00, 0x00, 0xea, 0xff, 0xff, 0xff,
  0xff, 0xdf, 0xf1, 0xff, 0xff, 0xff, 0xff, 0x9f, 0x00, 0x00, 0x00, 0x00, 0x00, 0x00, 0x00, 0x00,
  0x00, 0x00, 0x00, 0x00, 0xb1, 0xff, 0xff, 0xff, 0xff, 0xff, 0xff, 0xff, 0xff, 0xff, 0xff, 0x66,
  0x00, 0x00, 0x00, 0x00, 0x00, 0x00, 0x00, 0x00, 0x00, 0x00, 0x00, 0x00, 0x78, 0xff, 0xff, 0xff,
  0xff, 0xff, 0xff, 0xff, 0xff, 0xff, 0xff, 0x2c, 0x00, 0x00, 0x00, 0x00, 0x00, 0x00, 0x42, 0x66,
  0x66, 0x66, 0x66, 0x27, 0x00, 0x00, 0x3e, 0x66, 0x66, 0x66, 0x66, 0x66, 0x66, 0x66, 0x66, 0x20,
  0x00, 0x00, 0x45, 0x66, 0x66, 0x66, 0x66, 0x24, 0xa1, 0xff, 0xff, 0xff, 0xff, 0x67, 0x00, 0x00,
  0xa8, 0xff, 0xff, 0xff, 0xff, 0xff, 0xff, 0xff, 0xff, 0x5c, 0x00, 0x00, 0xb3, 0xff, 0xff, 0xff,
  0xff, 0x55, 0x98, 0xff, 0xff, 0xff, 0xff, 0x6f, 0x00, 0x00, 0xb7, 0xff, 0xff, 0xff, 0xff, 0xff,
  0xff, 0xff, 0xff, 0x6b, 0x00, 0x00, 0xba, 0xff, 0xff, 0xff, 0xff, 0x4c, 0x8f, 0xff, 0xff, 0xff,
  0xff, 0x76, 0x00, 0x00, 0xc6, 0xff, 0xff, 0xff, 0xc1, 0xdd, 0xff, 0xff, 0xff, 0x7a, 0x00, 0x00,
  0xc2, 0xff, 0xff, 0xff, 0xff, 0x44, 0x87, 0xff, 0xff, 0xff, 0xff, 0x7e, 0x00, 0x00, 0xd6, 0xff,
  0xff, 0xff, 0x59, 0xa4, 0xff, 0xff, 0xff, 0x8a, 0x00, 0x00, 0xca, 0xff, 0xff, 0xff, 0xff, 0x3b,
  0x7e, 0xff, 0xff, 0xff, 0xff, 0x86, 0x00, 0x00, 0xe5, 0xff, 0xff, 0xff, 0x59, 0xa4, 0xff, 0xff,
  0xff, 0x99, 0x00, 0x00, 0xd1, 0xff, 0xff, 0xff, 0xff, 0x32, 0x75, 0xff, 0xff, 0xff, 0xff, 0x8d,
  0x00, 0x00, 0xf4, 0xff, 0xff, 0xff, 0x59, 0xa4, 0xff, 0xff, 0xff, 0xa9, 0x00, 0x00, 0xd9, 0xff,
  0xff, 0xff, 0xff, 0x29, 0x6c, 0xff, 0xff, 0xff, 0xff, 0x95, 0x00, 0x04, 0xff, 0xff, 0xff, 0xff,
  0x57, 0xa3, 0xff, 0xff, 0xff, 0xb8, 0x00, 0x00, 0xe1, 0xff, 0xff, 0xff, 0xff, 0x21, 0x64, 0xff,
  0xff, 0xff, 0xff, 0x9d, 0x00, 0x13, 0xff, 0xff, 0xff, 0xff, 0x4b, 0x97, 0xff, 0xff, 0xff, 0xc7,
  0x00, 0x00, 0xe9, 0xff, 0xff, 0xff, 0xff, 0x18, 0x5b, 0xff, 0xff, 0xff, 0xff, 0xa4, 0x00, 0x23,
  0xff, 0xff, 0xff, 0xff, 0x3c, 0x88, 0xff, 0xff, 0xff, 0xd7, 0x00, 0x00, 0xf0, 0xff, 0xff, 0xff,
  0xff, 0x0f, 0x52, 0xff, 0xff, 0xff, 0xff, 0xac, 0x00, 0x32, 0xff, 0xff, 0xff, 0xff, 0x2c, 0x78,
  0xff, 0xff, 0xff, 0xe6, 0x00, 0x00, 0xf8, 0xff, 0xff, 0xff, 0xff, 0x06, 0x49, 0xff, 0xff, 0xff,
  0xff, 0xb4, 0x00, 0x41, 0xff, 0xff, 0xff, 0xff, 0x1d, 0x69, 0xff, 0xff, 0xff, 0xf5, 0x00, 0x00,
  0xff, 0xff, 0xff, 0xff, 0xfd, 0x00, 0x41, 0xff, 0xff, 0xff, 0xff, 0xbb, 0x00, 0x51, 0xff, 0xff,
  0xff, 0xff, 0x0e, 0x59, 0xff, 0xff, 0xff, 0xff, 0x05, 0x07, 0xff, 0xff, 0xff, 0xff, 0xf5, 0x00,
  0x38, 0xff, 0xff, 0xff, 0xff, 0xc3, 0x00, 0x60, 0xff, 0xff, 0xff, 0xfd, 0x01, 0x4a, 0xff, 0xff,
  0xff, 0xff, 0x14, 0x0f, 0xff, 0xff, 0xff, 0xff, 0xec, 0x00, 0x2f, 0xff, 0xff, 0xff, 0xff, 0xcb,
  0x00, 0x6f, 0xff, 0xff, 0xff, 0xef, 0x00, 0x3b, 0xff, 0xff, 0xff, 0xff, 0x24, 0x17, 0xff, 0xff,
  0xff, 0xff, 0xe3, 0x00, 0x26, 0xff, 0xff, 0xff, 0xff, 0xd3, 0x00, 0x7f, 0xff, 0xff, 0xff, 0xdf,
  0x00, 0x2b, 0xff, 0xff, 0xff, 0xff, 0x33, 0x1e, 0xff, 0xff, 0xff, 0xff, 0xdb, 0x00, 0x1e, 0xff,
  0xff, 0xff, 0xff, 0xda, 0x00, 0x8e, 0xff, 0xff, 0xff, 0xd0, 0x00, 0x1c, 0xff, 0xff, 0xff, 0xff,
  0x42, 0x26, 0xff, 0xff, 0xff, 0xff, 0xd2, 0x00, 0x15, 0xff, 0xff, 0xff, 0xff, 0xe2, 0x00, 0x9e,
  0xff, 0xff, 0xff, 0xc1, 0x00, 0x0d, 0xff, 0xff, 0xff, 0xff, 0x52, 0x2e, 0xff, 0xff, 0xff, 0xff,
  0xc9, 0x00, 0x0c, 0xff, 0xff, 0xff, 0xff, 0xea, 0x00, 0xad, 0xff, 0xff, 0xff, 0xb1, 0x00, 0x00,
  0xfc, 0xff, 0xff, 0xff, 0x61, 0x35, 0xff, 0xff, 0xff, 0xff, 0xc0, 0x00, 0x03, 0xff, 0xff, 0xff,
  0xff, 0xf1, 0x00, 0xbc, 0xff, 0xff, 0xff, 0xa2, 0x00, 0x00, 0xee, 0xff, 0xff, 0xff, 0x70, 0x3d,
  0xff, 0xff, 0xff, 0xff, 0xb8, 0x00, 0x00, 0xfb, 0xff, 0xff, 0xff, 0xf9, 0x00, 0xcc, 0xff, 0xff,
  0xff, 0x93, 0x00, 0x00, 0xde, 0xff, 0xff, 0xff, 0x80, 0x45, 0xff, 0xff, 0xff, 0xff, 0xaf, 0x00,
  0x00, 0xf2, 0xff, 0xff, 0xff, 0xff, 0x01, 0xdb, 0xff, 0xff, 0xff, 0x83, 0x00, 0x00, 0xcf, 0xff,
  0xff, 0xff, 0x8f, 0x4c, 0xff, 0xff, 0xff, 0xff, 0xa6, 0x00, 0x00, 0xe9, 0xff, 0xff, 0xff, 0xff,
  0x08, 0xea, 0xff, 0xff, 0xff, 0x74, 0x00, 0x00, 0xc0, 0xff, 0xff, 0xff, 0x9f, 0x54, 0xff, 0xff,
  0xff, 0xff, 0x9d, 0x00, 0x00, 0xe0, 0xff, 0xff, 0xff, 0xff, 0x0c, 0xf1, 0xff, 0xff, 0xff, 0x64,
  0x00, 0x00, 0xb0, 0xff, 0xff, 0xff, 0xa5, 0x58, 0xff, 0xff, 0xff, 0xff, 0x95, 0x00, 0x00, 0xd8,
  0xff, 0xff, 0xff, 0xff, 0x0c, 0xf1, 0xff, 0xff, 0xff, 0x55, 0x00, 0x00, 0xa1, 0xff, 0xff, 0xff,
  0xa5, 0x58, 0xff, 0xff, 0xff, 0xff, 0x8c, 0x00, 0x00, 0xcf, 0xff, 0xff, 0xff, 0xff, 0x0c, 0xf1,
  0xff, 0xff, 0xff, 0x46, 0x00, 0x00, 0x92, 0xff, 0xff, 0xff, 0xa5, 0x58, 0xff, 0xff, 0xff, 0xff,
  0x83, 0x00, 0x00, 0xc6, 0xff, 0xff, 0xff, 0xff, 0x4f, 0xf5, 0xff, 0xff, 0xff, 0x36, 0x00, 0x00,
  0x82, 0xff, 0xff, 0xff, 0xbe, 0x86, 0xff, 0xff, 0xff, 0xff, 0x7a, 0x00, 0x00, 0xbd, 0xff, 0xff,
  0xff, 0xff, 0xff, 0xff, 0xff, 0xff, 0xff, 0x27, 0x00, 0x00, 0x73, 0xff, 0xff, 0xff, 0xff, 0xff,
  0xff, 0xff, 0xff, 0xff, 0x72, 0x00, 0x00, 0xb5, 0xff, 0xff, 0xff, 0xff, 0xff, 0xff, 0xff, 0xff,
  0xff, 0x18, 0x00, 0x00, 0x63, 0xff, 0xff, 0xff, 0xff, 0xff, 0xff, 0xff, 0xff, 0xff, 0x69, 0x00,
  0x00, 0xac, 0xff, 0xff, 0xff, 0xff, 0xff, 0xff, 0xff, 0xff, 0xff, 0x08, 0x00, 0x00, 0x54, 0xff,
  0xff, 0xff, 0xff, 0xff, 0xff, 0xff, 0xff, 0xff, 0x60, 0x00, 0x35, 0x66, 0x66, 0x66, 0x66, 0x66,
  0x30, 0x00, 0x00, 0x00, 0x00, 0x00, 0x00, 0x00, 0x00, 0x00, 0x00, 0x4f, 0x66, 0x66, 0x66, 0x66,
  0x66, 0x17, 0x3a, 0xff, 0xff, 0xff, 0xff, 0xff, 0xc4, 0x00, 0x00, 0x00, 0x00, 0x00, 0x00, 0x00,
  0x00, 0x00, 0x16, 0xf9, 0xff, 0xff, 0xff, 0xff, 0xe8, 0x06, 0x00, 0xce, 0xff, 0xff, 0xff, 0xff,
  0xff, 0x2d, 0x00, 0x00, 0x00, 0x00, 0x00, 0x00, 0x00, 0x00, 0x79, 0xff, 0xff, 0xff, 0xff, 0xff,
  0x82, 0x00, 0x00, 0x62, 0xff, 0xff, 0xff, 0xff, 0xff, 0x97, 0x00, 0x00, 0x00, 0x00, 0x00, 0x00,
  0x00, 0x02, 0xe0, 0xff, 0xff, 0xff, 0xff, 0xfb, 0x1b, 0x00, 0x00, 0x09, 0xed, 0xff, 0xff, 0xff,
  0xff, 0xf3, 0x0d, 0x00, 0x00, 0x00, 0x00, 0x00, 0x00, 0x4c, 0xff, 0xff, 0xff, 0xff, 0xff, 0xaa,
  0x00, 0x00, 0x00, 0x00, 0x89, 0xff, 0xff, 0xff, 0xff, 0xff, 0x6a, 0x00, 0x00, 0x00, 0x00, 0x00,
  0x00, 0xb6, 0xff, 0xff, 0xff, 0xff, 0xff, 0x3d, 0x00, 0x00, 0x00, 0x00, 0x20, 0xfd, 0xff, 0xff,
  0xff, 0xff, 0xd3, 0x00, 0x00, 0x00, 0x00, 0x00, 0x21, 0xfd, 0xff, 0xff, 0xff, 0xff, 0xd1, 0x00,
  0x00, 0x00, 0x00, 0x00, 0x00, 0xb0, 0xff, 0xff, 0xff, 0xff, 0xff, 0x3d, 0x00, 0x00, 0x00, 0x00,
  0x89, 0xff, 0xff, 0xff, 0xff, 0xff, 0x64, 0x00, 0x00, 0x00, 0x00, 0x00, 0x00, 0x44, 0xff, 0xff,
  0xff, 0xff, 0xff, 0xa6, 0x00, 0x00, 0x00, 0x07, 0xeb, 0xff, 0xff, 0xff, 0xff, 0xee, 0x0a, 0x00,
  0x00, 0x00, 0x00, 0x00, 0x00, 0x00, 0xd7, 0xff, 0xff, 0xff, 0xff, 0xf9, 0x16, 0x00, 0x00, 0x5c,
  0xff, 0xff, 0xff, 0xff, 0xff, 0x8c, 0x00, 0x00, 0x00, 0x00, 0x00, 0x00, 0x00, 0x00, 0x6b, 0xff,
  0xff, 0xff, 0xff, 0xff, 0x7a, 0x00, 0x00, 0xc5, 0xff, 0xff, 0xff, 0xff, 0xfd, 0x22, 0x00, 0x00,
  0x00, 0x00, 0x00, 0x00, 0x00, 0x00, 0x0d, 0xf2, 0xff, 0xff, 0xff, 0xff, 0xe0, 0x02, 0x2f, 0xff,
  0xff, 0xff, 0xff, 0xff, 0xb3, 0x00, 0x00, 0x00, 0x00, 0x00, 0x00, 0x00, 0x00, 0x00, 0x00, 0x92,
  0xff, 0xff, 0xff, 0xff, 0xff, 0x86, 0xb4, 0xff, 0xff, 0xff, 0xff, 0xff, 0x47, 0x00, 0x00, 0x00,
  0x00, 0x00, 0x00, 0x00, 0x00, 0x00, 0x00, 0x27, 0xfe, 0xff, 0xff, 0xff, 0xff, 0xff, 0xff, 0xff,
  0xff, 0xff, 0xff, 0xd9, 0x01, 0x00, 0x00, 0x00, 0x00, 0x00, 0x00, 0x00, 0x00, 0x00, 0x00, 0x00,
  0xba, 0xff, 0xff, 0xff, 0xff, 0xff, 0xff, 0xff, 0xff, 0xff, 0xff, 0x6f, 0x00, 0x00, 0x00, 0x00,
  0x00, 0x00, 0x00, 0x00, 0x00, 0x00, 0x00, 0x00, 0x98, 0xff, 0xff, 0xff, 0xff, 0xff, 0xff, 0xff,
  0xff, 0xff, 0xff, 0x4c, 0x00, 0x00, 0x00, 0x00, 0x00, 0x00, 0x00, 0x00, 0x00, 0x00, 0x00, 0x06,
  0xe8, 0xff, 0xff, 0xff, 0xff, 0xff, 0xff, 0xff, 0xff, 0xff, 0xff, 0xa2, 0x00, 0x00, 0x00, 0x00,
  0x00, 0x00, 0x00, 0x00, 0x00, 0x00, 0x00, 0x5a, 0xff, 0xff, 0xff, 0xff, 0xff, 0xef, 0xf6, 0xff,
  0xff, 0xff, 0xff, 0xf8, 0x15, 0x00, 0x00, 0x00, 0x00, 0x00, 0x00, 0x00, 0x00, 0x00, 0x00, 0xc6,
  0xff, 0xff, 0xff, 0xff, 0xfc, 0x1d, 0x66, 0xff, 0xff, 0xff, 0xff, 0xff, 0x7a, 0x00, 0x00, 0x00,
  0x00, 0x00, 0x00, 0x00, 0x00, 0x00, 0x31, 0xff, 0xff, 0xff, 0xff, 0xff, 0xb1, 0x00, 0x0b, 0xf1,
  0xff, 0xff, 0xff, 0xff, 0xe2, 0x03, 0x00, 0x00, 0x00, 0x00, 0x00, 0x00, 0x00, 0x00, 0x9d, 0xff,
  0xff, 0xff, 0xff, 0xff, 0x48, 0x00, 0x00, 0x94, 0xff, 0xff, 0xff, 0xff, 0xff, 0x51, 0x00, 0x00,
  0x00, 0x00, 0x00, 0x00, 0x00, 0x12, 0xf6, 0xff, 0xff, 0xff, 0xff, 0xdd, 0x01, 0x00, 0x00, 0x2c,
  0xff, 0xff, 0xff, 0xff, 0xff, 0xbd, 0x00, 0x00, 0x00, 0x00, 0x00, 0x00, 0x00, 0x75, 0xff, 0xff,
  0xff, 0xff, 0xff, 0x76, 0x00, 0x00, 0x00, 0x00, 0xc2, 0xff, 0xff, 0xff, 0xff, 0xff, 0x29, 0x00,
  0x00, 0x00, 0x00, 0x00, 0x02, 0xde, 0xff, 0xff, 0xff, 0xff, 0xf8, 0x15, 0x00, 0x00, 0x00, 0x00,
  0x59, 0xff, 0xff, 0xff, 0xff, 0xff, 0x95, 0x00, 0x00, 0x00, 0x00, 0x00, 0x4c, 0xff, 0xff, 0xff,
  0xff, 0xff, 0xa5, 0x00, 0x00, 0x00, 0x00, 0x00, 0x06, 0xea, 0xff, 0xff, 0xff, 0xff, 0xf2, 0x0d,
  0x00, 0x00, 0x00, 0x00, 0xb8, 0xff, 0xff, 0xff, 0xff, 0xff, 0x3c, 0x00, 0x00, 0x00, 0x00, 0x00,
  0x00, 0x88, 0xff, 0xff, 0xff, 0xff, 0xff, 0x6c, 0x00, 0x00, 0x00, 0x25, 0xfe, 0xff, 0xff, 0xff,
  0xff, 0xd3, 0x00, 0x00, 0x00, 0x00, 0x00, 0x00, 0x00, 0x21, 0xfd, 0xff, 0xff, 0xff, 0xff, 0xd7,
  0x00, 0x00, 0x00, 0x8f, 0xff, 0xff, 0xff, 0xff, 0xff, 0x6a, 0x00, 0x00, 0x00, 0x00, 0x00, 0x00,
  0x00, 0x00, 0xb6, 0xff, 0xff, 0xff, 0xff, 0xff, 0x44, 0x00, 0x0b, 0xf0, 0xff, 0xff, 0xff, 0xff,
  0xf3, 0x0d, 0x00, 0x00, 0x00, 0x00, 0x00, 0x00, 0x00, 0x00, 0x4d, 0xff, 0xff, 0xff, 0xff, 0xff,
  0xaf, 0x00, 0x67, 0xff, 0xff, 0xff, 0xff, 0xff, 0x98, 0x00, 0x00, 0x00, 0x00, 0x00, 0x00, 0x00,
  0x00, 0x00, 0x02, 0xe1, 0xff, 0xff, 0xff, 0xff, 0xfc, 0x1e, 0x36, 0x66, 0x66, 0x66, 0x66, 0x66,
  0x34, 0x00, 0x00, 0x00, 0x00, 0x00, 0x00, 0x00, 0x00, 0x00, 0x00, 0x00, 0x00, 0x53, 0x66, 0x66,
  0x66, 0x66, 0x66, 0x18, 0x38, 0xff, 0xff, 0xff, 0xff, 0xff, 0xd0, 0x00, 0x00, 0x00, 0x00, 0x00,
  0x00, 0x00, 0x00, 0x00, 0x00, 0x00, 0x1f, 0xfc, 0xff, 0xff, 0xff, 0xff, 0xe6, 0x06, 0x00, 0xc7,
  0xff, 0xff, 0xff, 0xff, 0xff, 0x3f, 0x00, 0x00, 0x00, 0x00, 0x00, 0x00, 0x00, 0x00, 0x00, 0x00,
  0x8b, 0xff, 0xff, 0xff, 0xff, 0xff, 0x7b, 0x00, 0x00, 0x56, 0xff, 0xff, 0xff, 0xff, 0xff, 0xad,
  0x00, 0x00, 0x00, 0x00, 0x00, 0x00, 0x00, 0x00, 0x00, 0x0a, 0xee, 0xff, 0xff, 0xff, 0xff, 0xf6,
  0x13, 0x00, 0x00, 0x03, 0xe1, 0xff, 0xff, 0xff, 0xff, 0xfc, 0x1f, 0x00, 0x00, 0x00, 0x00, 0x00,
  0x00, 0x00, 0x00, 0x67, 0xff, 0xff, 0xff, 0xff, 0xff, 0x99, 0x00, 0x00, 0x00, 0x00, 0x73, 0xff,
  0xff, 0xff, 0xff, 0xff, 0x8a, 0x00, 0x00, 0x00, 0x00, 0x00, 0x00, 0x00, 0x00, 0xd5, 0xff, 0xff,
  0xff, 0xff, 0xfe, 0x29, 0x00, 0x00, 0x00, 0x00, 0x0f, 0xf3, 0xff, 0xff, 0xff, 0xff, 0xee, 0x0a,
  0x00, 0x00, 0x00, 0x00, 0x00, 0x00, 0x44, 0xff, 0xff, 0xff, 0xff, 0xff, 0xb6, 0x00, 0x00, 0x00,
  0x00, 0x00, 0x00, 0x90, 0xff, 0xff, 0xff, 0xff, 0xff, 0x67, 0x00, 0x00, 0x00, 0x00, 0x00, 0x00,
  0xb2, 0xff, 0xff, 0xff, 0xff, 0xff, 0x45, 0x00, 0x00, 0x00, 0x00, 0x00, 0x00, 0x22, 0xfd, 0xff,
  0xff, 0xff, 0xff, 0xd4, 0x00, 0x00, 0x00, 0x00, 0x00, 0x23, 0xfd, 0xff, 0xff, 0xff, 0xff, 0xd3,
  0x00, 0x00, 0x00, 0x00, 0x00, 0x00, 0x00, 0x00, 0xae, 0xff, 0xff, 0xff, 0xff, 0xff, 0x43, 0x00,
  0x00, 0x00, 0x00, 0x8f, 0xff, 0xff, 0xff, 0xff, 0xff, 0x62, 0x00, 0x00, 0x00, 0x00, 0x00, 0x00,
  0x00, 0x00, 0x3c, 0xff, 0xff, 0xff, 0xff, 0xff, 0xb1, 0x00, 0x00, 0x00, 0x0c, 0xf1, 0xff, 0xff,
  0xff, 0xff, 0xe9, 0x07, 0x00, 0x00, 0x00, 0x00, 0x00, 0x00, 0x00, 0x00, 0x00, 0xcb, 0xff, 0xff,
  0xff, 0xff, 0xfd, 0x22, 0x00, 0x00, 0x6c, 0xff, 0xff, 0xff, 0xff, 0xff, 0x7f, 0x00, 0x00, 0x00,
  0x00, 0x00, 0x00, 0x00, 0x00, 0x00, 0x00, 0x5a, 0xff, 0xff, 0xff, 0xff, 0xff, 0x8e, 0x00, 0x01,
  0xd8, 0xff, 0xff, 0xff, 0xff, 0xf8, 0x16, 0x00, 0x00, 0x00, 0x00, 0x00, 0x00, 0x00, 0x00, 0x00,
  0x00, 0x05, 0xe4, 0xff, 0xff, 0xff, 0xff, 0xf0, 0x0c, 0x48, 0xff, 0xff, 0xff, 0xff, 0xff, 0x9d,
  0x00, 0x00, 0x00, 0x00, 0x00, 0x00, 0x00, 0x00, 0x00, 0x00, 0x00, 0x00, 0x77, 0xff, 0xff, 0xff,
  0xff, 0xff, 0x95, 0xc5, 0xff, 0xff, 0xff, 0xff, 0xff, 0x2c, 0x00, 0x00, 0x00, 0x00, 0x00, 0x00,
  0x00, 0x00, 0x00, 0x00, 0x00, 0x00, 0x11, 0xf4, 0xff, 0xff, 0xff, 0xff, 0xff, 0xff, 0xff, 0xff,
  0xff, 0xff, 0xba, 0x00, 0x00, 0x00, 0x00, 0x00, 0x00, 0x00, 0x00, 0x00, 0x00, 0x00, 0x00, 0x00,
  0x00, 0x95, 0xff, 0xff, 0xff, 0xff, 0xff, 0xff, 0xff, 0xff, 0xff, 0xff, 0x49, 0x00, 0x00, 0x00,
  0x00, 0x00, 0x00, 0x00, 0x00, 0x00, 0x00, 0x00, 0x00, 0x00, 0x00, 0x25, 0xfe, 0xff, 0xff, 0xff,
  0xff, 0xff, 0xff, 0xff, 0xff, 0xd6, 0x01, 0x00, 0x00, 0x00, 0x00, 0x00, 0x00, 0x00, 0x00, 0x00,
  0x00, 0x00, 0x00, 0x00, 0x00, 0x00, 0xb2, 0xff, 0xff, 0xff, 0xff, 0xff, 0xff, 0xff, 0xff, 0x66,
  0x00, 0x00, 0x00, 0x00, 0x00, 0x00, 0x00, 0x00, 0x00, 0x00, 0x00, 0x00, 0x00, 0x00, 0x00, 0x00,
  0x38, 0xab, 0xf9, 0xff, 0xff, 0xff, 0xff, 0xe0, 0xa7, 0x09, 0x00, 0x00, 0x00, 0x00, 0x00, 0x00,
  0x00, 0x00, 0x00, 0x00, 0x00, 0x00, 0x00, 0x00, 0x00, 0x00, 0x00, 0x00, 0xeb, 0xff, 0xff, 0xff,
  0xff, 0x9f, 0x00, 0x00, 0x00, 0x00, 0x00, 0x00, 0x00, 0x00, 0x00, 0x00, 0x00, 0x00, 0x00, 0x00,
  0x00, 0x00, 0x00, 0x00, 0x00, 0x00, 0xeb, 0xff, 0xff, 0xff, 0xff, 0x9f, 0x00, 0x00, 0x00, 0x00,
  0x00, 0x00, 0x00, 0x00, 0x00, 0x00, 0x00, 0x00, 0x00, 0x00, 0x00, 0x00, 0x00, 0x00, 0x00, 0x00,
  0xeb, 0xff, 0xff, 0xff, 0xff, 0x9f, 0x00, 0x00, 0x00, 0x00, 0x00, 0x00, 0x00, 0x00, 0x00, 0x00,
  0x00, 0x00, 0x00, 0x00, 0x00, 0x00, 0x00, 0x00, 0x00, 0x00, 0xeb, 0xff, 0xff, 0xff, 0xff, 0x9f,
  0x00, 0x00, 0x00, 0x00, 0x00, 0x00, 0x00, 0x00, 0x00, 0x00, 0x00, 0x00, 0x00, 0x00, 0x00, 0x00,
  0x00, 0x00, 0x00, 0x00, 0xeb, 0xff, 0xff, 0xff, 0xff, 0x9f, 0x00, 0x00, 0x00, 0x00, 0x00, 0x00,
  0x00, 0x00, 0x00, 0x00, 0x00, 0x00, 0x00, 0x00, 0x00, 0x00, 0x00, 0x00, 0x00, 0x00, 0xeb, 0xff,
  0xff, 0xff, 0xff, 0x9f, 0x00, 0x00, 0x00, 0x00, 0x00, 0x00, 0x00, 0x00, 0x00, 0x00, 0x00, 0x00,
  0x00, 0x00, 0x00, 0x00, 0x00, 0x00, 0x00, 0x00, 0xeb, 0xff, 0xff, 0xff, 0xff, 0x9f, 0x00, 0x00,
  0x00, 0x00, 0x00, 0x00, 0x00, 0x00, 0x00, 0x00, 0x00, 0x00, 0x00, 0x00, 0x00, 0x00, 0x00, 0x00,
  0x00, 0x00, 0xeb, 0xff, 0xff, 0xff, 0xff, 0x9f, 0x00, 0x00, 0x00, 0x00, 0x00, 0x00, 0x00, 0x00,
  0x00, 0x00, 0x00, 0x00, 0x00, 0x00, 0x00, 0x00, 0x00, 0x00, 0x00, 0x00, 0xeb, 0xff, 0xff, 0xff,
  0xff, 0x9f, 0x00, 0x00, 0x00, 0x00, 0x00, 0x00, 0x00, 0x00, 0x00, 0x00, 0x00, 0x00, 0x00, 0x00,
  0x00, 0x00, 0x00, 0x00, 0x00, 0x00, 0xeb, 0xff, 0xff, 0xff, 0xff, 0x9f, 0x00, 0x00, 0x00, 0x00,
  0x00, 0x00, 0x00, 0x00, 0x00, 0x00, 0x00, 0x4f, 0x66, 0x66, 0x66, 0x66, 0x66, 0x66, 0x66, 0x66,
  0x66, 0x66, 0x66, 0x66, 0x66, 0x66, 0x66, 0x66, 0x66, 0x66, 0x66, 0x66, 0x0e, 0x00, 0xc6, 0xff,
  0xff, 0xff, 0xff, 0xff, 0xff, 0xff, 0xff, 0xff, 0xff, 0xff, 0xff, 0xff, 0xff, 0xff, 0xff, 0xff,
  0xff, 0xff, 0xff, 0x24, 0x00, 0xc6, 0xff, 0xff, 0xff, 0xff, 0xff, 0xff, 0xff, 0xff, 0xff, 0xff,
  0xff, 0xff, 0xff, 0xff, 0xff, 0xff, 0xff, 0xff, 0xff, 0xff, 0x24, 0x00, 0xc6, 0xff, 0xff, 0xff,
  0xff, 0xff, 0xff, 0xff, 0xff, 0xff, 0xff, 0xff, 0xff, 0xff, 0xff, 0xff, 0xff, 0xff, 0xff, 0xff,
  0xff, 0x24, 0x00, 0xc6, 0xff, 0xff, 0xff, 0xff, 0xff, 0xff, 0xff, 0xff, 0xff, 0xff, 0xff, 0xff,
  0xff, 0xff, 0xff, 0xff, 0xff, 0xff, 0xff, 0xff, 0x24, 0x00, 0xb0, 0xe4, 0xe4, 0xe4, 0xe4, 0xe4,
  0xe4, 0xe4, 0xe4, 0xe4, 0xe4, 0xe4, 0xe4, 0xe4, 0xe4, 0xe4, 0xef, 0xff, 0xff, 0xff, 0xff, 0x24,
  0x00, 0x00, 0x00, 0x00, 0x00, 0x00, 0x00, 0x00, 0x00, 0x00, 0x00, 0x00, 0x00, 0x00, 0x00, 0x00,
  0x00, 0x77, 0xff, 0xff, 0xff, 0xff, 0x24, 0x00, 0x00, 0x00, 0x00, 0x00, 0x00, 0x00, 0x00, 0x00,
  0x00, 0x00, 0x00, 0x00, 0x00, 0x00, 0x00, 0x66, 0xfb, 0xff, 0xff, 0xff, 0xff, 0x24, 0x00, 0x00,
  0x00, 0x00, 0x00, 0x00, 0x00, 0x00, 0x00, 0x00, 0x00, 0x00, 0x00, 0x00, 0x01, 0x8a, 0xff, 0xff,
  0xff, 0xff, 0xff, 0xff, 0x24, 0x00, 0x00, 0x00, 0x00, 0x00, 0x00, 0x00, 0x00, 0x00, 0x00, 0x00,
  0x00, 0x00, 0x09, 0xad, 0xff, 0xff, 0xff, 0xff, 0xff, 0xff, 0xf9, 0x1a, 0x00, 0x00, 0x00, 0x00,
  0x00, 0x00, 0x00, 0x00, 0x00, 0x00, 0x00, 0x00, 0x17, 0xc9, 0xff, 0xff, 0xff, 0xff, 0xff, 0xff,
  0xee, 0x3f, 0x00, 0x00, 0x00, 0x00, 0x00, 0x00, 0x00, 0x00, 0x00, 0x00, 0x00, 0x00, 0x2b, 0xe0,
  0xff, 0xff, 0xff, 0xff, 0xff, 0xff, 0xdc, 0x27, 0x00, 0x00, 0x00, 0x00, 0x00, 0x00, 0x00, 0x00,
  0x00, 0x00, 0x00, 0x00, 0x44, 0xf0, 0xff, 0xff, 0xff, 0xff, 0xff, 0xff, 0xc4, 0x14, 0x00, 0x00,
  0x00, 0x00, 0x00, 0x00, 0x00, 0x00, 0x00, 0x00, 0x00, 0x00, 0x64, 0xfb, 0xff, 0xff, 0xff, 0xff,
  0xff, 0xff, 0xa7, 0x07, 0x00, 0x00, 0x00, 0x00, 0x00, 0x00, 0x00, 0x00, 0x00, 0x00, 0x00, 0x01,
  0x88, 0xff, 0xff, 0xff, 0xff, 0xff, 0xff, 0xff, 0x84, 0x01, 0x00, 0x00, 0x00, 0x00, 0x00, 0x00,
  0x00, 0x00, 0x00, 0x00, 0x00, 0x08, 0xab, 0xff, 0xff, 0xff, 0xff, 0xff, 0xff, 0xfa, 0x60, 0x00,
  0x00, 0x00, 0x00, 0x00, 0x00, 0x00, 0x00, 0x00, 0x00, 0x00, 0x00, 0x16, 0xc7, 0xff, 0xff, 0xff,
  0xff, 0xff, 0xff, 0xef, 0x41, 0x00, 0x00, 0x00, 0x00, 0x00, 0x00, 0x00, 0x00, 0x00, 0x00, 0x00,
  0x00, 0x29, 0xde, 0xff, 0xff, 0xff, 0xff, 0xff, 0xff, 0xdd, 0x28, 0x00, 0x00, 0x00, 0x00, 0x00,
  0x00, 0x00, 0x00, 0x00, 0x00, 0x00, 0x00, 0x42, 0xef, 0xff, 0xff, 0xff, 0xff, 0xff, 0xff, 0xc6,
  0x15, 0x00, 0x00, 0x00, 0x00, 0x00, 0x00, 0x00, 0x00, 0x00, 0x00, 0x00, 0x00, 0x62, 0xfa, 0xff,
  0xff, 0xff, 0xff, 0xff, 0xff, 0xa9, 0x08, 0x00, 0x00, 0x00, 0x00, 0x00, 0x00, 0x00, 0x00, 0x00,
  0x00, 0x00, 0x00, 0x85, 0xff, 0xff, 0xff, 0xff, 0xff, 0xff, 0xff, 0x86, 0x01, 0x00, 0x00, 0x00,
  0x00, 0x00, 0x00, 0x00, 0x00, 0x00, 0x00, 0x00, 0x00, 0x06, 0xff, 0xff, 0xff, 0xff, 0xff, 0xff,
  0xfa, 0x62, 0x00, 0x00, 0x00, 0x00, 0x00, 0x00, 0x00, 0x00, 0x00, 0x00, 0x00, 0x00, 0x00, 0x00,
  0x06, 0xff, 0xff, 0xff, 0xff, 0xff, 0xf0, 0x43, 0x00, 0x00, 0x00, 0x00, 0x00, 0x00, 0x00, 0x00,
  0x00, 0x00, 0x00, 0x00, 0x00, 0x00, 0x00, 0x06, 0xff, 0xff, 0xff, 0xff, 0xdf, 0x2a, 0x00, 0x00,
  0x00, 0x00, 0x00, 0x00, 0x00, 0x00, 0x00, 0x00, 0x00, 0x00, 0x00, 0x00, 0x00, 0x00, 0x06, 0xff,
  0xff, 0xff, 0xff, 0xa7, 0x4a, 0x4a, 0x4a, 0x4a, 0x4a, 0x4a, 0x4a, 0x4a, 0x4a, 0x4a, 0x4a, 0x4a,
  0x4a, 0x4a, 0x4a, 0x4a, 0x30, 0x06, 0xff, 0xff, 0xff, 0xff, 0xff, 0xff, 0xff, 0xff, 0xff, 0xff,
  0xff, 0xff, 0xff, 0xff, 0xff, 0xff, 0xff, 0xff, 0xff, 0xff, 0xff, 0xa5, 0x06, 0xff, 0xff, 0xff,
  0xff, 0xff, 0xff, 0xff, 0xff, 0xff, 0xff, 0xff, 0xff, 0xff, 0xff, 0xff, 0xff, 0xff, 0xff, 0xff,
  0xff, 0xff, 0xa5, 0x06, 0xff, 0xff, 0xff, 0xff, 0xff, 0xff, 0xff, 0xff, 0xff, 0xff, 0xff, 0xff,
  0xff, 0xff, 0xff, 0xff, 0xff, 0xff, 0xff, 0xff, 0xff, 0xa5, 0x06, 0xff, 0xff, 0xff, 0xff, 0xff,
  0xff, 0xff, 0xff, 0xff, 0xff, 0xff, 0xff, 0xff, 0xff, 0xff, 0xff, 0xff, 0xff, 0xff, 0xff, 0xff,
  0xa5, 0x06, 0xff, 0xff, 0xff, 0xff, 0xff, 0xff, 0xff, 0xff, 0xff, 0xff, 0xff, 0xff, 0xff, 0xff,
  0xff, 0xff, 0xff, 0xff, 0xff, 0xff, 0xff, 0xa5, 0x00, 0x00, 0x22, 0xa1, 0xe2, 0xf3, 0xf3, 0xf3,
  0xf3, 0xf3, 0xb4, 0x00, 0x27, 0xed, 0xff, 0xff, 0xff, 0xff, 0xff, 0xff, 0xff, 0xbd, 0x00, 0xb6,
  0xff, 0xff, 0xff, 0xff, 0xff, 0xff, 0xff, 0xff, 0xbd, 0x05, 0xfa, 0xff, 0xff, 0xff, 0xff, 0xff,
  0xff, 0xff, 0xff, 0xbd, 0x15, 0xff, 0xff, 0xff, 0xff, 0xff, 0xff, 0xff, 0xff, 0xff, 0xbd, 0x16,
  0xff, 0xff, 0xff, 0xff, 0xff, 0x86, 0x18, 0x16, 0x16, 0x10, 0x16, 0xff, 0xff, 0xff, 0xff, 0xff,
  0x36, 0x00, 0x00, 0x00, 0x00, 0x16, 0xff, 0xff, 0xff, 0xff, 0xff, 0x34, 0x00, 0x00, 0x00, 0x00,
  0x16, 0xff, 0xff, 0xff, 0xff, 0xff, 0x34, 0x00, 0x00, 0x00, 0x00, 0x16, 0xff, 0xff, 0xff, 0xff,
  0xff, 0x34, 0x00, 0x00, 0x00, 0x00, 0x16, 0xff, 0xff, 0xff, 0xff, 0xff, 0x34, 0x00, 0x00, 0x00,
  0x00, 0x16, 0xff, 0xff, 0xff, 0xff, 0xff, 0x34, 0x00, 0x00, 0x00, 0x00, 0x16, 0xff, 0xff, 0xff,
  0xff, 0xff, 0x34, 0x00, 0x00, 0x00, 0x00, 0x16, 0xff, 0xff, 0xff, 0xff, 0xff, 0x34, 0x00, 0x00,
  0x00, 0x00, 0x16, 0xff, 0xff, 0xff, 0xff, 0xff, 0x34, 0x00, 0x00, 0x00, 0x00, 0x16, 0xff, 0xff,
  0xff, 0xff, 0xff, 0x34, 0x00, 0x00, 0x00, 0x00, 0x16, 0xff, 0xff, 0xff, 0xff, 0xff, 0x34, 0x00,
  0x00, 0x00, 0x00, 0x16, 0xff, 0xff, 0xff, 0xff, 0xff, 0x34, 0x00, 0x00, 0x00, 0x00, 0x16, 0xff,
  0xff, 0xff, 0xff, 0xff, 0x34, 0x00, 0x00, 0x00, 0x00, 0x16, 0xff, 0xff, 0xff, 0xff, 0xff, 0x34,
  0x00, 0x00, 0x00, 0x00, 0x16, 0xff, 0xff, 0xff, 0xff, 0xff, 0x34, 0x00, 0x00, 0x00, 0x00, 0x16,
  0xff, 0xff, 0xff, 0xff, 0xff, 0x34, 0x00, 0x00, 0x00, 0x00, 0x16, 0xff, 0xff, 0xff, 0xff, 0xff,
  0x34, 0x00, 0x00, 0x00, 0x00, 0x16, 0xff, 0xff, 0xff, 0xff, 0xff, 0x34, 0x00, 0x00, 0x00, 0x00,
  0x16, 0xff, 0xff, 0xff, 0xff, 0xff, 0x34, 0x00, 0x00, 0x00, 0x00, 0x16, 0xff, 0xff, 0xff, 0xff,
  0xff, 0x34, 0x00, 0x00, 0x00, 0x00, 0x16, 0xff, 0xff, 0xff, 0xff, 0xff, 0x34, 0x00, 0x00, 0x00,
  0x00, 0x16, 0xff, 0xff, 0xff, 0xff, 0xff, 0x34, 0x00, 0x00, 0x00, 0x00, 0x16, 0xff, 0xff, 0xff,
  0xff, 0xff, 0x34, 0x00, 0x00, 0x00, 0x00, 0x16, 0xff, 0xff, 0xff, 0xff, 0xff, 0x34, 0x00, 0x00,
  0x00, 0x00, 0x16, 0xff, 0xff, 0xff, 0xff, 0xff, 0x34, 0x00, 0x00, 0x00, 0x00, 0x16, 0xff, 0xff,
  0xff, 0xff, 0xff, 0x34, 0x00, 0x00, 0x00, 0x00, 0x16, 0xff, 0xff, 0xff, 0xff, 0xff, 0x34, 0x00,
  0x00, 0x00, 0x00, 0x16, 0xff, 0xff, 0xff, 0xff, 0xff, 0x34, 0x00, 0x00, 0x00, 0x00, 0x16, 0xff,
  0xff, 0xff, 0xff, 0xff, 0x34, 0x00, 0x00, 0x00, 0x00, 0x16, 0xff, 0xff, 0xff, 0xff, 0xff, 0x34,
  0x00, 0x00, 0x00, 0x00, 0x16, 0xff, 0xff, 0xff, 0xff, 0xff, 0x3f, 0x00, 0x00, 0x00, 0x00, 0x16,
  0xff, 0xff, 0xff, 0xff, 0xff, 0xce, 0x7f, 0x7c, 0x7c, 0x5c, 0x10, 0xff, 0xff, 0xff, 0xff, 0xff,
  0xff, 0xff, 0xff, 0xff, 0xbd, 0x01, 0xea, 0xff, 0xff, 0xff, 0xff, 0xff, 0xff, 0xff, 0xff, 0xbd,
  0x00, 0x83, 0xff, 0xff, 0xff, 0xff, 0xff, 0xff, 0xff, 0xff, 0xbd, 0x00, 0x05, 0xa9, 0xff, 0xff,
  0xff, 0xff, 0xff, 0xff, 0xff, 0xbd, 0x00, 0x00, 0x00, 0x3b, 0x7c, 0x8c, 0x8d, 0x8d, 0x8d, 0x8d,
  0x68, 0x00, 0x00, 0x00, 0x31, 0x81, 0x0a, 0x00, 0x00, 0x00, 0x00, 0x00, 0x00, 0x00, 0x00, 0x00,
  0x00, 0x00, 0x00, 0x39, 0x8f, 0xe0, 0xff, 0xff, 0x53, 0x00, 0x00, 0x00, 0x00, 0x00, 0x00, 0x00,
  0x00, 0x00, 0x00, 0x00, 0x00, 0x9f, 0xff, 0xff, 0xff, 0xff, 0xa7, 0x00, 0x00, 0x00, 0x00, 0x00,
  0x00, 0x00, 0x00, 0x00, 0x00, 0x00, 0x00, 0x4c, 0xff, 0xff, 0xff, 0xff, 0xf3, 0x08, 0x00, 0x00,
  0x00, 0x00, 0x00, 0x00, 0x00, 0x00, 0x00, 0x00, 0x00, 0x07, 0xf2, 0xff, 0xff, 0xff, 0xff, 0x4f,
  0x00, 0x00, 0x00, 0x00, 0x00, 0x00, 0x00, 0x00, 0x00, 0x00, 0x00, 0x00, 0xa4, 0xff, 0xff, 0xff,
  0xff, 0xa3, 0x00, 0x00, 0x00, 0x00, 0x00, 0x00, 0x00, 0x00, 0x00, 0x00, 0x00, 0x00, 0x51, 0xff,
  0xff, 0xff, 0xff, 0xf0, 0x06, 0x00, 0x00, 0x00, 0x00, 0x00, 0x00, 0x00, 0x00, 0x00, 0x00, 0x00,
  0x09, 0xf4, 0xff, 0xff, 0xff, 0xff, 0x4b, 0x00, 0x00, 0x00, 0x00, 0x00, 0x00, 0x00, 0x00, 0x00,
  0x00, 0x00, 0x00, 0xa9, 0xff, 0xff, 0xff, 0xff, 0x9f, 0x00, 0x00, 0x00, 0x00, 0x00, 0x00, 0x00,
  0x00, 0x00, 0x00, 0x00, 0x00, 0x56, 0xff, 0xff, 0xff, 0xff, 0xee, 0x05, 0x00, 0x00, 0x00, 0x00,
  0x00, 0x00, 0x00, 0x00, 0x00, 0x00, 0x00, 0x0c, 0xf7, 0xff, 0xff, 0xff, 0xff, 0x47, 0x00, 0x00,
  0x00, 0x00, 0x00, 0x00, 0x00, 0x00, 0x00, 0x00, 0x00, 0x00, 0xae, 0xff, 0xff, 0xff, 0xff, 0x9b,
  0x00, 0x00, 0x00, 0x00, 0x00, 0x00, 0x00, 0x00, 0x00, 0x00, 0x00, 0x00, 0x5b, 0xff, 0xff, 0xff,
  0xff, 0xeb, 0x03, 0x00, 0x00, 0x00, 0x00, 0x00, 0x00, 0x00, 0x00, 0x00, 0x00, 0x00, 0x0e, 0xf9,
  0xff, 0xff, 0xff, 0xff, 0x43, 0x00, 0x00, 0x00, 0x00, 0x00, 0x00, 0x00, 0x00, 0x00, 0x00, 0x00,
  0x00, 0xb3, 0xff, 0xff, 0xff, 0xff, 0x97, 0x00, 0x00, 0x00, 0x00, 0x00, 0x00, 0x00, 0x00, 0x00,
  0x00, 0x00, 0x00, 0x5f, 0xff, 0xff, 0xff, 0xff, 0xe8, 0x02, 0x00, 0x00, 0x00, 0x00, 0x00, 0x00,
  0x00, 0x00, 0x00, 0x00, 0x00, 0x11, 0xfb, 0xff, 0xff, 0xff, 0xff, 0x3f, 0x00, 0x00, 0x00, 0x00,
  0x00, 0x00, 0x00, 0x00, 0x00, 0x00, 0x00, 0x00, 0xb8, 0xff, 0xff, 0xff, 0xff, 0x93, 0x00, 0x00,
  0x00, 0x00, 0x00, 0x00, 0x00, 0x00, 0x00, 0x00, 0x00, 0x00, 0x64, 0xff, 0xff, 0xff, 0xff, 0xe5,
  0x01, 0x00, 0x00, 0x00, 0x00, 0x00, 0x00, 0x00, 0x00, 0x00, 0x00, 0x00, 0x15, 0xfc, 0xff, 0xff,
  0xff, 0xff, 0x3b, 0x00, 0x00, 0x00, 0x00, 0x00, 0x00, 0x00, 0x00, 0x00, 0x00, 0x00, 0x00, 0xbd,
  0xff, 0xff, 0xff, 0xff, 0x8f, 0x00, 0x00, 0x00, 0x00, 0x00, 0x00, 0x00, 0x00, 0x00, 0x00, 0x00,
  0x00, 0x69, 0xff, 0xff, 0xff, 0xff, 0xe2, 0x01, 0x00, 0x00, 0x00, 0x00, 0x00, 0x00, 0x00, 0x00,
  0x00, 0x00, 0x00, 0x18, 0xfd, 0xff, 0xff, 0xff, 0xff, 0x37, 0x00, 0x00, 0x00, 0x00, 0x00, 0x00,
  0x00, 0x00, 0x00, 0x00, 0x00, 0x00, 0xc2, 0xff, 0xff, 0xff, 0xff, 0x8b, 0x00, 0x00, 0x00, 0x00,
  0x00, 0x00, 0x00, 0x00, 0x00, 0x00, 0x00, 0x00, 0x6e, 0xff, 0xff, 0xff, 0xff, 0xdf, 0x00, 0x00,
  0x00, 0x00, 0x00, 0x00, 0x00, 0x00, 0x00, 0x00, 0x00, 0x00, 0x1c, 0xfe, 0xff, 0xff, 0xff, 0xff,
  0x33, 0x00, 0x00, 0x00, 0x00, 0x00, 0x00, 0x00, 0x00, 0x00, 0x00, 0x00, 0x00, 0xc7, 0xff, 0xff,
  0xff, 0xff, 0x87, 0x00, 0x00, 0x00, 0x00, 0x00, 0x00, 0x00, 0x00, 0x00, 0x00, 0x00, 0x00, 0x73,
  0xff, 0xff, 0xff, 0xff, 0xdb, 0x00, 0x00, 0x00, 0x00, 0x00, 0x00, 0x00, 0x00, 0x00, 0x00, 0x00,
  0x00, 0x20, 0xff, 0xff, 0xff, 0xff, 0xff, 0x2f, 0x00, 0x00, 0x00, 0x00, 0x00, 0x00, 0x00, 0x00,
  0x00, 0x00, 0x00, 0x00, 0xcc, 0xff, 0xff, 0xff, 0xff, 0x83, 0x00, 0x00, 0x00, 0x00, 0x00, 0x00,
  0x00, 0x00, 0x00, 0x00, 0x00, 0x00, 0x78, 0xff, 0xff, 0xff, 0xff, 0xd7, 0x00, 0x00, 0x00, 0x00,
  0x00, 0x00, 0x00, 0x00, 0x00, 0x00, 0x00, 0x00, 0x25, 0xff, 0xff, 0xff, 0xff, 0xff, 0x2b, 0x00,
  0x00, 0x00, 0x00, 0x00, 0x00, 0x00, 0x00, 0x00, 0x00, 0x00, 0x00, 0xd1, 0xff, 0xff, 0xff, 0xff,
  0x7f, 0x00, 0x00, 0x00, 0x00, 0x00, 0x00, 0x00, 0x00, 0x00, 0x00, 0x00, 0x00, 0x7d, 0xff, 0xff,
  0xff, 0xff, 0xd3, 0x00, 0x00, 0x00, 0x00, 0x00, 0x00, 0x00, 0x00, 0x00, 0x00, 0x00, 0x00, 0x29,
  0xff, 0xff, 0xff, 0xff, 0xff, 0x27, 0x00, 0x00, 0x00, 0x00, 0x00, 0x00, 0x00, 0x00, 0x00, 0x00,
  0x00, 0x00, 0xd6, 0xff, 0xff, 0xff, 0xff, 0x7b, 0x00, 0x00, 0x00, 0x00, 0x00, 0x00, 0x00, 0x00,
  0x00, 0x00, 0x00, 0x00, 0x82, 0xff, 0xff, 0xff, 0xff, 0xcf, 0x00, 0x00, 0x00, 0x00, 0x00, 0x00,
  0x00, 0x00, 0x00, 0x00, 0x00, 0x00, 0x2e, 0xff, 0xff, 0xff, 0xff, 0xff, 0x23, 0x00, 0x00, 0x00,
  0x00, 0x00, 0x00, 0x00, 0x00, 0x00, 0x00, 0x00, 0x00, 0xdb, 0xff, 0xff, 0xff, 0xfc, 0x5c, 0x00,
  0x00, 0x00, 0x00, 0x00, 0x00, 0x00, 0x00, 0x00, 0x00, 0x00, 0x00, 0x87, 0xf6, 0xb1, 0x60, 0x14,
  0x00, 0x00, 0x00, 0x00, 0x00, 0x00, 0x00, 0x00, 0x00, 0x00, 0x00, 0x00, 0x00, 0x11, 0x0a, 0x00,
  0x00, 0x00, 0x00, 0x08, 0xf3, 0xf3, 0xf3, 0xf3, 0xf3, 0xf1, 0xd6, 0x81, 0x09, 0x00, 0x09, 0xff,
  0xff, 0xff, 0xff, 0xff, 0xff, 0xff, 0xff, 0xc3, 0x06, 0x09, 0xff, 0xff, 0xff, 0xff, 0xff, 0xff,
  0xff, 0xff, 0xff, 0x6a, 0x09, 0xff, 0xff, 0xff, 0xff, 0xff, 0xff, 0xff, 0xff, 0xff, 0xb4, 0x09,
  0xff, 0xff, 0xff, 0xff, 0xff, 0xff, 0xff, 0xff, 0xff, 0xc9, 0x00, 0x16, 0x16, 0x16, 0x1f, 0xc4,
  0xff, 0xff, 0xff, 0xff, 0xca, 0x00, 0x00, 0x00, 0x00, 0x00, 0x82, 0xff, 0xff, 0xff, 0xff, 0xca,
  0x00, 0x00, 0x00, 0x00, 0x00, 0x80, 0xff, 0xff, 0xff, 0xff, 0xca, 0x00, 0x00, 0x00, 0x00, 0x00,
  0x80, 0xff, 0xff, 0xff, 0xff, 0xca, 0x00, 0x00, 0x00, 0x00, 0x00, 0x80, 0xff, 0xff, 0xff, 0xff,
  0xca, 0x00, 0x00, 0x00, 0x00, 0x00, 0x80, 0xff, 0xff, 0xff, 0xff, 0xca, 0x00, 0x00, 0x00, 0x00,
  0x00, 0x80, 0xff, 0xff, 0xff, 0xff, 0xca, 0x00, 0x00, 0x00, 0x00, 0x00, 0x80, 0xff, 0xff, 0xff,
  0xff, 0xca, 0x00, 0x00, 0x00, 0x00, 0x00, 0x80, 0xff, 0xff, 0xff, 0xff, 0xca, 0x00, 0x00, 0x00,
  0x00, 0x00, 0x80, 0xff, 0xff, 0xff, 0xff, 0xca, 0x00, 0x00, 0x00, 0x00, 0x00, 0x80, 0xff, 0xff,
  0xff, 0xff, 0xca, 0x00, 0x00, 0x00, 0x00, 0x00, 0x80, 0xff, 0xff, 0xff, 0xff, 0xca, 0x00, 0x00,
  0x00, 0x00, 0x00, 0x80, 0xff, 0xff, 0xff, 0xff, 0xca, 0x00, 0x00, 0x00, 0x00, 0x00, 0x80, 0xff,
  0xff, 0xff, 0xff, 0xca, 0x00, 0x00, 0x00, 0x00, 0x00, 0x80, 0xff, 0xff, 0xff, 0xff, 0xca, 0x00,
  0x00, 0x00, 0x00, 0x00, 0x80, 0xff, 0xff, 0xff, 0xff, 0xca, 0x00, 0x00, 0x00, 0x00, 0x00, 0x80,
  0xff, 0xff, 0xff, 0xff, 0xca, 0x00, 0x00, 0x00, 0x00, 0x00, 0x80, 0xff, 0xff, 0xff, 0xff, 0xca,
  0x00, 0x00, 0x00, 0x00, 0x00, 0x80, 0xff, 0xff, 0xff, 0xff, 0xca, 0x00, 0x00, 0x00, 0x00, 0x00,
  0x80, 0xff, 0xff, 0xff, 0xff, 0xca, 0x00, 0x00, 0x00, 0x00, 0x00, 0x80, 0xff, 0xff, 0xff, 0xff,
  0xca, 0x00, 0x00, 0x00, 0x00, 0x00, 0x80, 0xff, 0xff, 0xff, 0xff, 0xca, 0x00, 0x00, 0x00, 0x00,
  0x00, 0x80, 0xff, 0xff, 0xff, 0xff, 0xca, 0x00, 0x00, 0x00, 0x00, 0x00, 0x80, 0xff, 0xff, 0xff,
  0xff, 0xca, 0x00, 0x00, 0x00, 0x00, 0x00, 0x80, 0xff, 0xff, 0xff, 0xff, 0xca, 0x00, 0x00, 0x00,
  0x00, 0x00, 0x80, 0xff, 0xff, 0xff, 0xff, 0xca, 0x00, 0x00, 0x00, 0x00, 0x00, 0x80, 0xff, 0xff,
  0xff, 0xff, 0xca, 0x00, 0x00, 0x00, 0x00, 0x00, 0x80, 0xff, 0xff, 0xff, 0xff, 0xca, 0x00, 0x00,
  0x00, 0x00, 0x00, 0x80, 0xff, 0xff, 0xff, 0xff, 0xca, 0x00, 0x00, 0x00, 0x00, 0x00, 0x80, 0xff,
  0xff, 0xff, 0xff, 0xca, 0x00, 0x00, 0x00, 0x00, 0x00, 0x80, 0xff, 0xff, 0xff, 0xff, 0xca, 0x00,
  0x00, 0x00, 0x00, 0x00, 0x8b, 0xff, 0xff, 0xff, 0xff, 0xca, 0x04, 0x7c, 0x7c, 0x7c, 0x86, 0xee,
  0xff, 0xff, 0xff, 0xff, 0xca, 0x09, 0xff, 0xff, 0xff, 0xff, 0xff, 0xff, 0xff, 0xff, 0xff, 0xc5,
  0x09, 0xff, 0xff, 0xff, 0xff, 0xff, 0xff, 0xff, 0xff, 0xff, 0x9f, 0x09, 0xff, 0xff, 0xff, 0xff,
  0xff, 0xff, 0xff, 0xff, 0xfd, 0x39, 0x09, 0xff, 0xff, 0xff, 0xff, 0xff, 0xff, 0xff, 0xfa, 0x68,
  0x00, 0x05, 0x8d, 0x8d, 0x8d, 0x8d, 0x8d, 0x8a, 0x6f, 0x20, 0x00, 0x00, 0x00, 0x00, 0x00, 0x00,
  0x00, 0x00, 0x47, 0x66, 0x66, 0x66, 0x66, 0x66, 0x66, 0x66, 0x66, 0x29, 0x00, 0x00, 0x00, 0x00,
  0x00, 0x00, 0x00, 0x00, 0x00, 0x00, 0x14, 0xf4, 0xff, 0xff, 0xff, 0xff, 0xff, 0xff, 0xff, 0xff,
  0xbe, 0x00, 0x00, 0x00, 0x00, 0x00, 0x00, 0x00, 0x00, 0x00, 0x00, 0x86, 0xff, 0xff, 0xff, 0xff,
  0xff, 0xff, 0xff, 0xff, 0xff, 0xff, 0x3a, 0x00, 0x00, 0x00, 0x00, 0x00, 0x00, 0x00, 0x00, 0x10,
  0xf1, 0xff, 0xff, 0xff, 0xff, 0x95, 0xc4, 0xff, 0xff, 0xff, 0xff, 0xb6, 0x00, 0x00, 0x00, 0x00,
  0x00, 0x00, 0x00, 0x00, 0x7e, 0xff, 0xff, 0xff, 0xff, 0xf0, 0x0b, 0x47, 0xff, 0xff, 0xff, 0xff,
  0xff, 0x33, 0x00, 0x00, 0x00, 0x00, 0x00, 0x00, 0x0d, 0xed, 0xff, 0xff, 0xff, 0xff, 0x8c, 0x00,
  0x01, 0xd7, 0xff, 0xff, 0xff, 0xff, 0xaf, 0x00, 0x00, 0x00, 0x00, 0x00, 0x00, 0x77, 0xff, 0xff,
  0xff, 0xff, 0xfd, 0x21, 0x00, 0x00, 0x69, 0xff, 0xff, 0xff, 0xff, 0xfe, 0x2c, 0x00, 0x00, 0x00,
  0x00, 0x09, 0xe9, 0xff, 0xff, 0xff, 0xff, 0xaf, 0x00, 0x00, 0x00, 0x0b, 0xef, 0xff, 0xff, 0xff,
  0xff, 0xa7, 0x00, 0x00, 0x00, 0x00, 0x6f, 0xff, 0xff, 0xff, 0xff, 0xff, 0x40, 0x00, 0x00, 0x00,
  0x00, 0x8c, 0xff, 0xff, 0xff, 0xff, 0xfd, 0x26, 0x00, 0x00, 0x07, 0xe4, 0xff, 0xff, 0xff, 0xff,
  0xd1, 0x00, 0x00, 0x00, 0x00, 0x00, 0x20, 0xfc, 0xff, 0xff, 0xff, 0xff, 0xa0, 0x00, 0x00, 0x68,
  0xff, 0xff, 0xff, 0xff, 0xff, 0x62, 0x00, 0x00, 0x00, 0x00, 0x00, 0x00, 0xae, 0xff, 0xff, 0xff,
  0xff, 0xfb, 0x20, 0x04, 0xdf, 0xff, 0xff, 0xff, 0xff, 0xeb, 0x08, 0x00, 0x00, 0x00, 0x00, 0x00,
  0x00, 0x3f, 0xff, 0xff, 0xff, 0xff, 0xff, 0x98, 0x08, 0x31, 0x31, 0x31, 0x31, 0x31, 0x22, 0x00,
  0x00, 0x00, 0x00, 0x00, 0x00, 0x00, 0x00, 0x30, 0x31, 0x31, 0x31, 0x31, 0x2b, 0x6e, 0xfb, 0xfb,
  0xfb, 0xfb, 0xfb, 0xfb, 0xfb, 0xfb, 0xfb, 0xfb, 0xfb, 0xfb, 0xfb, 0xfb, 0xfb, 0xfb, 0xfb, 0xfb,
  0xfb, 0xfb, 0x23, 0x70, 0xff, 0xff, 0xff, 0xff, 0xff, 0xff, 0xff, 0xff, 0xff, 0xff, 0xff, 0xff,
  0xff, 0xff, 0xff, 0xff, 0xff, 0xff, 0xff, 0xff, 0x24, 0x70, 0xff, 0xff, 0xff, 0xff, 0xff, 0xff,
  0xff, 0xff, 0xff, 0xff, 0xff, 0xff, 0xff, 0xff, 0xff, 0xff, 0xff, 0xff, 0xff, 0xff, 0x24, 0x70,
  0xff, 0xff, 0xff, 0xff, 0xff, 0xff, 0xff, 0xff, 0xff, 0xff, 0xff, 0xff, 0xff, 0xff, 0xff, 0xff,
  0xff, 0xff, 0xff, 0xff, 0x24, 0x5a, 0xcd, 0xcd, 0xcd, 0xcd, 0xcd, 0xcd, 0xcd, 0xcd, 0xcd, 0xcd,
  0xcd, 0xcd, 0xcd, 0xcd, 0xcd, 0xcd, 0xcd, 0xcd, 0xcd, 0xcd, 0x1c, 0x00, 0x8d, 0xa6, 0xa6, 0xa6,
  0xa6, 0x74, 0x00, 0x00, 0x00, 0x57, 0xff, 0xff, 0xff, 0xff, 0xf5, 0x0e, 0x00, 0x00, 0x00, 0xb9,
  0xff, 0xff, 0xff, 0xff, 0x65, 0x00, 0x00, 0x00, 0x23, 0xf7, 0xff, 0xff, 0xff, 0xc7, 0x00, 0x00,
  0x00, 0x00, 0x7d, 0xff, 0xff, 0xff, 0xff, 0x29, 0x00, 0x00, 0x00, 0x06, 0xd8, 0xff, 0xff, 0xff,
  0x8b, 0x00, 0x00, 0x00, 0x00, 0x08, 0x0f, 0x0f, 0x0f, 0x0b, 0x00, 0x00, 0x00, 0x00, 0x00, 0x00,
  0x00, 0x23, 0x54, 0x67, 0x60, 0x3e, 0x07, 0x00, 0x00, 0x00, 0x00, 0x00, 0x00, 0x00, 0x00, 0x00,
  0x00, 0x00, 0x00, 0x00, 0x00, 0x00, 0x00, 0x52, 0xce, 0xff, 0xff, 0xff, 0xff, 0xff, 0xef, 0x77,
  0x01, 0x00, 0xb8, 0xd5, 0xd5, 0xd5, 0xd5, 0x5b, 0x00, 0x00, 0x00, 0x00, 0x00, 0x07, 0xa7, 0xff,
  0xff, 0xff, 0xff, 0xff, 0xff, 0xff, 0xff, 0xff, 0x95, 0x00, 0xdd, 0xff, 0xff, 0xff, 0xff, 0x6d,
  0x00, 0x00, 0x00, 0x00, 0x02, 0xb5, 0xff, 0xff, 0xff, 0xff, 0xff, 0xff, 0xff, 0xff, 0xff, 0xff,
  0xff, 0x6f, 0xe8, 0xff, 0xff, 0xff, 0xff, 0x6d, 0x00, 0x00, 0x00, 0x00, 0x7a, 0xff, 0xff, 0xff,
  0xff, 0xff, 0xff, 0xff, 0xff, 0xff, 0xff, 0xff, 0xff, 0xff, 0xff, 0xff, 0xff, 0xff, 0xff, 0x6d,
  0x00, 0x00, 0x00, 0x1a, 0xf6, 0xff, 0xff, 0xff, 0xff, 0xff, 0xff, 0xd9, 0xab, 0xa8, 0xd2, 0xff,
  0xff, 0xff, 0xff, 0xff, 0xff, 0xff, 0xff, 0x6d, 0x00, 0x00, 0x00, 0x82, 0xff, 0xff, 0xff, 0xff,
  0xff, 0xe6, 0x44, 0x00, 0x00, 0x00, 0x00, 0x35, 0xd9, 0xff, 0xff, 0xff, 0xff, 0xff, 0xff, 0x6d,
  0x00, 0x00, 0x00, 0xd5, 0xff, 0xff, 0xff, 0xff, 0xf4, 0x27, 0x00, 0x00, 0x00, 0x00, 0x00, 0x00,
  0x18, 0xe8, 0xff, 0xff, 0xff, 0xff, 0xff, 0x6d, 0x00, 0x00, 0x11, 0xff, 0xff, 0xff, 0xff, 0xff,
  0x86, 0x00, 0x00, 0x00, 0x00, 0x00, 0x00, 0x00, 0x00, 0x6a, 0xff, 0xff, 0xff, 0xff, 0xff, 0x6d,
  0x00, 0x00, 0x37, 0xff, 0xff, 0xff, 0xff, 0xff, 0x31, 0x00, 0x00, 0x00, 0x00, 0x00, 0x00, 0x00,
  0x00, 0x16, 0xff, 0xff, 0xff, 0xff, 0xff, 0x6d, 0x00, 0x00, 0x48, 0xff, 0xff, 0xff, 0xff, 0xff,
  0x07, 0x00, 0x00, 0x00, 0x00, 0x00, 0x00, 0x00, 0x00, 0x00, 0xec, 0xff, 0xff, 0xff, 0xff, 0x6d,
  0x00, 0x00, 0x51, 0xff, 0xff, 0xff, 0xff, 0xfa, 0x00, 0x00, 0x00, 0x00, 0x00, 0x00, 0x00, 0x00,
  0x00, 0x00, 0xde, 0xff, 0xff, 0xff, 0xff, 0x6d, 0x00, 0x00, 0x4a, 0xff, 0xff, 0xff, 0xff, 0xff,
  0x05, 0x00, 0x00, 0x00, 0x00, 0x00, 0x00, 0x00, 0x00, 0x00, 0xe8, 0xff, 0xff, 0xff, 0xff, 0x6d,
  0x00, 0x00, 0x3b, 0xff, 0xff, 0xff, 0xff, 0xff, 0x27, 0x00, 0x00, 0x00, 0x00, 0x00, 0x00, 0x00,
  0x00, 0x0e, 0xfd, 0xff, 0xff, 0xff, 0xff, 0x6d, 0x00, 0x00, 0x17, 0xff, 0xff, 0xff, 0xff, 0xff,
  0x74, 0x00, 0x00, 0x00, 0x00, 0x00, 0x00, 0x00, 0x00, 0x58, 0xff, 0xff, 0xff, 0xff, 0xff, 0x6d,
  0x00, 0x00, 0x00, 0xdf, 0xff, 0xff, 0xff, 0xff, 0xe7, 0x15, 0x00, 0x00, 0x00, 0x00, 0x00, 0x00,
  0x0a, 0xd7, 0xff, 0xff, 0xff, 0xff, 0xff, 0x6f, 0x00, 0x00, 0x00, 0x90, 0xff, 0xff, 0xff, 0xff,
  0xff, 0xce, 0x20, 0x00, 0x00, 0x00, 0x00, 0x17, 0xbc, 0xff, 0xff, 0xff, 0xff, 0xff, 0xff, 0xaf,
  0x10, 0x03, 0x00, 0x24, 0xfc, 0xff, 0xff, 0xff, 0xff, 0xff, 0xf8, 0xae, 0x80, 0x7d, 0xa6, 0xf3,
  0xff, 0xff, 0xff, 0xff, 0xff, 0xff, 0xff, 0xff, 0xff, 0x5c, 0x00, 0x00, 0x8e, 0xff, 0xff, 0xff,
  0xff, 0xff, 0xff, 0xff, 0xff, 0xff, 0xff, 0xff, 0xff, 0xfe, 0xfc, 0xff, 0xff, 0xff, 0xff, 0xff,
  0xff, 0x5c, 0x00, 0x00, 0x07, 0xc8, 0xff, 0xff, 0xff, 0xff, 0xff, 0xff, 0xff, 0xff, 0xff, 0xff,
  0xff, 0x7f, 0x6c, 0xff, 0xff, 0xff, 0xff, 0xff, 0xff, 0x5c, 0x00, 0x00, 0x00, 0x0f, 0xbe, 0xff,
  0xff, 0xff, 0xff, 0xff, 0xff, 0xff, 0xff, 0xff, 0xd0, 0x09, 0x1c, 0xf2, 0xff, 0xff, 0xff, 0xff,
  0xff, 0x5c, 0x00, 0x00, 0x00, 0x00, 0x02, 0x6c, 0xe6, 0xff, 0xff, 0xff, 0xff, 0xff, 0xff, 0xad,
  0x14, 0x00, 0x00, 0x38, 0xc6, 0xfa, 0xff, 0xff, 0xff, 0x5c, 0x00, 0x00, 0x00, 0x00, 0x00, 0x00,
  0x03, 0x41, 0x78, 0x90, 0x8d, 0x6b, 0x25, 0x00, 0x00, 0x00, 0x00, 0x00, 0x00, 0x00, 0x00, 0x00,
  0x00, 0x00, 0x3e, 0x66, 0x66, 0x66, 0x66, 0x46, 0x00, 0x00, 0x00, 0x00, 0x00, 0x00, 0x00, 0x00,
  0x00, 0x00, 0x00, 0x00, 0x00, 0x00, 0x00, 0x00, 0x00, 0x9b, 0xff, 0xff, 0xff, 0xff, 0xaf, 0x00,
  0x00, 0x00, 0x00, 0x00, 0x00, 0x00, 0x00, 0x00, 0x00, 0x00, 0x00, 0x00, 0x00, 0x00, 0x00, 0x00,
  0x9b, 0xff, 0xff, 0xff, 0xff, 0xaf, 0x00, 0x00, 0x00, 0x00, 0x00, 0x00, 0x00, 0x00, 0x00, 0x00,
  0x00, 0x00, 0x00, 0x00, 0x00, 0x00, 0x00, 0x9b, 0xff, 0xff, 0xff, 0xff, 0xaf, 0x00, 0x00, 0x00,
  0x00, 0x00, 0x00, 0x00, 0x00, 0x00, 0x00, 0x00, 0x00, 0x00, 0x00, 0x00, 0x00, 0x00, 0x9b, 0xff,
  0xff, 0xff, 0xff, 0xaf, 0x00, 0x00, 0x00, 0x00, 0x00, 0x00, 0x00, 0x00, 0x00, 0x00, 0x00, 0x00,
  0x00, 0x00, 0x00, 0x00, 0x00, 0x9b, 0xff, 0xff, 0xff, 0xff, 0xaf, 0x00, 0x00, 0x00, 0x00, 0x00,
  0x00, 0x00, 0x00, 0x00, 0x00, 0x00, 0x00, 0x00, 0x00, 0x00, 0x00, 0x00, 0x9b, 0xff, 0xff, 0xff,
  0xff, 0xaf, 0x00, 0x00, 0x00, 0x00, 0x00, 0x00, 0x00, 0x00, 0x00, 0x00, 0x00, 0x00, 0x00, 0x00,
  0x00, 0x00, 0x00, 0x9b, 0xff, 0xff, 0xff, 0xff, 0xaf, 0x00, 0x00, 0x00, 0x00, 0x00, 0x00, 0x00,
  0x00, 0x00, 0x00, 0x00, 0x00, 0x00, 0x00, 0x00, 0x00, 0x00, 0x9b, 0xff, 0xff, 0xff, 0xff, 0xaf,
  0x00, 0x00, 0x00, 0x00, 0x1c, 0x4f, 0x65, 0x62, 0x45, 0x0f, 0x00, 0x00, 0x00, 0x00, 0x00, 0x00,
  0x00, 0x9b, 0xff, 0xff, 0xff, 0xff, 0xaf, 0x00, 0x00, 0x31, 0xc2, 0xff, 0xff, 0xff, 0xff, 0xff,
  0xf9, 0xa9, 0x28, 0x00, 0x00, 0x00, 0x00, 0x00, 0x9b, 0xff, 0xff, 0xff, 0xff, 0xaf, 0x00, 0x52,
  0xf6, 0xff, 0xff, 0xff, 0xff, 0xff, 0xff, 0xff, 0xff, 0xf8, 0x67, 0x00, 0x00, 0x00, 0x00, 0x9b,
  0xff, 0xff, 0xff, 0xff, 0xaf, 0x22, 0xf4, 0xff, 0xff, 0xff, 0xff, 0xff, 0xff, 0xff, 0xff, 0xff,
  0xff, 0xff, 0x6d, 0x00, 0x00, 0x00, 0x9b, 0xff, 0xff, 0xff, 0xff, 0xf0, 0xe7, 0xff, 0xff, 0xff,
  0xff, 0xff, 0xff, 0xff, 0xff, 0xff, 0xff, 0xff, 0xff, 0xfc, 0x37, 0x00, 0x00, 0x9b, 0xff, 0xff,
  0xff, 0xff, 0xff, 0xff, 0xff, 0xff, 0xe0, 0xae, 0xa5, 0xc2, 0xf9, 0xff, 0xff, 0xff, 0xff, 0xff,
  0xff, 0xcc, 0x00, 0x00, 0x9b, 0xff, 0xff, 0xff, 0xff, 0xff, 0xff, 0xe2, 0x48, 0x00, 0x00, 0x00,
  0x00, 0x13, 0x97, 0xff, 0xff, 0xff, 0xff, 0xff, 0xff, 0x40, 0x00, 0x9b, 0xff, 0xff, 0xff, 0xff,
  0xff, 0xe5, 0x1b, 0x00, 0x00, 0x00, 0x00, 0x00, 0x00, 0x00, 0x81, 0xff, 0xff, 0xff, 0xff, 0xff,
  0x94, 0x00, 0x9b, 0xff, 0xff, 0xff, 0xff, 0xff, 0x55, 0x00, 0x00, 0x00, 0x00, 0x00, 0x00, 0x00,
  0x00, 0x02, 0xd7, 0xff, 0xff, 0xff, 0xff, 0xd0, 0x00, 0x9b, 0xff, 0xff, 0xff, 0xff, 0xef, 0x03,
  0x00, 0x00, 0x00, 0x00, 0x00, 0x00, 0x00, 0x00, 0x00, 0x7a, 0xff, 0xff, 0xff, 0xff, 0xf6, 0x00,
  0x9b, 0xff, 0xff, 0xff, 0xff, 0xc0, 0x00, 0x00, 0x00, 0x00, 0x00, 0x00, 0x00, 0x00, 0x00, 0x00,
  0x4a, 0xff, 0xff, 0xff, 0xff, 0xff, 0x08, 0x9b, 0xff, 0xff, 0xff, 0xff, 0xb1, 0x00, 0x00, 0x00,
  0x00, 0x00, 0x00, 0x00, 0x00, 0x00, 0x00, 0x3b, 0xff, 0xff, 0xff, 0xff, 0xff, 0x10, 0x9b, 0xff,
  0xff, 0xff, 0xff, 0xbd, 0x00, 0x00, 0x00, 0x00, 0x00, 0x00, 0x00, 0x00, 0x00, 0x00, 0x47, 0xff,
  0xff, 0xff, 0xff, 0xff, 0x0a, 0x9b, 0xff, 0xff, 0xff, 0xff, 0xe6, 0x00, 0x00, 0x00, 0x00, 0x00,
  0x00, 0x00, 0x00, 0x00, 0x00, 0x6f, 0xff, 0xff, 0xff, 0xff, 0xfb, 0x00, 0x9b, 0xff, 0xff, 0xff,
  0xff, 0xff, 0x40, 0x00, 0x00, 0x00, 0x00, 0x00, 0x00, 0x00, 0x00, 0x00, 0xc5, 0xff, 0xff, 0xff,
  0xff, 0xda, 0x00, 0x9b, 0xff, 0xff, 0xff, 0xff, 0xff, 0xd2, 0x0a, 0x00, 0x00, 0x00, 0x00, 0x00,
  0x00, 0x00, 0x5e, 0xff, 0xff, 0xff, 0xff, 0xff, 0xa6, 0x00, 0x9b, 0xff, 0xff, 0xff, 0xff, 0xff,
  0xff, 0xc7, 0x22, 0x00, 0x00, 0x00, 0x00, 0x03, 0x6c, 0xfa, 0xff, 0xff, 0xff, 0xff, 0xff, 0x5b,
  0x00, 0x9b, 0xff, 0xff, 0xff, 0xff, 0xff, 0xff, 0xff, 0xfa, 0xb5, 0x83, 0x7a, 0x97, 0xde, 0xff,
  0xff, 0xff, 0xff, 0xff, 0xff, 0xe9, 0x07, 0x00, 0x9b, 0xff, 0xff, 0xff, 0xff, 0xfe, 0xfd, 0xff,
  0xff, 0xff, 0xff, 0xff, 0xff, 0xff, 0xff, 0xff, 0xff, 0xff, 0xff, 0xff, 0x64, 0x00, 0x00, 0x9b,
  0xff, 0xff, 0xff, 0xff, 0xaf, 0x36, 0xfc, 0xff, 0xff, 0xff, 0xff, 0xff, 0xff, 0xff, 0xff, 0xff,
  0xff, 0xff, 0xab, 0x00, 0x00, 0x00, 0x9b, 0xff, 0xff, 0xff, 0xff, 0xaf, 0x00, 0x69, 0xfe, 0xff,
  0xff, 0xff, 0xff, 0xff, 0xff, 0xff, 0xff, 0xff, 0xaa, 0x06, 0x00, 0x00, 0x00, 0x9b, 0xff, 0xff,
  0xff, 0xff, 0xaf, 0x00, 0x00, 0x54, 0xe9, 0xff, 0xff, 0xff, 0xff, 0xff, 0xff, 0xde, 0x5e, 0x00,
  0x00, 0x00, 0x00, 0x00, 0x00, 0x00, 0x00, 0x00, 0x00, 0x00, 0x00, 0x00, 0x00, 0x07, 0x4c, 0x7c,
  0x90, 0x8d, 0x73, 0x3a, 0x01, 0x00, 0x00, 0x00, 0x00, 0x00, 0x00, 0x00, 0x00, 0x00, 0x00, 0x00,
  0x00, 0x00, 0x00, 0x22, 0x4e, 0x62, 0x64, 0x53, 0x34, 0x04, 0x00, 0x00, 0x00, 0x00, 0x00, 0x00,
  0x00, 0x00, 0x00, 0x00, 0x00, 0x00, 0x15, 0x81, 0xde, 0xff, 0xff, 0xff, 0xff, 0xff, 0xff, 0xf6,
  0xaa, 0x3c, 0x00, 0x00, 0x00, 0x00, 0x00, 0x00, 0x00, 0x00, 0x00, 0x64, 0xf0, 0xff, 0xff, 0xff,
  0xff, 0xff, 0xff, 0xff, 0xff, 0xff, 0xff, 0xff, 0xa0, 0x0e, 0x00, 0x00, 0x00, 0x00, 0x00, 0x00,
  0x93, 0xff, 0xff, 0xff, 0xff, 0xff, 0xff, 0xff, 0xff, 0xff, 0xff, 0xff, 0xff, 0xff, 0xff, 0xcb,
  0x10, 0x00, 0x00, 0x00, 0x00, 0x80, 0xff, 0xff, 0xff, 0xff, 0xff, 0xff, 0xff, 0xff, 0xff, 0xff,
  0xff, 0xff, 0xff, 0xff, 0xff, 0xff, 0xbb, 0x01, 0x00, 0x00, 0x38, 0xfd, 0xff, 0xff, 0xff, 0xff,
  0xff, 0xff, 0xd8, 0xaa, 0xa7, 0xca, 0xfc, 0xff, 0xff, 0xff, 0xff, 0xff, 0xff, 0x67, 0x00, 0x00,
  0xc1, 0xff, 0xff, 0xff, 0xff, 0xff, 0xd7, 0x3c, 0x00, 0x00, 0x00, 0x00, 0x20, 0xb7, 0xff, 0xff,
  0xff, 0xff, 0xff, 0xdf, 0x03, 0x2a, 0xff, 0xff, 0xff, 0xff, 0xff, 0xd4, 0x0f, 0x00, 0x00, 0x00,
  0x00, 0x00, 0x00, 0x04, 0xbc, 0xff, 0xff, 0xff, 0xff, 0xff, 0x41, 0x76, 0xff, 0xff, 0xff, 0xff,
  0xff, 0x32, 0x00, 0x00, 0x00, 0x00, 0x00, 0x00, 0x00, 0x00, 0x22, 0xfd, 0xff, 0xff, 0xff, 0xff,
  0x73, 0xa7, 0xff, 0xff, 0xff, 0xff, 0xc9, 0x00, 0x00, 0x00, 0x00, 0x00, 0x00, 0x00, 0x00, 0x00,
  0x00, 0xc0, 0xdf, 0x9c, 0x5a, 0x19, 0x00, 0xc2, 0xff, 0xff, 0xff, 0xff, 0x92, 0x00, 0x00, 0x00,
  0x00, 0x00, 0x00, 0x00, 0x00, 0x00, 0x00, 0x0c, 0x00, 0x00, 0x00, 0x00, 0x00, 0xcf, 0xff, 0xff,
  0xff, 0xff, 0x7d, 0x00, 0x00, 0x00, 0x00, 0x00, 0x00, 0x00, 0x00, 0x00, 0x00, 0x00, 0x00, 0x00,
  0x00, 0x00, 0x00, 0xc9, 0xff, 0xff, 0xff, 0xff, 0x86, 0x00, 0x00, 0x00, 0x00, 0x00, 0x00, 0x00,
  0x00, 0x00, 0x00, 0x00, 0x00, 0x00, 0x00, 0x00, 0x00, 0xb9, 0xff, 0xff, 0xff, 0xff, 0xa9, 0x00,
  0x00, 0x00, 0x00, 0x00, 0x00, 0x00, 0x00, 0x00, 0x00, 0xa3, 0xab, 0x6b, 0x2b, 0x01, 0x00, 0x91,
  0xff, 0xff, 0xff, 0xff, 0xee, 0x0c, 0x00, 0x00, 0x00, 0x00, 0x00, 0x00, 0x00, 0x00, 0x13, 0xf7,
  0xff, 0xff, 0xff, 0xea, 0x61, 0x53, 0xff, 0xff, 0xff, 0xff, 0xff, 0x93, 0x00, 0x00, 0x00, 0x00,
  0x00, 0x00, 0x00, 0x00, 0x97, 0xff, 0xff, 0xff, 0xff, 0xff, 0x4d, 0x0a, 0xef, 0xff, 0xff, 0xff,
  0xff, 0xff, 0x9a, 0x0f, 0x00, 0x00, 0x00, 0x00, 0x04, 0x81, 0xff, 0xff, 0xff, 0xff, 0xff, 0xed,
  0x0a, 0x00, 0x7b, 0xff, 0xff, 0xff, 0xff, 0xff, 0xff, 0xf1, 0xa7, 0x7e, 0x7b, 0x9b, 0xe3, 0xff,
  0xff, 0xff, 0xff, 0xff, 0xff, 0x81, 0x00, 0x00, 0x05, 0xcd, 0xff, 0xff, 0xff, 0xff, 0xff, 0xff,
  0xff, 0xff, 0xff, 0xff, 0xff, 0xff, 0xff, 0xff, 0xff, 0xff, 0xd6, 0x08, 0x00, 0x00, 0x00, 0x1a,
  0xdc, 0xff, 0xff, 0xff, 0xff, 0xff, 0xff, 0xff, 0xff, 0xff, 0xff, 0xff, 0xff, 0xff, 0xff, 0xe7,
  0x27, 0x00, 0x00, 0x00, 0x00, 0x00, 0x14, 0xb5, 0xff, 0xff, 0xff, 0xff, 0xff, 0xff, 0xff, 0xff,
  0xff, 0xff, 0xff, 0xff, 0xce, 0x26, 0x00, 0x00, 0x00, 0x00, 0x00, 0x00, 0x00, 0x00, 0x4c, 0xbf,
  0xfe, 0xff, 0xff, 0xff, 0xff, 0xff, 0xff, 0xff, 0xda, 0x6d, 0x05, 0x00, 0x00, 0x00, 0x00, 0x00,
  0x00, 0x00, 0x00, 0x00, 0x00, 0x00, 0x16, 0x53, 0x7c, 0x8e, 0x8f, 0x7e, 0x61, 0x28, 0x01, 0x00,
  0x00, 0x00, 0x00, 0x00, 0x00, 0x00, 0x00, 0x00, 0x00, 0x00, 0x00, 0x00, 0x00, 0x00, 0x00, 0x00,
  0x00, 0x00, 0x00, 0x00, 0x00, 0x00, 0x4f, 0x66, 0x66, 0x66, 0x66, 0x35, 0x00, 0x00, 0x00, 0x00,
  0x00, 0x00, 0x00, 0x00, 0x00, 0x00, 0x00, 0x00, 0x00, 0x00, 0x00, 0x00, 0x00, 0xc5, 0xff, 0xff,
  0xff, 0xff, 0x85, 0x00, 0x00, 0x00, 0x00, 0x00, 0x00, 0x00, 0x00, 0x00, 0x00, 0x00, 0x00, 0x00,
  0x00, 0x00, 0x00, 0x00, 0xc5, 0xff, 0xff, 0xff, 0xff, 0x85, 0x00, 0x00, 0x00, 0x00, 0x00, 0x00,
  0x00, 0x00, 0x00, 0x00, 0x00, 0x00, 0x00, 0x00, 0x00, 0x00, 0x00, 0xc5, 0xff, 0xff, 0xff, 0xff,
  0x85, 0x00, 0x00, 0x00, 0x00, 0x00, 0x00, 0x00, 0x00, 0x00, 0x00, 0x00, 0x00, 0x00, 0x00, 0x00,
  0x00, 0x00, 0xc5, 0xff, 0xff, 0xff, 0xff, 0x85, 0x00, 0x00, 0x00, 0x00, 0x00, 0x00, 0x00, 0x00,
  0x00, 0x00, 0x00, 0x00, 0x00, 0x00, 0x00, 0x00, 0x00, 0xc5, 0xff, 0xff, 0xff, 0xff, 0x85, 0x00,
  0x00, 0x00, 0x00, 0x00, 0x00, 0x00, 0x00, 0x00, 0x00, 0x00, 0x00, 0x00, 0x00, 0x00, 0x00, 0x00,
  0xc5, 0xff, 0xff, 0xff, 0xff, 0x85, 0x00, 0x00, 0x00, 0x00, 0x00, 0x00, 0x00, 0x00, 0x00, 0x00,
  0x00, 0x00, 0x00, 0x00, 0x00, 0x00, 0x00, 0xc5, 0xff, 0xff, 0xff, 0xff, 0x85, 0x00, 0x00, 0x00,
  0x00, 0x00, 0x00, 0x00, 0x0c, 0x41, 0x60, 0x66, 0x54, 0x26, 0x00, 0x00, 0x00, 0x00, 0xc5, 0xff,
  0xff, 0xff, 0xff, 0x85, 0x00, 0x00, 0x00, 0x00, 0x00, 0x26, 0xa3, 0xf7, 0xff, 0xff, 0xff, 0xff,
  0xff, 0xcf, 0x39, 0x00, 0x00, 0xc5, 0xff, 0xff, 0xff, 0xff, 0x85, 0x00, 0x00, 0x00, 0x00, 0x69,
  0xf8, 0xff, 0xff, 0xff, 0xff, 0xff, 0xff, 0xff, 0xff, 0xf8, 0x4f, 0x00, 0xc5, 0xff, 0xff, 0xff,
  0xff, 0x85, 0x00, 0x00, 0x00, 0x76, 0xff, 0xff, 0xff, 0xff, 0xff, 0xff, 0xff, 0xff, 0xff, 0xff,
  0xff, 0xef, 0x18, 0xc5, 0xff, 0xff, 0xff, 0xff, 0x85, 0x00, 0x00, 0x43, 0xfe, 0xff, 0xff, 0xff,
  0xff, 0xff, 0xff, 0xff, 0xff, 0xff, 0xff, 0xff, 0xff, 0xe3, 0xf4, 0xff, 0xff, 0xff, 0xff, 0x85,
  0x00, 0x03, 0xda, 0xff, 0xff, 0xff, 0xff, 0xff, 0xff, 0xf7, 0xbe, 0xa4, 0xb0, 0xe4, 0xff, 0xff,
  0xff, 0xff, 0xff, 0xff, 0xff, 0xff, 0x85, 0x00, 0x53, 0xff, 0xff, 0xff, 0xff, 0xff, 0xff, 0x8c,
  0x0f, 0x00, 0x00, 0x00, 0x00, 0x50, 0xe9, 0xff, 0xff, 0xff, 0xff, 0xff, 0xff, 0x85, 0x00, 0xa8,
  0xff, 0xff, 0xff, 0xff, 0xff, 0x6f, 0x00, 0x00, 0x00, 0x00, 0x00, 0x00, 0x00, 0x24, 0xee, 0xff,
  0xff, 0xff, 0xff, 0xff, 0x85, 0x00, 0xe5, 0xff, 0xff, 0xff, 0xff, 0xc5, 0x00, 0x00, 0x00, 0x00,
  0x00, 0x00, 0x00, 0x00, 0x00, 0x69, 0xff, 0xff, 0xff, 0xff, 0xff, 0x85, 0x0c, 0xff, 0xff, 0xff,
  0xff, 0xff, 0x64, 0x00, 0x00, 0x00, 0x00, 0x00, 0x00, 0x00, 0x00, 0x00, 0x0c, 0xfa, 0xff, 0xff,
  0xff, 0xff, 0x85, 0x1e, 0xff, 0xff, 0xff, 0xff, 0xff, 0x34, 0x00, 0x00, 0x00, 0x00, 0x00, 0x00,
  0x00, 0x00, 0x00, 0x00, 0xd6, 0xff, 0xff, 0xff, 0xff, 0x85, 0x26, 0xff, 0xff, 0xff, 0xff, 0xff,
  0x25, 0x00, 0x00, 0x00, 0x00, 0x00, 0x00, 0x00, 0x00, 0x00, 0x00, 0xc7, 0xff, 0xff, 0xff, 0xff,
  0x85, 0x20, 0xff, 0xff, 0xff, 0xff, 0xff, 0x31, 0x00, 0x00, 0x00, 0x00, 0x00, 0x00, 0x00, 0x00,
  0x00, 0x00, 0xd3, 0xff, 0xff, 0xff, 0xff, 0x85, 0x12, 0xff, 0xff, 0xff, 0xff, 0xff, 0x59, 0x00,
  0x00, 0x00, 0x00, 0x00, 0x00, 0x00, 0x00, 0x00, 0x06, 0xf5, 0xff, 0xff, 0xff, 0xff, 0x85, 0x00,
  0xf0, 0xff, 0xff, 0xff, 0xff, 0xb1, 0x00, 0x00, 0x00, 0x00, 0x00, 0x00, 0x00, 0x00, 0x00, 0x54,
  0xff, 0xff, 0xff, 0xff, 0xff, 0x85, 0x00, 0xbd, 0xff, 0xff, 0xff, 0xff, 0xff, 0x4d, 0x00, 0x00,
  0x00, 0x00, 0x00, 0x00, 0x00, 0x11, 0xdd, 0xff, 0xff, 0xff, 0xff, 0xff, 0x85, 0x00, 0x71, 0xff,
  0xff, 0xff, 0xff, 0xff, 0xf6, 0x61, 0x01, 0x00, 0x00, 0x00, 0x00, 0x29, 0xd1, 0xff, 0xff, 0xff,
  0xff, 0xff, 0xff, 0x85, 0x00, 0x12, 0xf5, 0xff, 0xff, 0xff, 0xff, 0xff, 0xff, 0xd9, 0x93, 0x79,
  0x85, 0xba, 0xfc, 0xff, 0xff, 0xff, 0xff, 0xff, 0xff, 0xff, 0x85, 0x00, 0x00, 0x7a, 0xff, 0xff,
  0xff, 0xff, 0xff, 0xff, 0xff, 0xff, 0xff, 0xff, 0xff, 0xff, 0xff, 0xfc, 0xfe, 0xff, 0xff, 0xff,
  0xff, 0x85, 0x00, 0x00, 0x03, 0xbe, 0xff, 0xff, 0xff, 0xff, 0xff, 0xff, 0xff, 0xff, 0xff, 0xff,
  0xff, 0xfc, 0x31, 0xc5, 0xff, 0xff, 0xff, 0xff, 0x85, 0x00, 0x00, 0x00, 0x0c, 0xba, 0xff, 0xff,
  0xff, 0xff, 0xff, 0xff, 0xff, 0xff, 0xff, 0xff, 0x6f, 0x00, 0xc5, 0xff, 0xff, 0xff, 0xff, 0x85,
  0x00, 0x00, 0x00, 0x00, 0x02, 0x6b, 0xe5, 0xff, 0xff, 0xff, 0xff, 0xff, 0xff, 0xed, 0x5d, 0x00,
  0x00, 0xc5, 0xff, 0xff, 0xff, 0xff, 0x85, 0x00, 0x00, 0x00, 0x00, 0x00, 0x00, 0x03, 0x40, 0x76,
  0x8f, 0x8f, 0x7c, 0x4d, 0x09, 0x00, 0x00, 0x00, 0x00, 0x00, 0x00, 0x00, 0x00, 0x00, 0x00, 0x00,
  0x00, 0x00, 0x00, 0x00, 0x00, 0x00, 0x22, 0x4f, 0x64, 0x65, 0x53, 0x2b, 0x01, 0x00, 0x00, 0x00,
  0x00, 0x00, 0x00, 0x00, 0x00, 0x00, 0x00, 0x00, 0x00, 0x0c, 0x75, 0xd9, 0xff, 0xff, 0xff, 0xff,
  0xff, 0xff, 0xe7, 0x84, 0x0d, 0x00, 0x00, 0x00, 0x00, 0x00, 0x00, 0x00, 0x00, 0x00, 0x44, 0xe2,
  0xff, 0xff, 0xff, 0xff, 0xff, 0xff, 0xff, 0xff, 0xff, 0xff, 0xe6, 0x4b, 0x00, 0x00, 0x00, 0x00,
  0x00, 0x00, 0x00, 0x61, 0xfc, 0xff, 0xff, 0xff, 0xff, 0xff, 0xff, 0xff, 0xff, 0xff, 0xff, 0xff,
  0xff, 0xfb, 0x5c, 0x00, 0x00, 0x00, 0x00, 0x00, 0x48, 0xfc, 0xff, 0xff, 0xff, 0xff, 0xff, 0xff,
  0xff, 0xff, 0xff, 0xff, 0xff, 0xff, 0xff, 0xff, 0xfb, 0x35, 0x00, 0x00, 0x00, 0x11, 0xe8, 0xff,
  0xff, 0xff, 0xff, 0xff, 0xe1, 0x8b, 0x65, 0x67, 0x8e, 0xe1, 0xff, 0xff, 0xff, 0xff, 0xff, 0xd7,
  0x03, 0x00, 0x00, 0x83, 0xff, 0xff, 0xff, 0xff, 0xff, 0x93, 0x06, 0x00, 0x00, 0x00, 0x00, 0x06,
  0x8a, 0xff, 0xff, 0xff, 0xff, 0xff, 0x56, 0x00, 0x02, 0xe7, 0xff, 0xff, 0xff, 0xff, 0xa8, 0x00,
  0x00, 0x00, 0x00, 0x00, 0x00, 0x00, 0x00, 0xa8, 0xff, 0xff, 0xff, 0xff, 0xb8, 0x00, 0x34, 0xff,
  0xff, 0xff, 0xff, 0xff, 0x5c, 0x3a, 0x3a, 0x3a, 0x3a, 0x3a, 0x3a, 0x3a, 0x3a, 0x6d, 0xff, 0xff,
  0xff, 0xff, 0xf5, 0x06, 0x63, 0xff, 0xff, 0xff, 0xff, 0xff, 0xff, 0xff, 0xff, 0xff, 0xff, 0xff,
  0xff, 0xff, 0xff, 0xff, 0xff, 0xff, 0xff, 0xff, 0xff, 0x22, 0x7a, 0xff, 0xff, 0xff, 0xff, 0xff,
  0xff, 0xff, 0xff, 0xff, 0xff, 0xff, 0xff, 0xff, 0xff, 0xff, 0xff, 0xff, 0xff, 0xff, 0xff, 0x37,
  0x83, 0xff, 0xff, 0xff, 0xff, 0xff, 0xff, 0xff, 0xff, 0xff, 0xff, 0xff, 0xff, 0xff, 0xff, 0xff,
  0xff, 0xff, 0xff, 0xff, 0xff, 0x39, 0x78, 0xff, 0xff, 0xff, 0xff, 0xff, 0xff, 0xff, 0xff, 0xff,
  0xff, 0xff, 0xff, 0xff, 0xff, 0xff, 0xff, 0xff, 0xff, 0xff, 0xff, 0x39, 0x62, 0xff, 0xff, 0xff,
  0xff, 0xfc, 0x4f, 0x4e, 0x4e, 0x4e, 0x4e, 0x4e, 0x4e, 0x4e, 0x4e, 0x4e, 0x4e, 0x4e, 0x4e, 0x4e,
  0x4e, 0x11, 0x38, 0xff, 0xff, 0xff, 0xff, 0xff, 0x30, 0x00, 0x00, 0x00, 0x00, 0x00, 0x00, 0x00,
  0x00, 0x00, 0x00, 0x00, 0x00, 0x00, 0x00, 0x00, 0x05, 0xf0, 0xff, 0xff, 0xff, 0xff, 0xb5, 0x02,
  0x00, 0x00, 0x00, 0x00, 0x00, 0x00, 0x00, 0x8a, 0x41, 0x00, 0x00, 0x00, 0x00, 0x00, 0x00, 0x9c,
  0xff, 0xff, 0xff, 0xff, 0xff, 0xab, 0x12, 0x00, 0x00, 0x00, 0x00, 0x05, 0x92, 0xff, 0xff, 0xb3,
  0x29, 0x00, 0x00, 0x00, 0x00, 0x28, 0xfa, 0xff, 0xff, 0xff, 0xff, 0xff, 0xf3, 0xa7, 0x7d, 0x7a,
  0x99, 0xe3, 0xff, 0xff, 0xff, 0xff, 0xfb, 0x94, 0x00, 0x00, 0x00, 0x00, 0x82, 0xff, 0xff, 0xff,
  0xff, 0xff, 0xff, 0xff, 0xff, 0xff, 0xff, 0xff, 0xff, 0xff, 0xff, 0xff, 0xff, 0x98, 0x00, 0x00,
  0x00, 0x00, 0x02, 0xac, 0xff, 0xff, 0xff, 0xff, 0xff, 0xff, 0xff, 0xff, 0xff, 0xff, 0xff, 0xff,
  0xff, 0xff, 0xcd, 0x0a, 0x00, 0x00, 0x00, 0x00, 0x00, 0x03, 0x8e, 0xfe, 0xff, 0xff, 0xff, 0xff,
  0xff, 0xff, 0xff, 0xff, 0xff, 0xff, 0xff, 0xba, 0x10, 0x00, 0x00, 0x00, 0x00, 0x00, 0x00, 0x00,
  0x00, 0x37, 0xb3, 0xfc, 0xff, 0xff, 0xff, 0xff, 0xff, 0xff, 0xff, 0xd8, 0x5a, 0x01, 0x00, 0x00,
  0x00, 0x00, 0x00, 0x00, 0x00, 0x00, 0x00, 0x00, 0x00, 0x13, 0x52, 0x7c, 0x8e, 0x92, 0x85, 0x65,
  0x2f, 0x00, 0x00, 0x00, 0x00, 0x00, 0x00, 0x00, 0x00, 0x00, 0x00, 0x00, 0x00, 0x00, 0x00, 0x00,
  0x10, 0x50, 0x65, 0x66, 0x66, 0x66, 0x66, 0x66, 0x66, 0x66, 0x4d, 0x00, 0x00, 0x00, 0x00, 0x00,
  0x00, 0x00, 0x00, 0x5e, 0xf2, 0xff, 0xff, 0xff, 0xff, 0xff, 0xff, 0xff, 0xff, 0xff, 0xc1, 0x00,
  0x00, 0x00, 0x00, 0x00, 0x00, 0x00, 0x42, 0xfd, 0xff, 0xff, 0xff, 0xff, 0xff, 0xff, 0xff, 0xff,
  0xff, 0xff, 0xc1, 0x00, 0x00, 0x00, 0x00, 0x00, 0x00, 0x00, 0xbd, 0xff, 0xff, 0xff, 0xff, 0xff,
  0xff, 0xff, 0xff, 0xff, 0xff, 0xff, 0xc1, 0x00, 0x00, 0x00, 0x00, 0x00, 0x00, 0x00, 0xef, 0xff,
  0xff, 0xff, 0xff, 0xff, 0xff, 0xff, 0xff, 0xff, 0xff, 0xff, 0xc1, 0x00, 0x00, 0x00, 0x00, 0x00,
  0x00, 0x00, 0xf8, 0xff, 0xff, 0xff, 0xff, 0xee, 0xa8, 0xa3, 0xa3, 0xa3, 0xa3, 0xa3, 0x7b, 0x00,
  0x00, 0x00, 0x00, 0x00, 0x00, 0x00, 0xf8, 0xff, 0xff, 0xff, 0xff, 0x66, 0x00, 0x00, 0x00, 0x00,
  0x00, 0x00, 0x00, 0x00, 0x00, 0x00, 0x00, 0x00, 0x00, 0x00, 0xf8, 0xff, 0xff, 0xff, 0xff, 0x52,
  0x00, 0x00, 0x00, 0x00, 0x00, 0x00, 0x00, 0x00, 0x00, 0x00, 0x00, 0x00, 0x00, 0x00, 0xf8, 0xff,
  0xff, 0xff, 0xff, 0x52, 0x00, 0x00, 0x00, 0x00, 0x00, 0x00, 0x00, 0x00, 0xbe, 0xd5, 0xd5, 0xd5,
  0xd5, 0xd5, 0xfe, 0xff, 0xff, 0xff, 0xff, 0xe2, 0xd5, 0xd5, 0xd5, 0xd5, 0xd5, 0xd5, 0xd5, 0x6d,
  0xe4, 0xff, 0xff, 0xff, 0xff, 0xff, 0xff, 0xff, 0xff, 0xff, 0xff, 0xff, 0xff, 0xff, 0xff, 0xff,
  0xff, 0xff, 0xff, 0x83, 0xe4, 0xff, 0xff, 0xff, 0xff, 0xff, 0xff, 0xff, 0xff, 0xff, 0xff, 0xff,
  0xff, 0xff, 0xff, 0xff, 0xff, 0xff, 0xff, 0x83, 0xe4, 0xff, 0xff, 0xff, 0xff, 0xff, 0xff, 0xff,
  0xff, 0xff, 0xff, 0xff, 0xff, 0xff, 0xff, 0xff, 0xff, 0xff, 0xff, 0x83, 0xe4, 0xff, 0xff, 0xff,
  0xff, 0xff, 0xff, 0xff, 0xff, 0xff, 0xff, 0xff, 0xff, 0xff, 0xff, 0xff, 0xff, 0xff, 0xff, 0x83,
  0x2f, 0x35, 0x35, 0x35, 0x35, 0x35, 0xf9, 0xff, 0xff, 0xff, 0xff, 0x76, 0x35, 0x35, 0x35, 0x35,
  0x35, 0x35, 0x35, 0x1b, 0x00, 0x00, 0x00, 0x00, 0x00, 0x00, 0xf8, 0xff, 0xff, 0xff, 0xff, 0x52,
  0x00, 0x00, 0x00, 0x00, 0x00, 0x00, 0x00, 0x00, 0x00, 0x00, 0x00, 0x00, 0x00, 0x00, 0xf8, 0xff,
  0xff, 0xff, 0xff, 0x52, 0x00, 0x00, 0x00, 0x00, 0x00, 0x00, 0x00, 0x00, 0x00, 0x00, 0x00, 0x00,
  0x00, 0x00, 0xf8, 0xff, 0xff, 0xff, 0xff, 0x52, 0x00, 0x00, 0x00, 0x00, 0x00, 0x00, 0x00, 0x00,
  0x00, 0x00, 0x00, 0x00, 0x00, 0x00, 0xf8, 0xff, 0xff, 0xff, 0xff, 0x52, 0x00, 0x00, 0x00, 0x00,
  0x00, 0x00, 0x00, 0x00, 0x00, 0x00, 0x00, 0x00, 0x00, 0x00, 0xf8, 0xff, 0xff, 0xff, 0xff, 0x52,
  0x00, 0x00, 0x00, 0x00, 0x00, 0x00, 0x00, 0x00, 0x00, 0x00, 0x00, 0x00, 0x00, 0x00, 0xf8, 0xff,
  0xff, 0xff, 0xff, 0x52, 0x00, 0x00, 0x00, 0x00, 0x00, 0x00, 0x00, 0x00, 0x00, 0x00, 0x00, 0x00,
  0x00, 0x00, 0xf8, 0xff, 0xff, 0xff, 0xff, 0x52, 0x00, 0x00, 0x00, 0x00, 0x00, 0x00, 0x00, 0x00,
  0x00, 0x00, 0x00, 0x00, 0x00, 0x00, 0xf8, 0xff, 0xff, 0xff, 0xff, 0x52, 0x00, 0x00, 0x00, 0x00,
  0x00, 0x00, 0x00, 0x00, 0x00, 0x00, 0x00, 0x00, 0x00, 0x00, 0xf8, 0xff, 0xff, 0xff, 0xff, 0x52,
  0x00, 0x00, 0x00, 0x00, 0x00, 0x00, 0x00, 0x00, 0x00, 0x00, 0x00, 0x00, 0x00, 0x00, 0xf8, 0xff,
  0xff, 0xff, 0xff, 0x52, 0x00, 0x00, 0x00, 0x00, 0x00, 0x00, 0x00, 0x00, 0x00, 0x00, 0x00, 0x00,
  0x00, 0x00, 0xf8, 0xff, 0xff, 0xff, 0xff, 0x52, 0x00, 0x00, 0x00, 0x00, 0x00, 0x00, 0x00, 0x00,
  0x00, 0x00, 0x00, 0x00, 0x00, 0x00, 0xf8, 0xff, 0xff, 0xff, 0xff, 0x52, 0x00, 0x00, 0x00, 0x00,
  0x00, 0x00, 0x00, 0x00, 0x00, 0x00, 0x00, 0x00, 0x00, 0x00, 0xf8, 0xff, 0xff, 0xff, 0xff, 0x52,
  0x00, 0x00, 0x00, 0x00, 0x00, 0x00, 0x00, 0x00, 0x00, 0x00, 0x00, 0x00, 0x00, 0x00, 0xf8, 0xff,
  0xff, 0xff, 0xff, 0x52, 0x00, 0x00, 0x00, 0x00, 0x00, 0x00, 0x00, 0x00, 0x00, 0x00, 0x00, 0x00,
  0x00, 0x00, 0xf8, 0xff, 0xff, 0xff, 0xff, 0x52, 0x00, 0x00, 0x00, 0x00, 0x00, 0x00, 0x00, 0x00,
  0x00, 0x00, 0x00, 0x00, 0x00, 0x00, 0x00, 0x0f, 0x45, 0x61, 0x66, 0x51, 0x20, 0x00, 0x00, 0x00,
  0x00, 0x00, 0x00, 0x00, 0x00, 0x00, 0x00, 0x00, 0x00, 0x00, 0x00, 0x00, 0x2f, 0xad, 0xfa, 0xff,
  0xff, 0xff, 0xff, 0xff, 0xc5, 0x2e, 0x00, 0x00, 0xb6, 0xd5, 0xd5, 0xd5, 0xd5, 0x5c, 0x00, 0x00,
  0x00, 0x00, 0x7a, 0xfb, 0xff, 0xff, 0xff, 0xff, 0xff, 0xff, 0xff, 0xff, 0xf2, 0x40, 0x00, 0xdb,
  0xff, 0xff, 0xff, 0xff, 0x6f, 0x00, 0x00, 0x00, 0x8b, 0xff, 0xff, 0xff, 0xff, 0xff, 0xff, 0xff,
  0xff, 0xff, 0xff, 0xff, 0xe4, 0x0e, 0xdb, 0xff, 0xff, 0xff, 0xff, 0x6f, 0x00, 0x00, 0x57, 0xff,
  0xff, 0xff, 0xff, 0xff, 0xff, 0xff, 0xff, 0xff, 0xff, 0xff, 0xff, 0xff, 0xde, 0xf8, 0xff, 0xff,
  0xff, 0xff, 0x6f, 0x00, 0x0a, 0xe8, 0xff, 0xff, 0xff, 0xff, 0xff, 0xff, 0xf3, 0xba, 0xa4, 0xb3,
  0xe9, 0xff, 0xff, 0xff, 0xff, 0xff, 0xff, 0xff, 0xff, 0x6f, 0x00, 0x69, 0xff, 0xff, 0xff, 0xff,
  0xff, 0xfc, 0x7e, 0x0a, 0x00, 0x00, 0x00, 0x02, 0x5d, 0xf0, 0xff, 0xff, 0xff, 0xff, 0xff, 0xff,
  0x6f, 0x00, 0xbe, 0xff, 0xff, 0xff, 0xff, 0xff, 0x5a, 0x00, 0x00, 0x00, 0x00, 0x00, 0x00, 0x00,
  0x31, 0xf6, 0xff, 0xff, 0xff, 0xff, 0xff, 0x6f, 0x03, 0xf8, 0xff, 0xff, 0xff, 0xff, 0xb0, 0x00,
  0x00, 0x00, 0x00, 0x00, 0x00, 0x00, 0x00, 0x00, 0x7e, 0xff, 0xff, 0xff, 0xff, 0xff, 0x6f, 0x22,
  0xff, 0xff, 0xff, 0xff, 0xff, 0x4f, 0x00, 0x00, 0x00, 0x00, 0x00, 0x00, 0x00, 0x00, 0x00, 0x1d,
  0xff, 0xff, 0xff, 0xff, 0xff, 0x6f, 0x33, 0xff, 0xff, 0xff, 0xff, 0xff, 0x1f, 0x00, 0x00, 0x00,
  0x00, 0x00, 0x00, 0x00, 0x00, 0x00, 0x00, 0xec, 0xff, 0xff, 0xff, 0xff, 0x6f, 0x3c, 0xff, 0xff,
  0xff, 0xff, 0xff, 0x0f, 0x00, 0x00, 0x00, 0x00, 0x00, 0x00, 0x00, 0x00, 0x00, 0x00, 0xdc, 0xff,
  0xff, 0xff, 0xff, 0x6f, 0x36, 0xff, 0xff, 0xff, 0xff, 0xff, 0x1b, 0x00, 0x00, 0x00, 0x00, 0x00,
  0x00, 0x00, 0x00, 0x00, 0x00, 0xe8, 0xff, 0xff, 0xff, 0xff, 0x6f, 0x28, 0xff, 0xff, 0xff, 0xff,
  0xff, 0x44, 0x00, 0x00, 0x00, 0x00, 0x00, 0x00, 0x00, 0x00, 0x00, 0x13, 0xfe, 0xff, 0xff, 0xff,
  0xff, 0x6f, 0x08, 0xfd, 0xff, 0xff, 0xff, 0xff, 0x9b, 0x00, 0x00, 0x00, 0x00, 0x00, 0x00, 0x00,
  0x00, 0x00, 0x6a, 0xff, 0xff, 0xff, 0xff, 0xff, 0x6f, 0x00, 0xd2, 0xff, 0xff, 0xff, 0xff, 0xfb,
  0x3b, 0x00, 0x00, 0x00, 0x00, 0x00, 0x00, 0x00, 0x1b, 0xe9, 0xff, 0xff, 0xff, 0xff, 0xff, 0x6f,
  0x00, 0x87, 0xff, 0xff, 0xff, 0xff, 0xff, 0xf0, 0x53, 0x00, 0x00, 0x00, 0x00, 0x00, 0x33, 0xdc,
  0xff, 0xff, 0xff, 0xff, 0xff, 0xff, 0x6f, 0x00, 0x21, 0xfb, 0xff, 0xff, 0xff, 0xff, 0xff, 0xff,
  0xd3, 0x8f, 0x79, 0x88, 0xc0, 0xfe, 0xff, 0xff, 0xff, 0xff, 0xff, 0xff, 0xff, 0x6f, 0x00, 0x00,
  0x90, 0xff, 0xff, 0xff, 0xff, 0xff, 0xff, 0xff, 0xff, 0xff, 0xff, 0xff, 0xff, 0xff, 0xfc, 0xff,
  0xff, 0xff, 0xff, 0xff, 0x6f, 0x00, 0x00, 0x09, 0xce, 0xff, 0xff, 0xff, 0xff, 0xff, 0xff, 0xff,
  0xff, 0xff, 0xff, 0xff, 0xf6, 0x21, 0xdb, 0xff, 0xff, 0xff, 0xff, 0x6f, 0x00, 0x00, 0x00, 0x14,
  0xc8, 0xff, 0xff, 0xff, 0xff, 0xff, 0xff, 0xff, 0xff, 0xff, 0xfe, 0x5b, 0x00, 0xdb, 0xff, 0xff,
  0xff, 0xff, 0x6f, 0x00, 0x00, 0x00, 0x00, 0x05, 0x77, 0xec, 0xff, 0xff, 0xff, 0xff, 0xff, 0xff,
  0xe6, 0x4e, 0x00, 0x00, 0xdb, 0xff, 0xff, 0xff, 0xff, 0x6f, 0x00, 0x00, 0x00, 0x00, 0x00, 0x00,
  0x05, 0x46, 0x79, 0x90, 0x8e, 0x79, 0x48, 0x06, 0x00, 0x00, 0x00, 0xdb, 0xff, 0xff, 0xff, 0xff,
  0x6f, 0x00, 0x00, 0x00, 0x00, 0x00, 0x00, 0x00, 0x00, 0x00, 0x00, 0x00, 0x00, 0x00, 0x00, 0x00,
  0x00, 0x00, 0xdb, 0xff, 0xff, 0xff, 0xff, 0x6f, 0x00, 0x00, 0x00, 0x00, 0x00, 0x00, 0x00, 0x00,
  0x00, 0x00, 0x00, 0x00, 0x00, 0x00, 0x00, 0x00, 0x03, 0xeb, 0xff, 0xff, 0xff, 0xff, 0x6f, 0x00,
  0x00, 0x00, 0x00, 0x00, 0x87, 0xa3, 0xa3, 0xa3, 0xa3, 0xa3, 0xa3, 0xa3, 0xa3, 0xa3, 0xa3, 0xc7,
  0xff, 0xff, 0xff, 0xff, 0xff, 0x6f, 0x00, 0x00, 0x00, 0x00, 0x00, 0xd3, 0xff, 0xff, 0xff, 0xff,
  0xff, 0xff, 0xff, 0xff, 0xff, 0xff, 0xff, 0xff, 0xff, 0xff, 0xff, 0xff, 0x6f, 0x00, 0x00, 0x00,
  0x00, 0x00, 0xd3, 0xff, 0xff, 0xff, 0xff, 0xff, 0xff, 0xff, 0xff, 0xff, 0xff, 0xff, 0xff, 0xff,
  0xff, 0xff, 0xff, 0x66, 0x00, 0x00, 0x00, 0x00, 0x00, 0xd3, 0xff, 0xff, 0xff, 0xff, 0xff, 0xff,
  0xff, 0xff, 0xff, 0xff, 0xff, 0xff, 0xff, 0xff, 0xff, 0xfe, 0x28, 0x00, 0x00, 0x00, 0x00, 0x00,
  0xd3, 0xff, 0xff, 0xff, 0xff, 0xff, 0xff, 0xff, 0xff, 0xff, 0xff, 0xff, 0xff, 0xff, 0xff, 0xfd,
  0x76, 0x00, 0x00, 0x00, 0x00, 0x00, 0x00, 0x54, 0x66, 0x66, 0x66, 0x66, 0x66, 0x66, 0x66, 0x66,
  0x66, 0x66, 0x66, 0x66, 0x66, 0x5f, 0x25, 0x00, 0x00, 0x41, 0x66, 0x66, 0x66, 0x66, 0x42, 0x00,
  0x00, 0x00, 0x00, 0x00, 0x00, 0x00, 0x00, 0x00, 0x00, 0x00, 0x00, 0x00, 0x00, 0xa3, 0xff, 0xff,
  0xff, 0xff, 0xa6, 0x00, 0x00, 0x00, 0x00, 0x00, 0x00, 0x00, 0x00, 0x00, 0x00, 0x00, 0x00, 0x00,
  0x00, 0xa3, 0xff, 0xff, 0xff, 0xff, 0xa6, 0x00, 0x00, 0x00, 0x00, 0x00, 0x00, 0x00, 0x00, 0x00,
  0x00, 0x00, 0x00, 0x00, 0x00, 0xa3, 0xff, 0xff, 0xff, 0xff, 0xa6, 0x00, 0x00, 0x00, 0x00, 0x00,
  0x00, 0x00, 0x00, 0x00, 0x00, 0x00, 0x00, 0x00, 0x00, 0xa3, 0xff, 0xff, 0xff, 0xff, 0xa6, 0x00,
  0x00, 0x00, 0x00, 0x00, 0x00, 0x00, 0x00, 0x00, 0x00, 0x00, 0x00, 0x00, 0x00, 0xa3, 0xff, 0xff,
  0xff, 0xff, 0xa6, 0x00, 0x00, 0x00, 0x00, 0x00, 0x00, 0x00, 0x00, 0x00, 0x00, 0x00, 0x00, 0x00,
  0x00, 0xa3, 0xff, 0xff, 0xff, 0xff, 0xa6, 0x00, 0x00, 0x00, 0x00, 0x00, 0x00, 0x00, 0x00, 0x00,
  0x00, 0x00, 0x00, 0x00, 0x00, 0xa3, 0xff, 0xff, 0xff, 0xff, 0xa6, 0x00, 0x00, 0x00, 0x00, 0x00,
  0x00, 0x00, 0x00, 0x00, 0x00, 0x00, 0x00, 0x00, 0x00, 0xa3, 0xff, 0xff, 0xff, 0xff, 0xa6, 0x00,
  0x00, 0x00, 0x00, 0x25, 0x57, 0x67, 0x57, 0x2c, 0x00, 0x00, 0x00, 0x00, 0x00, 0xa3, 0xff, 0xff,
  0xff, 0xff, 0xa6, 0x00, 0x00, 0x35, 0xc7, 0xff, 0xff, 0xff, 0xff, 0xff, 0xda, 0x57, 0x00, 0x00,
  0x00, 0xa3, 0xff, 0xff, 0xff, 0xff, 0xa6, 0x00, 0x4a, 0xf9, 0xff, 0xff, 0xff, 0xff, 0xff, 0xff,
  0xff, 0xff, 0x92, 0x00, 0x00, 0xa3, 0xff, 0xff, 0xff, 0xff, 0xa6, 0x1a, 0xf0, 0xff, 0xff, 0xff,
  0xff, 0xff, 0xff, 0xff, 0xff, 0xff, 0xff, 0x6a, 0x00, 0xa3, 0xff, 0xff, 0xff, 0xff, 0xd0, 0xb7,
  0xff, 0xff, 0xff, 0xff, 0xff, 0xff, 0xff, 0xff, 0xff, 0xff, 0xff, 0xeb, 0x08, 0xa4, 0xff, 0xff,
  0xff, 0xff, 0xff, 0xff, 0xff, 0xb5, 0x72, 0x64, 0x86, 0xe2, 0xff, 0xff, 0xff, 0xff, 0xff, 0xff,
  0x52, 0xa4, 0xff, 0xff, 0xff, 0xff, 0xff, 0xf9, 0x4c, 0x00, 0x00, 0x00, 0x00, 0x0a, 0xbe, 0xff,
  0xff, 0xff, 0xff, 0xff, 0x8c, 0xa3, 0xff, 0xff, 0xff, 0xff, 0xff, 0x7f, 0x00, 0x00, 0x00, 0x00,
  0x00, 0x00, 0x1b, 0xfa, 0xff, 0xff, 0xff, 0xff, 0xac, 0xa3, 0xff, 0xff, 0xff, 0xff, 0xfa, 0x13,
  0x00, 0x00, 0x00, 0x00, 0x00, 0x00, 0x00, 0xba, 0xff, 0xff, 0xff, 0xff, 0xbd, 0xa3, 0xff, 0xff,
  0xff, 0xff, 0xce, 0x00, 0x00, 0x00, 0x00, 0x00, 0x00, 0x00, 0x00, 0x92, 0xff, 0xff, 0xff, 0xff,
  0xc3, 0xa3, 0xff, 0xff, 0xff, 0xff, 0xb0, 0x00, 0x00, 0x00, 0x00, 0x00, 0x00, 0x00, 0x00, 0x87,
  0xff, 0xff, 0xff, 0xff, 0xc3, 0xa3, 0xff, 0xff, 0xff, 0xff, 0xa7, 0x00, 0x00, 0x00, 0x00, 0x00,
  0x00, 0x00, 0x00, 0x87, 0xff, 0xff, 0xff, 0xff, 0xc3, 0xa3, 0xff, 0xff, 0xff, 0xff, 0xa6, 0x00,
  0x00, 0x00, 0x00, 0x00, 0x00, 0x00, 0x00, 0x87, 0xff, 0xff, 0xff, 0xff, 0xc3, 0xa3, 0xff, 0xff,
  0xff, 0xff, 0xa6, 0x00, 0x00, 0x00, 0x00, 0x00, 0x00, 0x00, 0x00, 0x87, 0xff, 0xff, 0xff, 0xff,
  0xc3, 0xa3, 0xff, 0xff, 0xff, 0xff, 0xa6, 0x00, 0x00, 0x00, 0x00, 0x00, 0x00, 0x00, 0x00, 0x87,
  0xff, 0xff, 0xff, 0xff, 0xc3, 0xa3, 0xff, 0xff, 0xff, 0xff, 0xa6, 0x00, 0x00, 0x00, 0x00, 0x00,
  0x00, 0x00, 0x00, 0x87, 0xff, 0xff, 0xff, 0xff, 0xc3, 0xa3, 0xff, 0xff, 0xff, 0xff, 0xa6, 0x00,
  0x00, 0x00, 0x00, 0x00, 0x00, 0x00, 0x00, 0x87, 0xff, 0xff, 0xff, 0xff, 0xc3, 0xa3, 0xff, 0xff,
  0xff, 0xff, 0xa6, 0x00, 0x00, 0x00, 0x00, 0x00, 0x00, 0x00, 0x00, 0x87, 0xff, 0xff, 0xff, 0xff,
  0xc3, 0xa3, 0xff, 0xff, 0xff, 0xff, 0xa6, 0x00, 0x00, 0x00, 0x00, 0x00, 0x00, 0x00, 0x00, 0x87,
  0xff, 0xff, 0xff, 0xff, 0xc3, 0xa3, 0xff, 0xff, 0xff, 0xff, 0xa6, 0x00, 0x00, 0x00, 0x00, 0x00,
  0x00, 0x00, 0x00, 0x87, 0xff, 0xff, 0xff, 0xff, 0xc3, 0xa3, 0xff, 0xff, 0xff, 0xff, 0xa6, 0x00,
  0x00, 0x00, 0x00, 0x00, 0x00, 0x00, 0x00, 0x87, 0xff, 0xff, 0xff, 0xff, 0xc3, 0xa3, 0xff, 0xff,
  0xff, 0xff, 0xa6, 0x00, 0x00, 0x00, 0x00, 0x00, 0x00, 0x00, 0x00, 0x87, 0xff, 0xff, 0xff, 0xff,
  0xc3, 0x00, 0x00, 0x00, 0x00, 0x00, 0x00, 0x00, 0x09, 0x8b, 0xe4, 0xf8, 0xcd, 0x51, 0x00, 0x00,
  0x00, 0x00, 0x00, 0x00, 0x00, 0x00, 0x00, 0x00, 0x00, 0x00, 0x00, 0x04, 0xc1, 0xff, 0xff, 0xff,
  0xff, 0xff, 0x67, 0x00, 0x00, 0x00, 0x00, 0x00, 0x00, 0x00, 0x00, 0x00, 0x00, 0x00, 0x00, 0x5f,
  0xff, 0xff, 0xff, 0xff, 0xff, 0xff, 0xf3, 0x0d, 0x00, 0x00, 0x00, 0x00, 0x00, 0x00, 0x00, 0x00,
  0x00, 0x00, 0x00, 0xa0, 0xff, 0xff, 0xff, 0xff, 0xff, 0xff, 0xff, 0x41, 0x00, 0x00, 0x00, 0x00,
  0x00, 0x00, 0x00, 0x00, 0x00, 0x00, 0x00, 0xa0, 0xff, 0xff, 0xff, 0xff, 0xff, 0xff, 0xff, 0x40,
  0x00, 0x00, 0x00, 0x00, 0x00, 0x00, 0x00, 0x00, 0x00, 0x00, 0x00, 0x5e, 0xff, 0xff, 0xff, 0xff,
  0xff, 0xff, 0xf2, 0x0c, 0x00, 0x00, 0x00, 0x00, 0x00, 0x00, 0x00, 0x00, 0x00, 0x00, 0x00, 0x04,
  0xbf, 0xff, 0xff, 0xff, 0xff, 0xff, 0x65, 0x00, 0x00, 0x00, 0x00, 0x00, 0x00, 0x00, 0x00, 0x00,
  0x00, 0x00, 0x00, 0x00, 0x08, 0x88, 0xe1, 0xf5, 0xca, 0x4f, 0x00, 0x00, 0x00, 0x00, 0x00, 0x00,
  0x00, 0x00, 0x00, 0x00, 0x00, 0x00, 0x00, 0x00, 0x00, 0x00, 0x00, 0x00, 0x00, 0x00, 0x00, 0x00,
  0x00, 0x00, 0x00, 0x00, 0x00, 0x00, 0x00, 0x00, 0x00, 0x00, 0x00, 0x00, 0x00, 0x00, 0x00, 0x00,
  0x00, 0x00, 0x00, 0x00, 0x00, 0x00, 0x00, 0x00, 0x00, 0x00, 0xb3, 0xd5, 0xd5, 0xd5, 0xd5, 0xd5,
  0xd5, 0xd5, 0xd5, 0xd5, 0xd5, 0xd5, 0x00, 0x00, 0x00, 0x00, 0x00, 0x00, 0x00, 0x00, 0xd7, 0xff,
  0xff, 0xff, 0xff, 0xff, 0xff, 0xff, 0xff, 0xff, 0xff, 0xff, 0x00, 0x00, 0x00, 0x00, 0x00, 0x00,
  0x00, 0x00, 0xd7, 0xff, 0xff, 0xff, 0xff, 0xff, 0xff, 0xff, 0xff, 0xff, 0xff, 0xff, 0x00, 0x00,
  0x00, 0x00, 0x00, 0x00, 0x00, 0x00, 0xd7, 0xff, 0xff, 0xff, 0xff, 0xff, 0xff, 0xff, 0xff, 0xff,
  0xff, 0xff, 0x00, 0x00, 0x00, 0x00, 0x00, 0x00, 0x00, 0x00, 0xd7, 0xff, 0xff, 0xff, 0xff, 0xff,
  0xff, 0xff, 0xff, 0xff, 0xff, 0xff, 0x00, 0x00, 0x00, 0x00, 0x00, 0x00, 0x00, 0x00, 0x2c, 0x35,
  0x35, 0x35, 0x35, 0x35, 0x70, 0xff, 0xff, 0xff, 0xff, 0xff, 0x00, 0x00, 0x00, 0x00, 0x00, 0x00,
  0x00, 0x00, 0x00, 0x00, 0x00, 0x00, 0x00, 0x00, 0x4a, 0xff, 0xff, 0xff, 0xff, 0xff, 0x00, 0x00,
  0x00, 0x00, 0x00, 0x00, 0x00, 0x00, 0x00, 0x00, 0x00, 0x00, 0x00, 0x00, 0x4a, 0xff, 0xff, 0xff,
  0xff, 0xff, 0x00, 0x00, 0x00, 0x00, 0x00, 0x00, 0x00, 0x00, 0x00, 0x00, 0x00, 0x00, 0x00, 0x00,
  0x4a, 0xff, 0xff, 0xff, 0xff, 0xff, 0x00, 0x00, 0x00, 0x00, 0x00, 0x00, 0x00, 0x00, 0x00, 0x00,
  0x00, 0x00, 0x00, 0x00, 0x4a, 0xff, 0xff, 0xff, 0xff, 0xff, 0x00, 0x00, 0x00, 0x00, 0x00, 0x00,
  0x00, 0x00, 0x00, 0x00, 0x00, 0x00, 0x00, 0x00, 0x4a, 0xff, 0xff, 0xff, 0xff, 0xff, 0x00, 0x00,
  0x00, 0x00, 0x00, 0x00, 0x00, 0x00, 0x00, 0x00, 0x00, 0x00, 0x00, 0x00, 0x4a, 0xff, 0xff, 0xff,
  0xff, 0xff, 0x00, 0x00, 0x00, 0x00, 0x00, 0x00, 0x00, 0x00, 0x00, 0x00, 0x00, 0x00, 0x00, 0x00,
  0x4a, 0xff, 0xff, 0xff, 0xff, 0xff, 0x00, 0x00, 0x00, 0x00, 0x00, 0x00, 0x00, 0x00, 0x00, 0x00,
  0x00, 0x00, 0x00, 0x00, 0x4a, 0xff, 0xff, 0xff, 0xff, 0xff, 0x00, 0x00, 0x00, 0x00, 0x00, 0x00,
  0x00, 0x00, 0x00, 0x00, 0x00, 0x00, 0x00, 0x00, 0x4a, 0xff, 0xff, 0xff, 0xff, 0xff, 0x00, 0x00,
  0x00, 0x00, 0x00, 0x00, 0x00, 0x03, 0x0a, 0x0a, 0x0a, 0x0a, 0x0a, 0x0a, 0x51, 0xff, 0xff, 0xff,
  0xff, 0xff, 0x0a, 0x0a, 0x0a, 0x0a, 0x0a, 0x0a, 0x00, 0x58, 0xff, 0xff, 0xff, 0xff, 0xff, 0xff,
  0xff, 0xff, 0xff, 0xff, 0xff, 0xff, 0xff, 0xff, 0xff, 0xff, 0xff, 0xff, 0x0c, 0x58, 0xff, 0xff,
  0xff, 0xff, 0xff, 0xff, 0xff, 0xff, 0xff, 0xff, 0xff, 0xff, 0xff, 0xff, 0xff, 0xff, 0xff, 0xff,
  0x0c, 0x58, 0xff, 0xff, 0xff, 0xff, 0xff, 0xff, 0xff, 0xff, 0xff, 0xff, 0xff, 0xff, 0xff, 0xff,
  0xff, 0xff, 0xff, 0xff, 0x0c, 0x58, 0xff, 0xff, 0xff, 0xff, 0xff, 0xff, 0xff, 0xff, 0xff, 0xff,
  0xff, 0xff, 0xff, 0xff, 0xff, 0xff, 0xff, 0xff, 0x0c, 0x58, 0xff, 0xff, 0xff, 0xff, 0xff, 0xff,
  0xff, 0xff, 0xff, 0xff, 0xff, 0xff, 0xff, 0xff, 0xff, 0xff, 0xff, 0xff, 0x0c, 0x00, 0x00, 0x00,
  0x00, 0x00, 0x00, 0x00, 0x00, 0x00, 0x30, 0xb8, 0xf4, 0xef, 0xa6, 0x1d, 0x00, 0x00, 0x00, 0x00,
  0x00, 0x00, 0x00, 0x00, 0x00, 0x35, 0xf6, 0xff, 0xff, 0xff, 0xff, 0xe6, 0x1b, 0x00, 0x00, 0x00,
  0x00, 0x00, 0x00, 0x00, 0x00, 0xc5, 0xff, 0xff, 0xff, 0xff, 0xff, 0xff, 0x9b, 0x00, 0x00, 0x00,
  0x00, 0x00, 0x00, 0x00, 0x07, 0xfe, 0xff, 0xff, 0xff, 0xff, 0xff, 0xff, 0xdc, 0x00, 0x00, 0x00,
  0x00, 0x00, 0x00, 0x00, 0x07, 0xfe, 0xff, 0xff, 0xff, 0xff, 0xff, 0xff, 0xdb, 0x00, 0x00, 0x00,
  0x00, 0x00, 0x00, 0x00, 0x00, 0xc3, 0xff, 0xff, 0xff, 0xff, 0xff, 0xff, 0x99, 0x00, 0x00, 0x00,
  0x00, 0x00, 0x00, 0x00, 0x00, 0x33, 0xf5, 0xff, 0xff, 0xff, 0xff, 0xe4, 0x1a, 0x00, 0x00, 0x00,
  0x00, 0x00, 0x00, 0x00, 0x00, 0x00, 0x2e, 0xb5, 0xf1, 0xec, 0xa3, 0x1c, 0x00, 0x00, 0x00, 0x00,
  0x00, 0x00, 0x00, 0x00, 0x00, 0x00, 0x00, 0x00, 0x00, 0x00, 0x00, 0x00, 0x00, 0x00, 0x00, 0x00,
  0x00, 0x00, 0x00, 0x00, 0x00, 0x00, 0x00, 0x00, 0x00, 0x00, 0x00, 0x00, 0x00, 0x00, 0x96, 0xd5,
  0xd5, 0xd5, 0xd5, 0xd5, 0xd5, 0xd5, 0xd5, 0xd5, 0xd5, 0xd5, 0xd5, 0x8a, 0x00, 0x00, 0xb5, 0xff,
  0xff, 0xff, 0xff, 0xff, 0xff, 0xff, 0xff, 0xff, 0xff, 0xff, 0xff, 0xa5, 0x00, 0x00, 0xb5, 0xff,
  0xff, 0xff, 0xff, 0xff, 0xff, 0xff, 0xff, 0xff, 0xff, 0xff, 0xff, 0xa5, 0x00, 0x00, 0xb5, 0xff,
  0xff, 0xff, 0xff, 0xff, 0xff, 0xff, 0xff, 0xff, 0xff, 0xff, 0xff, 0xa5, 0x00, 0x00, 0xb5, 0xff,
  0xff, 0xff, 0xff, 0xff, 0xff, 0xff, 0xff, 0xff, 0xff, 0xff, 0xff, 0xa5, 0x00, 0x00, 0x25, 0x35,
  0x35, 0x35, 0x35, 0x35, 0x35, 0x35, 0xb7, 0xff, 0xff, 0xff, 0xff, 0xa5, 0x00, 0x00, 0x00, 0x00,
  0x00, 0x00, 0x00, 0x00, 0x00, 0x00, 0xa4, 0xff, 0xff, 0xff, 0xff, 0xa5, 0x00, 0x00, 0x00, 0x00,
  0x00, 0x00, 0x00, 0x00, 0x00, 0x00, 0xa4, 0xff, 0xff, 0xff, 0xff, 0xa5, 0x00, 0x00, 0x00, 0x00,
  0x00, 0x00, 0x00, 0x00, 0x00, 0x00, 0xa4, 0xff, 0xff, 0xff, 0xff, 0xa5, 0x00, 0x00, 0x00, 0x00,
  0x00, 0x00, 0x00, 0x00, 0x00, 0x00, 0xa4, 0xff, 0xff, 0xff, 0xff, 0xa5, 0x00, 0x00, 0x00, 0x00,
  0x00, 0x00, 0x00, 0x00, 0x00, 0x00, 0xa4, 0xff, 0xff, 0xff, 0xff, 0xa5, 0x00, 0x00, 0x00, 0x00,
  0x00, 0x00, 0x00, 0x00, 0x00, 0x00, 0xa4, 0xff, 0xff, 0xff, 0xff, 0xa5, 0x00, 0x00, 0x00, 0x00,
  0x00, 0x00, 0x00, 0x00, 0x00, 0x00, 0xa4, 0xff, 0xff, 0xff, 0xff, 0xa5, 0x00, 0x00, 0x00, 0x00,
  0x00, 0x00, 0x00, 0x00, 0x00, 0x00, 0xa4, 0xff, 0xff, 0xff, 0xff, 0xa5, 0x00, 0x00, 0x00, 0x00,
  0x00, 0x00, 0x00, 0x00, 0x00, 0x00, 0xa4, 0xff, 0xff, 0xff, 0xff, 0xa5, 0x00, 0x00, 0x00, 0x00,
  0x00, 0x00, 0x00, 0x00, 0x00, 0x00, 0xa4, 0xff, 0xff, 0xff, 0xff, 0xa5, 0x00, 0x00, 0x00, 0x00,
  0x00, 0x00, 0x00, 0x00, 0x00, 0x00, 0xa4, 0xff, 0xff, 0xff, 0xff, 0xa5, 0x00, 0x00, 0x00, 0x00,
  0x00, 0x00, 0x00, 0x00, 0x00, 0x00, 0xa4, 0xff, 0xff, 0xff, 0xff, 0xa5, 0x00, 0x00, 0x00, 0x00,
  0x00, 0x00, 0x00, 0x00, 0x00, 0x00, 0xa4, 0xff, 0xff, 0xff, 0xff, 0xa5, 0x00, 0x00, 0x00, 0x00,
  0x00, 0x00, 0x00, 0x00, 0x00, 0x00, 0xa4, 0xff, 0xff, 0xff, 0xff, 0xa5, 0x00, 0x00, 0x00, 0x00,
  0x00, 0x00, 0x00, 0x00, 0x00, 0x00, 0xa4, 0xff, 0xff, 0xff, 0xff, 0xa5, 0x00, 0x00, 0x00, 0x00,
  0x00, 0x00, 0x00, 0x00, 0x00, 0x00, 0xa4, 0xff, 0xff, 0xff, 0xff, 0xa5, 0x00, 0x00, 0x00, 0x00,
  0x00, 0x00, 0x00, 0x00, 0x00, 0x00, 0xa4, 0xff, 0xff, 0xff, 0xff, 0xa5, 0x00, 0x00, 0x00, 0x00,
  0x00, 0x00, 0x00, 0x00, 0x00, 0x00, 0xbf, 0xff, 0xff, 0xff, 0xff, 0xa5, 0x00, 0x4c, 0xa3, 0xa3,
  0xa3, 0xa3, 0xa3, 0xa3, 0xa3, 0xbc, 0xff, 0xff, 0xff, 0xff, 0xff, 0xa5, 0x00, 0x76, 0xff, 0xff,
  0xff, 0xff, 0xff, 0xff, 0xff, 0xff, 0xff, 0xff, 0xff, 0xff, 0xff, 0x9e, 0x00, 0x76, 0xff, 0xff,
  0xff, 0xff, 0xff, 0xff, 0xff, 0xff, 0xff, 0xff, 0xff, 0xff, 0xff, 0x7b, 0x00, 0x76, 0xff, 0xff,
  0xff, 0xff, 0xff, 0xff, 0xff, 0xff, 0xff, 0xff, 0xff, 0xff, 0xf8, 0x21, 0x00, 0x76, 0xff, 0xff,
  0xff, 0xff, 0xff, 0xff, 0xff, 0xff, 0xff, 0xff, 0xff, 0xeb, 0x4c, 0x00, 0x00, 0x2f, 0x66, 0x66,
  0x66, 0x66, 0x66, 0x66, 0x66, 0x66, 0x66, 0x63, 0x47, 0x09, 0x00, 0x00, 0x00, 0x04, 0x66, 0x66,
  0x66, 0x66, 0x66, 0x19, 0x00, 0x00, 0x00, 0x00, 0x00, 0x00, 0x00, 0x00, 0x00, 0x00, 0x00, 0x00,
  0x00, 0x0b, 0xff, 0xff, 0xff, 0xff, 0xff, 0x3f, 0x00, 0x00, 0x00, 0x00, 0x00, 0x00, 0x00, 0x00,
  0x00, 0x00, 0x00, 0x00, 0x00, 0x0b, 0xff, 0xff, 0xff, 0xff, 0xff, 0x3f, 0x00, 0x00, 0x00, 0x00,
  0x00, 0x00, 0x00, 0x00, 0x00, 0x00, 0x00, 0x00, 0x00, 0x0b, 0xff, 0xff, 0xff, 0xff, 0xff, 0x3f,
  0x00, 0x00, 0x00, 0x00, 0x00, 0x00, 0x00, 0x00, 0x00, 0x00, 0x00, 0x00, 0x00, 0x0b, 0xff, 0xff,
  0xff, 0xff, 0xff, 0x3f, 0x00, 0x00, 0x00, 0x00, 0x00, 0x00, 0x00, 0x00, 0x00, 0x00, 0x00, 0x00,
  0x00, 0x0b, 0xff, 0xff, 0xff, 0xff, 0xff, 0x3f, 0x00, 0x00, 0x00, 0x00, 0x00, 0x00, 0x00, 0x00,
  0x00, 0x00, 0x00, 0x00, 0x00, 0x0b, 0xff, 0xff, 0xff, 0xff, 0xff, 0x3f, 0x00, 0x00, 0x00, 0x00,
  0x00, 0x00, 0x00, 0x00, 0x00, 0x00, 0x00, 0x00, 0x00, 0x0b, 0xff, 0xff, 0xff, 0xff, 0xff, 0x3f,
  0x00, 0x00, 0x00, 0x00, 0x00, 0x00, 0x00, 0x00, 0x00, 0x00, 0x00, 0x00, 0x00, 0x0b, 0xff, 0xff,
  0xff, 0xff, 0xff, 0x3f, 0x00, 0x00, 0x00, 0x00, 0x00, 0x00, 0x00, 0x00, 0x00, 0x00, 0x00, 0x00,
  0x00, 0x0b, 0xff, 0xff, 0xff, 0xff, 0xff, 0x3f, 0x00, 0x00, 0x00, 0x00, 0x00, 0x6b, 0xd5, 0xd5,
  0xd5, 0xd5, 0xd5, 0x60, 0x00, 0x0b, 0xff, 0xff, 0xff, 0xff, 0xff, 0x3f, 0x00, 0x00, 0x00, 0x00,
  0x31, 0xf9, 0xff, 0xff, 0xff, 0xff, 0xcf, 0x06, 0x00, 0x0b, 0xff, 0xff, 0xff, 0xff, 0xff, 0x3f,
  0x00, 0x00, 0x00, 0x0b, 0xd8, 0xff, 0xff, 0xff, 0xff, 0xf6, 0x2a, 0x00, 0x00, 0x0b, 0xff, 0xff,
  0xff, 0xff, 0xff, 0x3f, 0x00, 0x00, 0x00, 0x9e, 0xff, 0xff, 0xff, 0xff, 0xff, 0x6c, 0x00, 0x00,
  0x00, 0x0b, 0xff, 0xff, 0xff, 0xff, 0xff, 0x3f, 0x00, 0x00, 0x57, 0xff, 0xff, 0xff, 0xff, 0xff,
  0xb7, 0x00, 0x00, 0x00, 0x00, 0x0b, 0xff, 0xff, 0xff, 0xff, 0xff, 0x3f, 0x00, 0x20, 0xf0, 0xff,
  0xff, 0xff, 0xff, 0xeb, 0x18, 0x00, 0x00, 0x00, 0x00, 0x0b, 0xff, 0xff, 0xff, 0xff, 0xff, 0x3f,
  0x04, 0xc6, 0xff, 0xff, 0xff, 0xff, 0xff, 0x4f, 0x00, 0x00, 0x00, 0x00, 0x00, 0x0b, 0xff, 0xff,
  0xff, 0xff, 0xff, 0x63, 0x8d, 0xff, 0xff, 0xff, 0xff, 0xff, 0x9a, 0x00, 0x00, 0x00, 0x00, 0x00,
  0x00, 0x0b, 0xff, 0xff, 0xff, 0xff, 0xff, 0xff, 0xff, 0xff, 0xff, 0xff, 0xff, 0xda, 0x0b, 0x00,
  0x00, 0x00, 0x00, 0x00, 0x00, 0x0b, 0xff, 0xff, 0xff, 0xff, 0xff, 0xff, 0xff, 0xff, 0xff, 0xff,
  0xfb, 0x36, 0x00, 0x00, 0x00, 0x00, 0x00, 0x00, 0x00, 0x0b, 0xff, 0xff, 0xff, 0xff, 0xff, 0xff,
  0xff, 0xff, 0xff, 0xff, 0xe6, 0x01, 0x00, 0x00, 0x00, 0x00, 0x00, 0x00, 0x00, 0x0b, 0xff, 0xff,
  0xff, 0xff, 0xff, 0xff, 0xff, 0xff, 0xff, 0xff, 0xff, 0x75, 0x00, 0x00, 0x00, 0x00, 0x00, 0x00,
  0x00, 0x0b, 0xff, 0xff, 0xff, 0xff, 0xff, 0xe3, 0xf4, 0xff, 0xff, 0xff, 0xff, 0xfa, 0x36, 0x00,
  0x00, 0x00, 0x00, 0x00, 0x00, 0x0b, 0xff, 0xff, 0xff, 0xff, 0xff, 0x3f, 0x46, 0xfe, 0xff, 0xff,
  0xff, 0xff, 0xde, 0x0f, 0x00, 0x00, 0x00, 0x00, 0x00, 0x0b, 0xff, 0xff, 0xff, 0xff, 0xff, 0x3f,
  0x00, 0x89, 0xff, 0xff, 0xff, 0xff, 0xff, 0xaa, 0x00, 0x00, 0x00, 0x00, 0x00, 0x0b, 0xff, 0xff,
  0xff, 0xff, 0xff, 0x3f, 0x00, 0x05, 0xc9, 0xff, 0xff, 0xff, 0xff, 0xff, 0x67, 0x00, 0x00, 0x00,
  0x00, 0x0b, 0xff, 0xff, 0xff, 0xff, 0xff, 0x3f, 0x00, 0x00, 0x21, 0xf1, 0xff, 0xff, 0xff, 0xff,
  0xf6, 0x2c, 0x00, 0x00, 0x00, 0x0b, 0xff, 0xff, 0xff, 0xff, 0xff, 0x3f, 0x00, 0x00, 0x00, 0x57,
  0xff, 0xff, 0xff, 0xff, 0xff, 0xd5, 0x0a, 0x00, 0x00, 0x0b, 0xff, 0xff, 0xff, 0xff, 0xff, 0x3f,
  0x00, 0x00, 0x00, 0x00, 0x9c, 0xff, 0xff, 0xff, 0xff, 0xff, 0x9c, 0x00, 0x00, 0x0b, 0xff, 0xff,
  0xff, 0xff, 0xff, 0x3f, 0x00, 0x00, 0x00, 0x00, 0x0a, 0xd6, 0xff, 0xff, 0xff, 0xff, 0xff, 0x59,
  0x00, 0x0b, 0xff, 0xff, 0xff, 0xff, 0xff, 0x3f, 0x00, 0x00, 0x00, 0x00, 0x00, 0x2d, 0xf7, 0xff,
  0xff, 0xff, 0xff, 0xf2, 0x1d, 0x3d, 0x66, 0x66, 0x66, 0x66, 0x66, 0x66, 0x66, 0x66, 0x66, 0x66,
  0x66, 0x4c, 0x00, 0x00, 0x00, 0x00, 0x00, 0x00, 0x00, 0x99, 0xff, 0xff, 0xff, 0xff, 0xff, 0xff,
  0xff, 0xff, 0xff, 0xff, 0xff, 0xc0, 0x00, 0x00, 0x00, 0x00, 0x00, 0x00, 0x00, 0x99, 0xff, 0xff,
  0xff, 0xff, 0xff, 0xff, 0xff, 0xff, 0xff, 0xff, 0xff, 0xc0, 0x00, 0x00, 0x00, 0x00, 0x00, 0x00,
  0x00, 0x99, 0xff, 0xff, 0xff, 0xff, 0xff, 0xff, 0xff, 0xff, 0xff, 0xff, 0xff, 0xc0, 0x00, 0x00,
  0x00, 0x00, 0x00, 0x00, 0x00, 0x99, 0xff, 0xff, 0xff, 0xff, 0xff, 0xff, 0xff, 0xff, 0xff, 0xff,
  0xff, 0xc0, 0x00, 0x00, 0x00, 0x00, 0x00, 0x00, 0x00, 0x62, 0xa3, 0xa3, 0xa3, 0xa3, 0xa3, 0xa3,
  0xd5, 0xff, 0xff, 0xff, 0xff, 0xc0, 0x00, 0x00, 0x00, 0x00, 0x00, 0x00, 0x00, 0x00, 0x00, 0x00,
  0x00, 0x00, 0x00, 0x00, 0x8a, 0xff, 0xff, 0xff, 0xff, 0xc0, 0x00, 0x00, 0x00, 0x00, 0x00, 0x00,
  0x00, 0x00, 0x00, 0x00, 0x00, 0x00, 0x00, 0x00, 0x8a, 0xff, 0xff, 0xff, 0xff, 0xc0, 0x00, 0x00,
  0x00, 0x00, 0x00, 0x00, 0x00, 0x00, 0x00, 0x00, 0x00, 0x00, 0x00, 0x00, 0x8a, 0xff, 0xff, 0xff,
  0xff, 0xc0, 0x00, 0x00, 0x00, 0x00, 0x00, 0x00, 0x00, 0x00, 0x00, 0x00, 0x00, 0x00, 0x00, 0x00,
  0x8a, 0xff, 0xff, 0xff, 0xff, 0xc0, 0x00, 0x00, 0x00, 0x00, 0x00, 0x00, 0x00, 0x00, 0x00, 0x00,
  0x00, 0x00, 0x00, 0x00, 0x8a, 0xff, 0xff, 0xff, 0xff, 0xc0, 0x00, 0x00, 0x00, 0x00, 0x00, 0x00,
  0x00, 0x00, 0x00, 0x00, 0x00, 0x00, 0x00, 0x00, 0x8a, 0xff, 0xff, 0xff, 0xff, 0xc0, 0x00, 0x00,
  0x00, 0x00, 0x00, 0x00, 0x00, 0x00, 0x00, 0x00, 0x00, 0x00, 0x00, 0x00, 0x8a, 0xff, 0xff, 0xff,
  0xff, 0xc0, 0x00, 0x00, 0x00, 0x00, 0x00, 0x00, 0x00, 0x00, 0x00, 0x00, 0x00, 0x00, 0x00, 0x00,
  0x8a, 0xff, 0xff, 0xff, 0xff, 0xc0, 0x00, 0x00, 0x00, 0x00, 0x00, 0x00, 0x00, 0x00, 0x00, 0x00,
  0x00, 0x00, 0x00, 0x00, 0x8a, 0xff, 0xff, 0xff, 0xff, 0xc0, 0x00, 0x00, 0x00, 0x00, 0x00, 0x00,
  0x00, 0x00, 0x00, 0x00, 0x00, 0x00, 0x00, 0x00, 0x8a, 0xff, 0xff, 0xff, 0xff, 0xc0, 0x00, 0x00,
  0x00, 0x00, 0x00, 0x00, 0x00, 0x00, 0x00, 0x00, 0x00, 0x00, 0x00, 0x00, 0x8a, 0xff, 0xff, 0xff,
  0xff, 0xc0, 0x00, 0x00, 0x00, 0x00, 0x00, 0x00, 0x00, 0x00, 0x00, 0x00, 0x00, 0x00, 0x00, 0x00,
  0x8a, 0xff, 0xff, 0xff, 0xff, 0xc0, 0x00, 0x00, 0x00, 0x00, 0x00, 0x00, 0x00, 0x00, 0x00, 0x00,
  0x00, 0x00, 0x00, 0x00, 0x8a, 0xff, 0xff, 0xff, 0xff, 0xc0, 0x00, 0x00, 0x00, 0x00, 0x00, 0x00,
  0x00, 0x00, 0x00, 0x00, 0x00, 0x00, 0x00, 0x00, 0x8a, 0xff, 0xff, 0xff, 0xff, 0xc0, 0x00, 0x00,
  0x00, 0x00, 0x00, 0x00, 0x00, 0x00, 0x00, 0x00, 0x00, 0x00, 0x00, 0x00, 0x8a, 0xff, 0xff, 0xff,
  0xff, 0xc0, 0x00, 0x00, 0x00, 0x00, 0x00, 0x00, 0x00, 0x00, 0x00, 0x00, 0x00, 0x00, 0x00, 0x00,
  0x8a, 0xff, 0xff, 0xff, 0xff, 0xc0, 0x00, 0x00, 0x00, 0x00, 0x00, 0x00, 0x00, 0x00, 0x00, 0x00,
  0x00, 0x00, 0x00, 0x00, 0x8a, 0xff, 0xff, 0xff, 0xff, 0xc0, 0x00, 0x00, 0x00, 0x00, 0x00, 0x00,
  0x00, 0x00, 0x00, 0x00, 0x00, 0x00, 0x00, 0x00, 0x8a, 0xff, 0xff, 0xff, 0xff, 0xc0, 0x00, 0x00,
  0x00, 0x00, 0x00, 0x00, 0x00, 0x08, 0x0a, 0x0a, 0x0a, 0x0a, 0x0a, 0x0a, 0x8f, 0xff, 0xff, 0xff,
  0xff, 0xc2, 0x0a, 0x0a, 0x0a, 0x0a, 0x0a, 0x0a, 0x05, 0xd9, 0xff, 0xff, 0xff, 0xff, 0xff, 0xff,
  0xff, 0xff, 0xff, 0xff, 0xff, 0xff, 0xff, 0xff, 0xff, 0xff, 0xff, 0xff, 0x8d, 0xd9, 0xff, 0xff,
  0xff, 0xff, 0xff, 0xff, 0xff, 0xff, 0xff, 0xff, 0xff, 0xff, 0xff, 0xff, 0xff, 0xff, 0xff, 0xff,
  0x8d, 0xd9, 0xff, 0xff, 0xff, 0xff, 0xff, 0xff, 0xff, 0xff, 0xff, 0xff, 0xff, 0xff, 0xff, 0xff,
  0xff, 0xff, 0xff, 0xff, 0x8d, 0xd9, 0xff, 0xff, 0xff, 0xff, 0xff, 0xff, 0xff, 0xff, 0xff, 0xff,
  0xff, 0xff, 0xff, 0xff, 0xff, 0xff, 0xff, 0xff, 0x8d, 0xd9, 0xff, 0xff, 0xff, 0xff, 0xff, 0xff,
  0xff, 0xff, 0xff, 0xff, 0xff, 0xff, 0xff, 0xff, 0xff, 0xff, 0xff, 0xff, 0x8d, 0x00, 0x00, 0x00,
  0x00, 0x00, 0x00, 0x00, 0x00, 0x1b, 0x56, 0x5c, 0x27, 0x00, 0x00, 0x00, 0x00, 0x08, 0x47, 0x64,
  0x51, 0x11, 0x00, 0x00, 0x00, 0x68, 0xd5, 0xd5, 0xd5, 0xd5, 0xab, 0x00, 0x69, 0xf8, 0xff, 0xff,
  0xfe, 0x96, 0x02, 0x00, 0x4e, 0xe9, 0xff, 0xff, 0xff, 0xf3, 0x64, 0x00, 0x00, 0x7d, 0xff, 0xff,
  0xff, 0xff, 0xcd, 0x2a, 0xfe, 0xff, 0xff, 0xff, 0xff, 0xff, 0x6d, 0x2a, 0xfb, 0xff, 0xff, 0xff,
  0xff, 0xff, 0xff, 0x4b, 0x00, 0x7d, 0xff, 0xff, 0xff, 0xff, 0xf6, 0xe3, 0xff, 0xff, 0xff, 0xff,
  0xff, 0xff, 0xf1, 0xe6, 0xff, 0xff, 0xff, 0xff, 0xff, 0xff, 0xff, 0xcb, 0x00, 0x7d, 0xff, 0xff,
  0xff, 0xff, 0xff, 0xff, 0xff, 0xff, 0xff, 0xff, 0xff, 0xff, 0xff, 0xff, 0xff, 0xff, 0xff, 0xff,
  0xff, 0xff, 0xff, 0xfe, 0x10, 0x7d, 0xff, 0xff, 0xff, 0xff, 0xff, 0xeb, 0xaa, 0xe3, 0xff, 0xff,
  0xff, 0xff, 0xff, 0xff, 0xd4, 0xab, 0xf4, 0xff, 0xff, 0xff, 0xff, 0xff, 0x2a, 0x7d, 0xff, 0xff,
  0xff, 0xff, 0xf9, 0x20, 0x00, 0x14, 0xf3, 0xff, 0xff, 0xff, 0xff, 0xc9, 0x03, 0x00, 0x50, 0xff,
  0xff, 0xff, 0xff, 0xff, 0x31, 0x7d, 0xff, 0xff, 0xff, 0xff, 0xd5, 0x00, 0x00, 0x00, 0xce, 0xff,
  0xff, 0xff, 0xff, 0x86, 0x00, 0x00, 0x1c, 0xff, 0xff, 0xff, 0xff, 0xff, 0x31, 0x7c, 0xff, 0xff,
  0xff, 0xff, 0xcd, 0x00, 0x00, 0x00, 0xcb, 0xff, 0xff, 0xff, 0xff, 0x7f, 0x00, 0x00, 0x19, 0xff,
  0xff, 0xff, 0xff, 0xff, 0x31, 0x7c, 0xff, 0xff, 0xff, 0xff, 0xcd, 0x00, 0x00, 0x00, 0xcb, 0xff,
  0xff, 0xff, 0xff, 0x7f, 0x00, 0x00, 0x19, 0xff, 0xff, 0xff, 0xff, 0xff, 0x31, 0x7c, 0xff, 0xff,
  0xff, 0xff, 0xcd, 0x00, 0x00, 0x00, 0xcb, 0xff, 0xff, 0xff, 0xff, 0x7f, 0x00, 0x00, 0x19, 0xff,
  0xff, 0xff, 0xff, 0xff, 0x31, 0x7c, 0xff, 0xff, 0xff, 0xff, 0xcd, 0x00, 0x00, 0x00, 0xcb, 0xff,
  0xff, 0xff, 0xff, 0x7f, 0x00, 0x00, 0x19, 0xff, 0xff, 0xff, 0xff, 0xff, 0x31, 0x7c, 0xff, 0xff,
  0xff, 0xff, 0xcd, 0x00, 0x00, 0x00, 0xcb, 0xff, 0xff, 0xff, 0xff, 0x7f, 0x00, 0x00, 0x19, 0xff,
  0xff, 0xff, 0xff, 0xff, 0x31, 0x7c, 0xff, 0xff, 0xff, 0xff, 0xcd, 0x00, 0x00, 0x00, 0xcb, 0xff,
  0xff, 0xff, 0xff, 0x7f, 0x00, 0x00, 0x19, 0xff, 0xff, 0xff, 0xff, 0xff, 0x31, 0x7c, 0xff, 0xff,
  0xff, 0xff, 0xcd, 0x00, 0x00, 0x00, 0xcb, 0xff, 0xff, 0xff, 0xff, 0x7f, 0x00, 0x00, 0x19, 0xff,
  0xff, 0xff, 0xff, 0xff, 0x31, 0x7c, 0xff, 0xff, 0xff, 0xff, 0xcd, 0x00, 0x00, 0x00, 0xcb, 0xff,
  0xff, 0xff, 0xff, 0x7f, 0x00, 0x00, 0x19, 0xff, 0xff, 0xff, 0xff, 0xff, 0x31, 0x7c, 0xff, 0xff,
  0xff, 0xff, 0xcd, 0x00, 0x00, 0x00, 0xcb, 0xff, 0xff, 0xff, 0xff, 0x7f, 0x00, 0x00, 0x19, 0xff,
  0xff, 0xff, 0xff, 0xff, 0x31, 0x7c, 0xff, 0xff, 0xff, 0xff, 0xcd, 0x00, 0x00, 0x00, 0xcb, 0xff,
  0xff, 0xff, 0xff, 0x7f, 0x00, 0x00, 0x19, 0xff, 0xff, 0xff, 0xff, 0xff, 0x31, 0x7c, 0xff, 0xff,
  0xff, 0xff, 0xcd, 0x00, 0x00, 0x00, 0xcb, 0xff, 0xff, 0xff, 0xff, 0x7f, 0x00, 0x00, 0x19, 0xff,
  0xff, 0xff, 0xff, 0xff, 0x31, 0x7c, 0xff, 0xff, 0xff, 0xff, 0xcd, 0x00, 0x00, 0x00, 0xcb, 0xff,
  0xff, 0xff, 0xff, 0x7f, 0x00, 0x00, 0x19, 0xff, 0xff, 0xff, 0xff, 0xff, 0x31, 0x7c, 0xff, 0xff,
  0xff, 0xff, 0xcd, 0x00, 0x00, 0x00, 0xcb, 0xff, 0xff, 0xff, 0xff, 0x7f, 0x00, 0x00, 0x19, 0xff,
  0xff, 0xff, 0xff, 0xff, 0x31, 0x7c, 0xff, 0xff, 0xff, 0xff, 0xcd, 0x00, 0x00, 0x00, 0xcb, 0xff,
  0xff, 0xff, 0xff, 0x7f, 0x00, 0x00, 0x19, 0xff, 0xff, 0xff, 0xff, 0xff, 0x31, 0x00, 0x00, 0x00,
  0x00, 0x00, 0x00, 0x00, 0x00, 0x00, 0x01, 0x31, 0x5c, 0x67, 0x55, 0x23, 0x00, 0x00, 0x00, 0x00,
  0x00, 0x9a, 0xd5, 0xd5, 0xd5, 0xd5, 0x79, 0x00, 0x00, 0x58, 0xdd, 0xff, 0xff, 0xff, 0xff, 0xff,
  0xcc, 0x46, 0x00, 0x00, 0x00, 0xb9, 0xff, 0xff, 0xff, 0xff, 0x91, 0x00, 0x84, 0xff, 0xff, 0xff,
  0xff, 0xff, 0xff, 0xff, 0xff, 0xff, 0x75, 0x00, 0x00, 0xb9, 0xff, 0xff, 0xff, 0xff, 0x91, 0x45,
  0xff, 0xff, 0xff, 0xff, 0xff, 0xff, 0xff, 0xff, 0xff, 0xff, 0xff, 0x4b, 0x00, 0xb9, 0xff, 0xff,
  0xff, 0xff, 0xe1, 0xe4, 0xff, 0xff, 0xff, 0xff, 0xff, 0xff, 0xff, 0xff, 0xff, 0xff, 0xff, 0xd9,
  0x01, 0xb9, 0xff, 0xff, 0xff, 0xff, 0xff, 0xff, 0xfd, 0xac, 0x6f, 0x65, 0x8b, 0xe9, 0xff, 0xff,
  0xff, 0xff, 0xff, 0xff, 0x3b, 0xb9, 0xff, 0xff, 0xff, 0xff, 0xff, 0xf3, 0x3d, 0x00, 0x00, 0x00,
  0x00, 0x11, 0xcc, 0xff, 0xff, 0xff, 0xff, 0xff, 0x79, 0xb9, 0xff, 0xff, 0xff, 0xff, 0xff, 0x69,
  0x00, 0x00, 0x00, 0x00, 0x00, 0x00, 0x2c, 0xff, 0xff, 0xff, 0xff, 0xff, 0x9c, 0xb9, 0xff, 0xff,
  0xff, 0xff, 0xf0, 0x08, 0x00, 0x00, 0x00, 0x00, 0x00, 0x00, 0x00, 0xcf, 0xff, 0xff, 0xff, 0xff,
  0xaa, 0xb9, 0xff, 0xff, 0xff, 0xff, 0xb8, 0x00, 0x00, 0x00, 0x00, 0x00, 0x00, 0x00, 0x00, 0xa7,
  0xff, 0xff, 0xff, 0xff, 0xae, 0xb9, 0xff, 0xff, 0xff, 0xff, 0x9b, 0x00, 0x00, 0x00, 0x00, 0x00,
  0x00, 0x00, 0x00, 0x9c, 0xff, 0xff, 0xff, 0xff, 0xae, 0xb9, 0xff, 0xff, 0xff, 0xff, 0x91, 0x00,
  0x00, 0x00, 0x00, 0x00, 0x00, 0x00, 0x00, 0x9c, 0xff, 0xff, 0xff, 0xff, 0xae, 0xb9, 0xff, 0xff,
  0xff, 0xff, 0x91, 0x00, 0x00, 0x00, 0x00, 0x00, 0x00, 0x00, 0x00, 0x9c, 0xff, 0xff, 0xff, 0xff,
  0xae, 0xb9, 0xff, 0xff, 0xff, 0xff, 0x91, 0x00, 0x00, 0x00, 0x00, 0x00, 0x00, 0x00, 0x00, 0x9c,
  0xff, 0xff, 0xff, 0xff, 0xae, 0xb9, 0xff, 0xff, 0xff, 0xff, 0x91, 0x00, 0x00, 0x00, 0x00, 0x00,
  0x00, 0x00, 0x00, 0x9c, 0xff, 0xff, 0xff, 0xff, 0xae, 0xb9, 0xff, 0xff, 0xff, 0xff, 0x91, 0x00,
  0x00, 0x00, 0x00, 0x00, 0x00, 0x00, 0x00, 0x9c, 0xff, 0xff, 0xff, 0xff, 0xae, 0xb9, 0xff, 0xff,
  0xff, 0xff, 0x91, 0x00, 0x00, 0x00, 0x00, 0x00, 0x00, 0x00, 0x00, 0x9c, 0xff, 0xff, 0xff, 0xff,
  0xae, 0xb9, 0xff, 0xff, 0xff, 0xff, 0x91, 0x00, 0x00, 0x00, 0x00, 0x00, 0x00, 0x00, 0x00, 0x9c,
  0xff, 0xff, 0xff, 0xff, 0xae, 0xb9, 0xff, 0xff, 0xff, 0xff, 0x91, 0x00, 0x00, 0x00, 0x00, 0x00,
  0x00, 0x00, 0x00, 0x9c, 0xff, 0xff, 0xff, 0xff, 0xae, 0xb9, 0xff, 0xff, 0xff, 0xff, 0x91, 0x00,
  0x00, 0x00, 0x00, 0x00, 0x00, 0x00, 0x00, 0x9c, 0xff, 0xff, 0xff, 0xff, 0xae, 0xb9, 0xff, 0xff,
  0xff, 0xff, 0x91, 0x00, 0x00, 0x00, 0x00, 0x00, 0x00, 0x00, 0x00, 0x9c, 0xff, 0xff, 0xff, 0xff,
  0xae, 0xb9, 0xff, 0xff, 0xff, 0xff, 0x91, 0x00, 0x00, 0x00, 0x00, 0x00, 0x00, 0x00, 0x00, 0x9c,
  0xff, 0xff, 0xff, 0xff, 0xae, 0x00, 0x00, 0x00, 0x00, 0x00, 0x00, 0x00, 0x02, 0x2d, 0x55, 0x66,
  0x62, 0x4b, 0x1d, 0x00, 0x00, 0x00, 0x00, 0x00, 0x00, 0x00, 0x00, 0x00, 0x00, 0x00, 0x00, 0x00,
  0x26, 0x95, 0xea, 0xff, 0xff, 0xff, 0xff, 0xff, 0xff, 0xd6, 0x75, 0x0f, 0x00, 0x00, 0x00, 0x00,
  0x00, 0x00, 0x00, 0x00, 0x05, 0x8a, 0xfb, 0xff, 0xff, 0xff, 0xff, 0xff, 0xff, 0xff, 0xff, 0xff,
  0xff, 0xe9, 0x56, 0x00, 0x00, 0x00, 0x00, 0x00, 0x00, 0x0b, 0xc1, 0xff, 0xff, 0xff, 0xff, 0xff,
  0xff, 0xff, 0xff, 0xff, 0xff, 0xff, 0xff, 0xff, 0xff, 0x81, 0x00, 0x00, 0x00, 0x00, 0x01, 0xb8,
  0xff, 0xff, 0xff, 0xff, 0xff, 0xff, 0xff, 0xff, 0xff, 0xff, 0xff, 0xff, 0xff, 0xff, 0xff, 0xff,
  0x6e, 0x00, 0x00, 0x00, 0x70, 0xff, 0xff, 0xff, 0xff, 0xff, 0xff, 0xfc, 0xc8, 0xa6, 0xac, 0xdb,
  0xff, 0xff, 0xff, 0xff, 0xff, 0xff, 0xf9, 0x2b, 0x00, 0x0d, 0xed, 0xff, 0xff, 0xff, 0xff, 0xff,
  0xa9, 0x1d, 0x00, 0x00, 0x00, 0x00, 0x3d, 0xd5, 0xff, 0xff, 0xff, 0xff, 0xff, 0xaf, 0x00, 0x60,
  0xff, 0xff, 0xff, 0xff, 0xff, 0x91, 0x00, 0x00, 0x00, 0x00, 0x00, 0x00, 0x00, 0x0d, 0xcf, 0xff,
  0xff, 0xff, 0xff, 0xfc, 0x17, 0xaa, 0xff, 0xff, 0xff, 0xff, 0xdf, 0x06, 0x00, 0x00, 0x00, 0x00,
  0x00, 0x00, 0x00, 0x00, 0x32, 0xff, 0xff, 0xff, 0xff, 0xff, 0x5e, 0xd9, 0xff, 0xff, 0xff, 0xff,
  0x87, 0x00, 0x00, 0x00, 0x00, 0x00, 0x00, 0x00, 0x00, 0x00, 0x00, 0xd3, 0xff, 0xff, 0xff, 0xff,
  0x8d, 0xef, 0xff, 0xff, 0xff, 0xff, 0x5c, 0x00, 0x00, 0x00, 0x00, 0x00, 0x00, 0x00, 0x00, 0x00,
  0x00, 0xa8, 0xff, 0xff, 0xff, 0xff, 0xa3, 0xfb, 0xff, 0xff, 0xff, 0xff, 0x4f, 0x00, 0x00, 0x00,
  0x00, 0x00, 0x00, 0x00, 0x00, 0x00, 0x00, 0x9b, 0xff, 0xff, 0xff, 0xff, 0xaf, 0xf2, 0xff, 0xff,
  0xff, 0xff, 0x59, 0x00, 0x00, 0x00, 0x00, 0x00, 0x00, 0x00, 0x00, 0x00, 0x00, 0xa5, 0xff, 0xff,
  0xff, 0xff, 0xa6, 0xdf, 0xff, 0xff, 0xff, 0xff, 0x7e, 0x00, 0x00, 0x00, 0x00, 0x00, 0x00, 0x00,
  0x00, 0x00, 0x00, 0xca, 0xff, 0xff, 0xff, 0xff, 0x93, 0xb3, 0xff, 0xff, 0xff, 0xff, 0xd2, 0x01,
  0x00, 0x00, 0x00, 0x00, 0x00, 0x00, 0x00, 0x00, 0x23, 0xfd, 0xff, 0xff, 0xff, 0xff, 0x67, 0x71,
  0xff, 0xff, 0xff, 0xff, 0xff, 0x73, 0x00, 0x00, 0x00, 0x00, 0x00, 0x00, 0x00, 0x04, 0xba, 0xff,
  0xff, 0xff, 0xff, 0xff, 0x25, 0x19, 0xf8, 0xff, 0xff, 0xff, 0xff, 0xfd, 0x82, 0x08, 0x00, 0x00,
  0x00, 0x00, 0x1b, 0xb8, 0xff, 0xff, 0xff, 0xff, 0xff, 0xc6, 0x00, 0x00, 0x8d, 0xff, 0xff, 0xff,
  0xff, 0xff, 0xff, 0xe8, 0x9d, 0x7b, 0x81, 0xb1, 0xf8, 0xff, 0xff, 0xff, 0xff, 0xff, 0xff, 0x42,
  0x00, 0x00, 0x09, 0xd4, 0xff, 0xff, 0xff, 0xff, 0xff, 0xff, 0xff, 0xff, 0xff, 0xff, 0xff, 0xff,
  0xff, 0xff, 0xff, 0xff, 0x92, 0x00, 0x00, 0x00, 0x00, 0x1d, 0xde, 0xff, 0xff, 0xff, 0xff, 0xff,
  0xff, 0xff, 0xff, 0xff, 0xff, 0xff, 0xff, 0xff, 0xff, 0xab, 0x03, 0x00, 0x00, 0x00, 0x00, 0x00,
  0x14, 0xb5, 0xff, 0xff, 0xff, 0xff, 0xff, 0xff, 0xff, 0xff, 0xff, 0xff, 0xff, 0xfa, 0x81, 0x02,
  0x00, 0x00, 0x00, 0x00, 0x00, 0x00, 0x00, 0x00, 0x4c, 0xc0, 0xfe, 0xff, 0xff, 0xff, 0xff, 0xff,
  0xff, 0xf7, 0xa0, 0x28, 0x00, 0x00, 0x00, 0x00, 0x00, 0x00, 0x00, 0x00, 0x00, 0x00, 0x00, 0x00,
  0x19, 0x58, 0x80, 0x91, 0x8d, 0x76, 0x48, 0x0a, 0x00, 0x00, 0x00, 0x00, 0x00, 0x00, 0x00, 0x00,
  0x00, 0x00, 0x00, 0x00, 0x00, 0x00, 0x00, 0x00, 0x00, 0x29, 0x56, 0x67, 0x5e, 0x3a, 0x07, 0x00,
  0x00, 0x00, 0x00, 0x00, 0x00, 0xad, 0xd5, 0xd5, 0xd5, 0xd5, 0x65, 0x00, 0x00, 0x4f, 0xd8, 0xff,
  0xff, 0xff, 0xff, 0xff, 0xf0, 0x8f, 0x15, 0x00, 0x00, 0x00, 0x00, 0xd0, 0xff, 0xff, 0xff, 0xff,
  0x79, 0x00, 0x80, 0xff, 0xff, 0xff, 0xff, 0xff, 0xff, 0xff, 0xff, 0xff, 0xe9, 0x40, 0x00, 0x00,
  0x00, 0xd0, 0xff, 0xff, 0xff, 0xff, 0x79, 0x4d, 0xff, 0xff, 0xff, 0xff, 0xff, 0xff, 0xff, 0xff,
  0xff, 0xff, 0xff, 0xf7, 0x3f, 0x00, 0x00, 0xd1, 0xff, 0xff, 0xff, 0xff, 0xe6, 0xf1, 0xff, 0xff,
  0xff, 0xff, 0xff, 0xff, 0xff, 0xff, 0xff, 0xff, 0xff, 0xff, 0xe9, 0x13, 0x00, 0xd0, 0xff, 0xff,
  0xff, 0xff, 0xff, 0xff, 0xff, 0xff, 0xd2, 0xaa, 0xa8, 0xcd, 0xfe, 0xff, 0xff, 0xff, 0xff, 0xff,
  0xff, 0x96, 0x00, 0xd1, 0xff, 0xff, 0xff, 0xff, 0xff, 0xff, 0xc7, 0x2e, 0x00, 0x00, 0x00, 0x00,
  0x25, 0xba, 0xff, 0xff, 0xff, 0xff, 0xff, 0xf7, 0x13, 0xd1, 0xff, 0xff, 0xff, 0xff, 0xff, 0xc3,
  0x07, 0x00, 0x00, 0x00, 0x00, 0x00, 0x00, 0x03, 0xb3, 0xff, 0xff, 0xff, 0xff, 0xff, 0x5e, 0xd1,
  0xff, 0xff, 0xff, 0xff, 0xfb, 0x23, 0x00, 0x00, 0x00, 0x00, 0x00, 0x00, 0x00, 0x00, 0x18, 0xf7,
  0xff, 0xff, 0xff, 0xff, 0x9a, 0xd1, 0xff, 0xff, 0xff, 0xff, 0xbc, 0x00, 0x00, 0x00, 0x00, 0x00,
  0x00, 0x00, 0x00, 0x00, 0x00, 0xaf, 0xff, 0xff, 0xff, 0xff, 0xc1, 0xd1, 0xff, 0xff, 0xff, 0xff,
  0x8b, 0x00, 0x00, 0x00, 0x00, 0x00, 0x00, 0x00, 0x00, 0x00, 0x00, 0x80, 0xff, 0xff, 0xff, 0xff,
  0xd2, 0xd1, 0xff, 0xff, 0xff, 0xff, 0x7b, 0x00, 0x00, 0x00, 0x00, 0x00, 0x00, 0x00, 0x00, 0x00,
  0x00, 0x71, 0xff, 0xff, 0xff, 0xff, 0xda, 0xd0, 0xff, 0xff, 0xff, 0xff, 0x87, 0x00, 0x00, 0x00,
  0x00, 0x00, 0x00, 0x00, 0x00, 0x00, 0x00, 0x7c, 0xff, 0xff, 0xff, 0xff, 0xd4, 0xd1, 0xff, 0xff,
  0xff, 0xff, 0xb1, 0x00, 0x00, 0x00, 0x00, 0x00, 0x00, 0x00, 0x00, 0x00, 0x00, 0xa4, 0xff, 0xff,
  0xff, 0xff, 0xc6, 0xd0, 0xff, 0xff, 0xff, 0xff, 0xf5, 0x15, 0x00, 0x00, 0x00, 0x00, 0x00, 0x00,
  0x00, 0x00, 0x0d, 0xee, 0xff, 0xff, 0xff, 0xff, 0xa4, 0xd1, 0xff, 0xff, 0xff, 0xff, 0xff, 0xa6,
  0x00, 0x00, 0x00, 0x00, 0x00, 0x00, 0x00, 0x00, 0x94, 0xff, 0xff, 0xff, 0xff, 0xff, 0x71, 0xd1,
  0xff, 0xff, 0xff, 0xff, 0xff, 0xff, 0xa3, 0x11, 0x00, 0x00, 0x00, 0x00, 0x0c, 0x93, 0xff, 0xff,
  0xff, 0xff, 0xff, 0xff, 0x26, 0xd1, 0xff, 0xff, 0xff, 0xff, 0xff, 0xff, 0xff, 0xf1, 0xa7, 0x7e,
  0x7d, 0xa2, 0xec, 0xff, 0xff, 0xff, 0xff, 0xff, 0xff, 0xbb, 0x00, 0xd0, 0xff, 0xff, 0xff, 0xff,
  0xfc, 0xfe, 0xff, 0xff, 0xff, 0xff, 0xff, 0xff, 0xff, 0xff, 0xff, 0xff, 0xff, 0xff, 0xfc, 0x32,
  0x00, 0xd0, 0xff, 0xff, 0xff, 0xff, 0x79, 0x68, 0xff, 0xff, 0xff, 0xff, 0xff, 0xff, 0xff, 0xff,
  0xff, 0xff, 0xff, 0xff, 0x76, 0x00, 0x00, 0xd0, 0xff, 0xff, 0xff, 0xff, 0x79, 0x00, 0x9d, 0xff,
  0xff, 0xff, 0xff, 0xff, 0xff, 0xff, 0xff, 0xff, 0xfe, 0x7d, 0x00, 0x00, 0x00, 0xd1, 0xff, 0xff,
  0xff, 0xff, 0x79, 0x00, 0x00, 0x7b, 0xf7, 0xff, 0xff, 0xff, 0xff, 0xff, 0xff, 0xc8, 0x3e, 0x00,
  0x00, 0x00, 0x00, 0xd1, 0xff, 0xff, 0xff, 0xff, 0x79, 0x00, 0x00, 0x00, 0x11, 0x59, 0x83, 0x92,
  0x8a, 0x69, 0x2a, 0x00, 0x00, 0x00, 0x00, 0x00, 0x00, 0xd0, 0xff, 0xff, 0xff, 0xff, 0x79, 0x00,
  0x00, 0x00, 0x00, 0x00, 0x00, 0x00, 0x00, 0x00, 0x00, 0x00, 0x00, 0x00, 0x00, 0x00, 0x00, 0xd0,
  0xff, 0xff, 0xff, 0xff, 0x79, 0x00, 0x00, 0x00, 0x00, 0x00, 0x00, 0x00, 0x00, 0x00, 0x00, 0x00,
  0x00, 0x00, 0x00, 0x00, 0x00, 0xd0, 0xff, 0xff, 0xff, 0xff, 0x79, 0x00, 0x00, 0x00, 0x00, 0x00,
  0x00, 0x00, 0x00, 0x00, 0x00, 0x00, 0x00, 0x00, 0x00, 0x00, 0x00, 0xd0, 0xff, 0xff, 0xff, 0xff,
  0x79, 0x00, 0x00, 0x00, 0x00, 0x00, 0x00, 0x00, 0x00, 0x00, 0x00, 0x00, 0x00, 0x00, 0x00, 0x00,
  0x00, 0xd0, 0xff, 0xff, 0xff, 0xff, 0x79, 0x00, 0x00, 0x00, 0x00, 0x00, 0x00, 0x00, 0x00, 0x00,
  0x00, 0x00, 0x00, 0x00, 0x00, 0x00, 0x00, 0xd0, 0xff, 0xff, 0xff, 0xff, 0x79, 0x00, 0x00, 0x00,
  0x00, 0x00, 0x00, 0x00, 0x00, 0x00, 0x00, 0x00, 0x00, 0x00, 0x00, 0x00, 0x00, 0xd0, 0xff, 0xff,
  0xff, 0xff, 0x79, 0x00, 0x00, 0x00, 0x00, 0x00, 0x00, 0x00, 0x00, 0x00, 0x00, 0x00, 0x00, 0x00,
  0x00, 0x00, 0x00, 0x53, 0x66, 0x66, 0x66, 0x66, 0x30, 0x00, 0x00, 0x00, 0x00, 0x00, 0x00, 0x00,
  0x00, 0x00, 0x00, 0x00, 0x00, 0x00, 0x00, 0x00, 0x00, 0x00, 0x00, 0x00, 0x00, 0x00, 0x00, 0x00,
  0x0c, 0x41, 0x60, 0x66, 0x54, 0x26, 0x00, 0x00, 0x00, 0x00, 0x00, 0x00, 0x00, 0x00, 0x00, 0x00,
  0x00, 0x00, 0x00, 0x00, 0x00, 0x26, 0xa4, 0xf7, 0xff, 0xff, 0xff, 0xff, 0xff, 0xcf, 0x39, 0x00,
  0x00, 0xa4, 0xd5, 0xd5, 0xd5, 0xd5, 0x6e, 0x00, 0x00, 0x00, 0x00, 0x69, 0xf8, 0xff, 0xff, 0xff,
  0xff, 0xff, 0xff, 0xff, 0xff, 0xf8, 0x4f, 0x00, 0xc5, 0xff, 0xff, 0xff, 0xff, 0x85, 0x00, 0x00,
  0x00, 0x76, 0xff, 0xff, 0xff, 0xff, 0xff, 0xff, 0xff, 0xff, 0xff, 0xff, 0xff, 0xef, 0x18, 0xc5,
  0xff, 0xff, 0xff, 0xff, 0x85, 0x00, 0x00, 0x43, 0xfe, 0xff, 0xff, 0xff, 0xff, 0xff, 0xff, 0xff,
  0xff, 0xff, 0xff, 0xff, 0xff, 0xe3, 0xf4, 0xff, 0xff, 0xff, 0xff, 0x85, 0x00, 0x03, 0xda, 0xff,
  0xff, 0xff, 0xff, 0xff, 0xff, 0xf7, 0xbe, 0xa4, 0xb0, 0xe4, 0xff, 0xff, 0xff, 0xff, 0xff, 0xff,
  0xff, 0xff, 0x85, 0x00, 0x53, 0xff, 0xff, 0xff, 0xff, 0xff, 0xff, 0x8c, 0x0f, 0x00, 0x00, 0x00,
  0x00, 0x50, 0xe9, 0xff, 0xff, 0xff, 0xff, 0xff, 0xff, 0x85, 0x00, 0xa8, 0xff, 0xff, 0xff, 0xff,
  0xff, 0x6f, 0x00, 0x00, 0x00, 0x00, 0x00, 0x00, 0x00, 0x24, 0xee, 0xff, 0xff, 0xff, 0xff, 0xff,
  0x85, 0x00, 0xe5, 0xff, 0xff, 0xff, 0xff, 0xc5, 0x00, 0x00, 0x00, 0x00, 0x00, 0x00, 0x00, 0x00,
  0x00, 0x69, 0xff, 0xff, 0xff, 0xff, 0xff, 0x85, 0x0c, 0xff, 0xff, 0xff, 0xff, 0xff, 0x64, 0x00,
  0x00, 0x00, 0x00, 0x00, 0x00, 0x00, 0x00, 0x00, 0x0c, 0xfa, 0xff, 0xff, 0xff, 0xff, 0x85, 0x1e,
  0xff, 0xff, 0xff, 0xff, 0xff, 0x34, 0x00, 0x00, 0x00, 0x00, 0x00, 0x00, 0x00, 0x00, 0x00, 0x00,
  0xd6, 0xff, 0xff, 0xff, 0xff, 0x85, 0x26, 0xff, 0xff, 0xff, 0xff, 0xff, 0x25, 0x00, 0x00, 0x00,
  0x00, 0x00, 0x00, 0x00, 0x00, 0x00, 0x00, 0xc7, 0xff, 0xff, 0xff, 0xff, 0x85, 0x20, 0xff, 0xff,
  0xff, 0xff, 0xff, 0x31, 0x00, 0x00, 0x00, 0x00, 0x00, 0x00, 0x00, 0x00, 0x00, 0x00, 0xd3, 0xff,
  0xff, 0xff, 0xff, 0x85, 0x12, 0xff, 0xff, 0xff, 0xff, 0xff, 0x59, 0x00, 0x00, 0x00, 0x00, 0x00,
  0x00, 0x00, 0x00, 0x00, 0x06, 0xf5, 0xff, 0xff, 0xff, 0xff, 0x85, 0x00, 0xf0, 0xff, 0xff, 0xff,
  0xff, 0xb1, 0x00, 0x00, 0x00, 0x00, 0x00, 0x00, 0x00, 0x00, 0x00, 0x54, 0xff, 0xff, 0xff, 0xff,
  0xff, 0x85, 0x00, 0xbd, 0xff, 0xff, 0xff, 0xff, 0xff, 0x4d, 0x00, 0x00, 0x00, 0x00, 0x00, 0x00,
  0x00, 0x11, 0xdd, 0xff, 0xff, 0xff, 0xff, 0xff, 0x85, 0x00, 0x71, 0xff, 0xff, 0xff, 0xff, 0xff,
  0xf6, 0x61, 0x01, 0x00, 0x00, 0x00, 0x00, 0x29, 0xd1, 0xff, 0xff, 0xff, 0xff, 0xff, 0xff, 0x85,
  0x00, 0x12, 0xf5, 0xff, 0xff, 0xff, 0xff, 0xff, 0xff, 0xd9, 0x93, 0x79, 0x85, 0xba, 0xfc, 0xff,
  0xff, 0xff, 0xff, 0xff, 0xff, 0xff, 0x85, 0x00, 0x00, 0x7a, 0xff, 0xff, 0xff, 0xff, 0xff, 0xff,
  0xff, 0xff, 0xff, 0xff, 0xff, 0xff, 0xff, 0xfc, 0xfe, 0xff, 0xff, 0xff, 0xff, 0x85, 0x00, 0x00,
  0x03, 0xbe, 0xff, 0xff, 0xff, 0xff, 0xff, 0xff, 0xff, 0xff, 0xff, 0xff, 0xff, 0xfc, 0x31, 0xc5,
  0xff, 0xff, 0xff, 0xff, 0x85, 0x00, 0x00, 0x00, 0x0c, 0xba, 0xff, 0xff, 0xff, 0xff, 0xff, 0xff,
  0xff, 0xff, 0xff, 0xff, 0x6f, 0x00, 0xc5, 0xff, 0xff, 0xff, 0xff, 0x85, 0x00, 0x00, 0x00, 0x00,
  0x02, 0x6b, 0xe5, 0xff, 0xff, 0xff, 0xff, 0xff, 0xff, 0xed, 0x5d, 0x00, 0x00, 0xc5, 0xff, 0xff,
  0xff, 0xff, 0x85, 0x00, 0x00, 0x00, 0x00, 0x00, 0x00, 0x03, 0x40, 0x76, 0x8f, 0x8f, 0x7c, 0x4d,
  0x09, 0x00, 0x00, 0x00, 0xc5, 0xff, 0xff, 0xff, 0xff, 0x85, 0x00, 0x00, 0x00, 0x00, 0x00, 0x00,
  0x00, 0x00, 0x00, 0x00, 0x00, 0x00, 0x00, 0x00, 0x00, 0x00, 0x00, 0xc5, 0xff, 0xff, 0xff, 0xff,
  0x85, 0x00, 0x00, 0x00, 0x00, 0x00, 0x00, 0x00, 0x00, 0x00, 0x00, 0x00, 0x00, 0x00, 0x00, 0x00,
  0x00, 0x00, 0xc5, 0xff, 0xff, 0xff, 0xff, 0x85, 0x00, 0x00, 0x00, 0x00, 0x00, 0x00, 0x00, 0x00,
  0x00, 0x00, 0x00, 0x00, 0x00, 0x00, 0x00, 0x00, 0x00, 0xc5, 0xff, 0xff, 0xff, 0xff, 0x85, 0x00,
  0x00, 0x00, 0x00, 0x00, 0x00, 0x00, 0x00, 0x00, 0x00, 0x00, 0x00, 0x00, 0x00, 0x00, 0x00, 0x00,
  0xc5, 0xff, 0xff, 0xff, 0xff, 0x85, 0x00, 0x00, 0x00, 0x00, 0x00, 0x00, 0x00, 0x00, 0x00, 0x00,
  0x00, 0x00, 0x00, 0x00, 0x00, 0x00, 0x00, 0xc5, 0xff, 0xff, 0xff, 0xff, 0x85, 0x00, 0x00, 0x00,
  0x00, 0x00, 0x00, 0x00, 0x00, 0x00, 0x00, 0x00, 0x00, 0x00, 0x00, 0x00, 0x00, 0x00, 0xc5, 0xff,
  0xff, 0xff, 0xff, 0x85, 0x00, 0x00, 0x00, 0x00, 0x00, 0x00, 0x00, 0x00, 0x00, 0x00, 0x00, 0x00,
  0x00, 0x00, 0x00, 0x00, 0x00, 0xc5, 0xff, 0xff, 0xff, 0xff, 0x85, 0x00, 0x00, 0x00, 0x00, 0x00,
  0x00, 0x00, 0x00, 0x00, 0x00, 0x00, 0x00, 0x00, 0x00, 0x00, 0x00, 0x00, 0x4f, 0x66, 0x66, 0x66,
  0x66, 0x35, 0x00, 0x00, 0x00, 0x00, 0x00, 0x00, 0x00, 0x00, 0x00, 0x00, 0x00, 0x00, 0x00, 0x00,
  0x30, 0x5e, 0x64, 0x4e, 0x15, 0x00, 0x00, 0x00, 0x00, 0x00, 0x00, 0x9c, 0xd5, 0xd5, 0xd5, 0xd5,
  0xd5, 0xd5, 0xd5, 0xd5, 0x12, 0x00, 0x37, 0xd0, 0xff, 0xff, 0xff, 0xff, 0xfe, 0xaf, 0x22, 0x00,
  0x00, 0x00, 0x00, 0xbb, 0xff, 0xff, 0xff, 0xff, 0xff, 0xff, 0xff, 0xff, 0x16, 0x3a, 0xf7, 0xff,
  0xff, 0xff, 0xff, 0xff, 0xff, 0xff, 0xed, 0x34, 0x00, 0x00, 0x00, 0xbb, 0xff, 0xff, 0xff, 0xff,
  0xff, 0xff, 0xff, 0xff, 0x18, 0xd7, 0xff, 0xff, 0xff, 0xff, 0xff, 0xff, 0xff, 0xff, 0xff, 0xe0,
  0x0b, 0x00, 0x00, 0xbb, 0xff, 0xff, 0xff, 0xff, 0xff, 0xff, 0xff, 0xff, 0xd8, 0xff, 0xff, 0xff,
  0xff, 0xff, 0xff, 0xff, 0xff, 0xff, 0xff, 0xff, 0x6b, 0x00, 0x00, 0xbb, 0xff, 0xff, 0xff, 0xff,
  0xff, 0xff, 0xff, 0xff, 0xff, 0xff, 0xdf, 0x99, 0x91, 0xc3, 0xff, 0xff, 0xff, 0xff, 0xff, 0xff,
  0xbf, 0x00, 0x00, 0x27, 0x35, 0x35, 0x35, 0xf6, 0xff, 0xff, 0xff, 0xff, 0xff, 0x9d, 0x05, 0x00,
  0x00, 0x00, 0x5a, 0xff, 0xff, 0xff, 0xff, 0xff, 0xf3, 0x00, 0x00, 0x00, 0x00, 0x00, 0x00, 0xf3,
  0xff, 0xff, 0xff, 0xff, 0xe0, 0x06, 0x00, 0x00, 0x00, 0x00, 0x00, 0xb1, 0xff, 0xff, 0xff, 0xff,
  0xff, 0x0b, 0x00, 0x00, 0x00, 0x00, 0x00, 0xf3, 0xff, 0xff, 0xff, 0xff, 0x8b, 0x00, 0x00, 0x00,
  0x00, 0x00, 0x00, 0x6d, 0xff, 0xff, 0xff, 0xff, 0xff, 0x19, 0x00, 0x00, 0x00, 0x00, 0x00, 0xf3,
  0xff, 0xff, 0xff, 0xff, 0x62, 0x00, 0x00, 0x00, 0x00, 0x00, 0x00, 0x50, 0xd3, 0xbb, 0xa4, 0x8c,
  0x74, 0x0b, 0x00, 0x00, 0x00, 0x00, 0x00, 0xf3, 0xff, 0xff, 0xff, 0xff, 0x57, 0x00, 0x00, 0x00,
  0x00, 0x00, 0x00, 0x00, 0x00, 0x00, 0x00, 0x00, 0x00, 0x00, 0x00, 0x00, 0x00, 0x00, 0x00, 0xf3,
  0xff, 0xff, 0xff, 0xff, 0x57, 0x00, 0x00, 0x00, 0x00, 0x00, 0x00, 0x00, 0x00, 0x00, 0x00, 0x00,
  0x00, 0x00, 0x00, 0x00, 0x00, 0x00, 0x00, 0xf3, 0xff, 0xff, 0xff, 0xff, 0x57, 0x00, 0x00, 0x00,
  0x00, 0x00, 0x00, 0x00, 0x00, 0x00, 0x00, 0x00, 0x00, 0x00, 0x00, 0x00, 0x00, 0x00, 0x00, 0xf3,
  0xff, 0xff, 0xff, 0xff, 0x57, 0x00, 0x00, 0x00, 0x00, 0x00, 0x00, 0x00, 0x00, 0x00, 0x00, 0x00,
  0x00, 0x00, 0x00, 0x00, 0x00, 0x00, 0x00, 0xf3, 0xff, 0xff, 0xff, 0xff, 0x57, 0x00, 0x00, 0x00,
  0x00, 0x00, 0x00, 0x00, 0x00, 0x00, 0x00, 0x00, 0x00, 0x00, 0x00, 0x00, 0x00, 0x00, 0x00, 0xf3,
  0xff, 0xff, 0xff, 0xff, 0x57, 0x00, 0x00, 0x00, 0x00, 0x00, 0x00, 0x00, 0x00, 0x00, 0x00, 0x00,
  0x00, 0x00, 0x02, 0x0a, 0x0a, 0x0a, 0x0a, 0xf4, 0xff, 0xff, 0xff, 0xff, 0x5d, 0x0a, 0x0a, 0x0a,
  0x0a, 0x01, 0x00, 0x00, 0x00, 0x00, 0x00, 0x00, 0x00, 0x00, 0x3c, 0xff, 0xff, 0xff, 0xff, 0xff,
  0xff, 0xff, 0xff, 0xff, 0xff, 0xff, 0xff, 0xff, 0xff, 0x20, 0x00, 0x00, 0x00, 0x00, 0x00, 0x00,
  0x00, 0x00, 0x3c, 0xff, 0xff, 0xff, 0xff, 0xff, 0xff, 0xff, 0xff, 0xff, 0xff, 0xff, 0xff, 0xff,
  0xff, 0x20, 0x00, 0x00, 0x00, 0x00, 0x00, 0x00, 0x00, 0x00, 0x3c, 0xff, 0xff, 0xff, 0xff, 0xff,
  0xff, 0xff, 0xff, 0xff, 0xff, 0xff, 0xff, 0xff, 0xff, 0x20, 0x00, 0x00, 0x00, 0x00, 0x00, 0x00,
  0x00, 0x00, 0x3c, 0xff, 0xff, 0xff, 0xff, 0xff, 0xff, 0xff, 0xff, 0xff, 0xff, 0xff, 0xff, 0xff,
  0xff, 0x20, 0x00, 0x00, 0x00, 0x00, 0x00, 0x00, 0x00, 0x00, 0x3c, 0xff, 0xff, 0xff, 0xff, 0xff,
  0xff, 0xff, 0xff, 0xff, 0xff, 0xff, 0xff, 0xff, 0xff, 0x20, 0x00, 0x00, 0x00, 0x00, 0x00, 0x00,
  0x00, 0x00, 0x00, 0x00, 0x00, 0x00, 0x00, 0x00, 0x00, 0x2e, 0x51, 0x66, 0x61, 0x48, 0x18, 0x00,
  0x00, 0x00, 0x00, 0x00, 0x00, 0x00, 0x00, 0x00, 0x00, 0x00, 0x0e, 0x86, 0xe5, 0xff, 0xff, 0xff,
  0xff, 0xff, 0xff, 0xc8, 0x48, 0x00, 0x00, 0x00, 0x00, 0x00, 0x00, 0x00, 0x00, 0x36, 0xea, 0xff,
  0xff, 0xff, 0xff, 0xff, 0xff, 0xff, 0xff, 0xff, 0xff, 0xa4, 0x05, 0x00, 0x00, 0x00, 0x00, 0x00,
  0x2f, 0xf2, 0xff, 0xff, 0xff, 0xff, 0xff, 0xff, 0xff, 0xff, 0xff, 0xff, 0xff, 0xff, 0xaf, 0x00,
  0x00, 0x00, 0x00, 0x00, 0xc4, 0xff, 0xff, 0xff, 0xff, 0xff, 0xff, 0xff, 0xff, 0xff, 0xff, 0xff,
  0xff, 0xff, 0xff, 0x66, 0x00, 0x00, 0x00, 0x1d, 0xff, 0xff, 0xff, 0xff, 0xff, 0xe5, 0x84, 0x65,
  0x7a, 0xca, 0xff, 0xff, 0xff, 0xff, 0xff, 0xe1, 0x02, 0x00, 0x00, 0x43, 0xff, 0xff, 0xff, 0xff,
  0xfd, 0x1e, 0x00, 0x00, 0x00, 0x00, 0x86, 0xff, 0xff, 0xe5, 0x82, 0x1e, 0x00, 0x00, 0x00, 0x44,
  0xff, 0xff, 0xff, 0xff, 0xf8, 0x0c, 0x00, 0x00, 0x00, 0x00, 0x03, 0x9e, 0x51, 0x04, 0x00, 0x00,
  0x00, 0x00, 0x00, 0x28, 0xff, 0xff, 0xff, 0xff, 0xff, 0xca, 0x5b, 0x1e, 0x00, 0x00, 0x00, 0x00,
  0x00, 0x00, 0x00, 0x00, 0x00, 0x00, 0x00, 0x00, 0xdd, 0xff, 0xff, 0xff, 0xff, 0xff, 0xff, 0xff,
  0xf1, 0xce, 0xa7, 0x75, 0x2a, 0x00, 0x00, 0x00, 0x00, 0x00, 0x00, 0x00, 0x54, 0xff, 0xff, 0xff,
  0xff, 0xff, 0xff, 0xff, 0xff, 0xff, 0xff, 0xff, 0xff, 0xc0, 0x32, 0x00, 0x00, 0x00, 0x00, 0x00,
  0x00, 0x6b, 0xfa, 0xff, 0xff, 0xff, 0xff, 0xff, 0xff, 0xff, 0xff, 0xff, 0xff, 0xff, 0xfb, 0x5e,
  0x00, 0x00, 0x00, 0x00, 0x00, 0x00, 0x29, 0xa3, 0xf8, 0xff, 0xff, 0xff, 0xff, 0xff, 0xff, 0xff,
  0xff, 0xff, 0xff, 0xfc, 0x31, 0x00, 0x00, 0x00, 0x00, 0x00, 0x00, 0x00, 0x0a, 0x44, 0x6f, 0x91,
  0xaf, 0xdd, 0xff, 0xff, 0xff, 0xff, 0xff, 0xff, 0xa7, 0x00, 0x00, 0x00, 0x00, 0x00, 0x2e, 0x5c,
  0x00, 0x00, 0x00, 0x00, 0x00, 0x00, 0x32, 0xd9, 0xff, 0xff, 0xff, 0xff, 0xe7, 0x00, 0x00, 0x33,
  0x87, 0xda, 0xff, 0xfc, 0x23, 0x00, 0x00, 0x00, 0x00, 0x00, 0x00, 0x49, 0xff, 0xff, 0xff, 0xff,
  0xfd, 0x00, 0x14, 0xfc, 0xff, 0xff, 0xff, 0xff, 0xd0, 0x0e, 0x00, 0x00, 0x00, 0x00, 0x00, 0x6d,
  0xff, 0xff, 0xff, 0xff, 0xf0, 0x00, 0x00, 0xb5, 0xff, 0xff, 0xff, 0xff, 0xff, 0xe1, 0x77, 0x43,
  0x36, 0x47, 0x86, 0xf8, 0xff, 0xff, 0xff, 0xff, 0xc6, 0x00, 0x00, 0x2d, 0xfc, 0xff, 0xff, 0xff,
  0xff, 0xff, 0xff, 0xff, 0xff, 0xff, 0xff, 0xff, 0xff, 0xff, 0xff, 0xff, 0x6d, 0x00, 0x00, 0x00,
  0x78, 0xff, 0xff, 0xff, 0xff, 0xff, 0xff, 0xff, 0xff, 0xff, 0xff, 0xff, 0xff, 0xff, 0xff, 0xd2,
  0x05, 0x00, 0x00, 0x00, 0x00, 0x73, 0xfb, 0xff, 0xff, 0xff, 0xff, 0xff, 0xff, 0xff, 0xff, 0xff,
  0xff, 0xff, 0xd5, 0x19, 0x00, 0x00, 0x00, 0x00, 0x00, 0x00, 0x2e, 0xb2, 0xfd, 0xff, 0xff, 0xff,
  0xff, 0xff, 0xff, 0xff, 0xe8, 0x7f, 0x08, 0x00, 0x00, 0x00, 0x00, 0x00, 0x00, 0x00, 0x00, 0x00,
  0x15, 0x52, 0x79, 0x8d, 0x92, 0x84, 0x6c, 0x39, 0x05, 0x00, 0x00, 0x00, 0x00, 0x00, 0x00, 0x00,
  0x00, 0x00, 0x00, 0x00, 0x0e, 0x66, 0x66, 0x66, 0x66, 0x66, 0x0f, 0x00, 0x00, 0x00, 0x00, 0x00,
  0x00, 0x00, 0x00, 0x00, 0x00, 0x00, 0x00, 0x00, 0x23, 0xff, 0xff, 0xff, 0xff, 0xff, 0x27, 0x00,
  0x00, 0x00, 0x00, 0x00, 0x00, 0x00, 0x00, 0x00, 0x00, 0x00, 0x00, 0x00, 0x23, 0xff, 0xff, 0xff,
  0xff, 0xff, 0x27, 0x00, 0x00, 0x00, 0x00, 0x00, 0x00, 0x00, 0x00, 0x00, 0x00, 0x00, 0x00, 0x00,
  0x23, 0xff, 0xff, 0xff, 0xff, 0xff, 0x27, 0x00, 0x00, 0x00, 0x00, 0x00, 0x00, 0x00, 0x00, 0x00,
  0x00, 0x00, 0x00, 0x00, 0x23, 0xff, 0xff, 0xff, 0xff, 0xff, 0x27, 0x00, 0x00, 0x00, 0x00, 0x00,
  0x00, 0x00, 0x00, 0x00, 0x00, 0x00, 0x00, 0x00, 0x23, 0xff, 0xff, 0xff, 0xff, 0xff, 0x27, 0x00,
  0x00, 0x00, 0x00, 0x00, 0x00, 0x00, 0x00, 0x00, 0x00, 0x00, 0x00, 0x00, 0x23, 0xff, 0xff, 0xff,
  0xff, 0xff, 0x27, 0x00, 0x00, 0x00, 0x00, 0x00, 0x00, 0x00, 0x00, 0x00, 0x00, 0x00, 0x00, 0x00,
  0x23, 0xff, 0xff, 0xff, 0xff, 0xff, 0x27, 0x00, 0x00, 0x00, 0x00, 0x00, 0x00, 0x00, 0x00, 0x00,
  0x00, 0x00, 0x00, 0x00, 0x23, 0xff, 0xff, 0xff, 0xff, 0xff, 0x27, 0x00, 0x00, 0x00, 0x00, 0x00,
  0x00, 0x00, 0x42, 0xd5, 0xd5, 0xd5, 0xd5, 0xd5, 0xda, 0xff, 0xff, 0xff, 0xff, 0xff, 0xdb, 0xd5,
  0xd5, 0xd5, 0xd5, 0xd5, 0xd5, 0x8f, 0x4f, 0xff, 0xff, 0xff, 0xff, 0xff, 0xff, 0xff, 0xff, 0xff,
  0xff, 0xff, 0xff, 0xff, 0xff, 0xff, 0xff, 0xff, 0xff, 0xac, 0x4f, 0xff, 0xff, 0xff, 0xff, 0xff,
  0xff, 0xff, 0xff, 0xff, 0xff, 0xff, 0xff, 0xff, 0xff, 0xff, 0xff, 0xff, 0xff, 0xac, 0x4f, 0xff,
  0xff, 0xff, 0xff, 0xff, 0xff, 0xff, 0xff, 0xff, 0xff, 0xff, 0xff, 0xff, 0xff, 0xff, 0xff, 0xff,
  0xff, 0xac, 0x4f, 0xff, 0xff, 0xff, 0xff, 0xff, 0xff, 0xff, 0xff, 0xff, 0xff, 0xff, 0xff, 0xff,
  0xff, 0xff, 0xff, 0xff, 0xff, 0xac, 0x10, 0x35, 0x35, 0x35, 0x35, 0x35, 0x51, 0xff, 0xff, 0xff,
  0xff, 0xff, 0x54, 0x35, 0x35, 0x35, 0x35, 0x35, 0x35, 0x23, 0x00, 0x00, 0x00, 0x00, 0x00, 0x00,
  0x23, 0xff, 0xff, 0xff, 0xff, 0xff, 0x27, 0x00, 0x00, 0x00, 0x00, 0x00, 0x00, 0x00, 0x00, 0x00,
  0x00, 0x00, 0x00, 0x00, 0x23, 0xff, 0xff, 0xff, 0xff, 0xff, 0x27, 0x00, 0x00, 0x00, 0x00, 0x00,
  0x00, 0x00, 0x00, 0x00, 0x00, 0x00, 0x00, 0x00, 0x23, 0xff, 0xff, 0xff, 0xff, 0xff, 0x27, 0x00,
  0x00, 0x00, 0x00, 0x00, 0x00, 0x00, 0x00, 0x00, 0x00, 0x00, 0x00, 0x00, 0x23, 0xff, 0xff, 0xff,
  0xff, 0xff, 0x27, 0x00, 0x00, 0x00, 0x00, 0x00, 0x00, 0x00, 0x00, 0x00, 0x00, 0x00, 0x00, 0x00,
  0x23, 0xff, 0xff, 0xff, 0xff, 0xff, 0x27, 0x00, 0x00, 0x00, 0x00, 0x00, 0x00, 0x00, 0x00, 0x00,
  0x00, 0x00, 0x00, 0x00, 0x23, 0xff, 0xff, 0xff, 0xff, 0xff, 0x27, 0x00, 0x00, 0x00, 0x00, 0x00,
  0x00, 0x00, 0x00, 0x00, 0x00, 0x00, 0x00, 0x00, 0x23, 0xff, 0xff, 0xff, 0xff, 0xff, 0x27, 0x00,
  0x00, 0x00, 0x00, 0x00, 0x00, 0x00, 0x00, 0x00, 0x00, 0x00, 0x00, 0x00, 0x23, 0xff, 0xff, 0xff,
  0xff, 0xff, 0x27, 0x00, 0x00, 0x00, 0x00, 0x00, 0x00, 0x00, 0x00, 0x00, 0x00, 0x00, 0x00, 0x00,
  0x23, 0xff, 0xff, 0xff, 0xff, 0xff, 0x28, 0x00, 0x00, 0x00, 0x00, 0x00, 0x00, 0x00, 0x00, 0x00,
  0x00, 0x00, 0x00, 0x00, 0x23, 0xff, 0xff, 0xff, 0xff, 0xff, 0x71, 0x0b, 0x0a, 0x0a, 0x0a, 0x0a,
  0x09, 0x00, 0x00, 0x00, 0x00, 0x00, 0x00, 0x00, 0x23, 0xff, 0xff, 0xff, 0xff, 0xff, 0xff, 0xff,
  0xff, 0xff, 0xff, 0xff, 0xea, 0x00, 0x00, 0x00, 0x00, 0x00, 0x00, 0x00, 0x22, 0xff, 0xff, 0xff,
  0xff, 0xff, 0xff, 0xff, 0xff, 0xff, 0xff, 0xff, 0xea, 0x00, 0x00, 0x00, 0x00, 0x00, 0x00, 0x00,
  0x0d, 0xfc, 0xff, 0xff, 0xff, 0xff, 0xff, 0xff, 0xff, 0xff, 0xff, 0xff, 0xea, 0x00, 0x00, 0x00,
  0x00, 0x00, 0x00, 0x00, 0x00, 0xa5, 0xff, 0xff, 0xff, 0xff, 0xff, 0xff, 0xff, 0xff, 0xff, 0xff,
  0xea, 0x00, 0x00, 0x00, 0x00, 0x00, 0x00, 0x00, 0x00, 0x0b, 0x99, 0xee, 0xff, 0xff, 0xff, 0xff,
  0xff, 0xff, 0xff, 0xff, 0xea, 0x00, 0x9a, 0xd5, 0xd5, 0xd5, 0xd5, 0x79, 0x00, 0x00, 0x00, 0x00,
  0x00, 0x00, 0x00, 0x00, 0x82, 0xd5, 0xd5, 0xd5, 0xd5, 0x90, 0xb9, 0xff, 0xff, 0xff, 0xff, 0x91,
  0x00, 0x00, 0x00, 0x00, 0x00, 0x00, 0x00, 0x00, 0x9c, 0xff, 0xff, 0xff, 0xff, 0xae, 0xb9, 0xff,
  0xff, 0xff, 0xff, 0x91, 0x00, 0x00, 0x00, 0x00, 0x00, 0x00, 0x00, 0x00, 0x9c, 0xff, 0xff, 0xff,
  0xff, 0xae, 0xb9, 0xff, 0xff, 0xff, 0xff, 0x91, 0x00, 0x00, 0x00, 0x00, 0x00, 0x00, 0x00, 0x00,
  0x9c, 0xff, 0xff, 0xff, 0xff, 0xae, 0xb9, 0xff, 0xff, 0xff, 0xff, 0x91, 0x00, 0x00, 0x00, 0x00,
  0x00, 0x00, 0x00, 0x00, 0x9c, 0xff, 0xff, 0xff, 0xff, 0xae, 0xb9, 0xff, 0xff, 0xff, 0xff, 0x91,
  0x00, 0x00, 0x00, 0x00, 0x00, 0x00, 0x00, 0x00, 0x9c, 0xff, 0xff, 0xff, 0xff, 0xae, 0xb9, 0xff,
  0xff, 0xff, 0xff, 0x91, 0x00, 0x00, 0x00, 0x00, 0x00, 0x00, 0x00, 0x00, 0x9c, 0xff, 0xff, 0xff,
  0xff, 0xae, 0xb9, 0xff, 0xff, 0xff, 0xff, 0x91, 0x00, 0x00, 0x00, 0x00, 0x00, 0x00, 0x00, 0x00,
  0x9c, 0xff, 0xff, 0xff, 0xff, 0xae, 0xb9, 0xff, 0xff, 0xff, 0xff, 0x91, 0x00, 0x00, 0x00, 0x00,
  0x00, 0x00, 0x00, 0x00, 0x9c, 0xff, 0xff, 0xff, 0xff, 0xae, 0xb9, 0xff, 0xff, 0xff, 0xff, 0x91,
  0x00, 0x00, 0x00, 0x00, 0x00, 0x00, 0x00, 0x00, 0x9c, 0xff, 0xff, 0xff, 0xff, 0xae, 0xb9, 0xff,
  0xff, 0xff, 0xff, 0x91, 0x00, 0x00, 0x00, 0x00, 0x00, 0x00, 0x00, 0x00, 0x9c, 0xff, 0xff, 0xff,
  0xff, 0xae, 0xb9, 0xff, 0xff, 0xff, 0xff, 0x91, 0x00, 0x00, 0x00, 0x00, 0x00, 0x00, 0x00, 0x00,
  0xa2, 0xff, 0xff, 0xff, 0xff, 0xae, 0xb9, 0xff, 0xff, 0xff, 0xff, 0x98, 0x00, 0x00, 0x00, 0x00,
  0x00, 0x00, 0x00, 0x00, 0xb8, 0xff, 0xff, 0xff, 0xff, 0xae, 0xb5, 0xff, 0xff, 0xff, 0xff, 0xb7,
  0x00, 0x00, 0x00, 0x00, 0x00, 0x00, 0x00, 0x02, 0xe9, 0xff, 0xff, 0xff, 0xff, 0xae, 0xa7, 0xff,
  0xff, 0xff, 0xff, 0xf5, 0x11, 0x00, 0x00, 0x00, 0x00, 0x00, 0x00, 0x4c, 0xff, 0xff, 0xff, 0xff,
  0xff, 0xae, 0x84, 0xff, 0xff, 0xff, 0xff, 0xff, 0xa5, 0x02, 0x00, 0x00, 0x00, 0x00, 0x18, 0xdd,
  0xff, 0xff, 0xff, 0xff, 0xff, 0xae, 0x48, 0xff, 0xff, 0xff, 0xff, 0xff, 0xff, 0xc4, 0x5d, 0x39,
  0x43, 0x7c, 0xea, 0xff, 0xff, 0xff, 0xff, 0xff, 0xff, 0xae, 0x05, 0xe5, 0xff, 0xff, 0xff, 0xff,
  0xff, 0xff, 0xff, 0xff, 0xff, 0xff, 0xff, 0xfd, 0xfd, 0xff, 0xff, 0xff, 0xff, 0xae, 0x00, 0x5f,
  0xff, 0xff, 0xff, 0xff, 0xff, 0xff, 0xff, 0xff, 0xff, 0xff, 0xff, 0x62, 0x9c, 0xff, 0xff, 0xff,
  0xff, 0xae, 0x00, 0x00, 0x94, 0xff, 0xff, 0xff, 0xff, 0xff, 0xff, 0xff, 0xff, 0xff, 0xbd, 0x02,
  0x9c, 0xff, 0xff, 0xff, 0xff, 0xae, 0x00, 0x00, 0x00, 0x68, 0xe9, 0xff, 0xff, 0xff, 0xff, 0xff,
  0xfd, 0x9f, 0x0c, 0x00, 0x9c, 0xff, 0xff, 0xff, 0xff, 0xae, 0x00, 0x00, 0x00, 0x00, 0x07, 0x4b,
  0x7e, 0x92, 0x8a, 0x66, 0x20, 0x00, 0x00, 0x00, 0x00, 0x00, 0x00, 0x00, 0x00, 0x00, 0x10, 0xd4,
  0xd5, 0xd5, 0xd5, 0xd5, 0x86, 0x00, 0x00, 0x00, 0x00, 0x00, 0x00, 0x00, 0x00, 0x00, 0x07, 0xd0,
  0xd5, 0xd5, 0xd5, 0xd5, 0x93, 0x00, 0xcf, 0xff, 0xff, 0xff, 0xff, 0xe0, 0x00, 0x00, 0x00, 0x00,
  0x00, 0x00, 0x00, 0x00, 0x00, 0x41, 0xff, 0xff, 0xff, 0xff, 0xff, 0x6e, 0x00, 0x86, 0xff, 0xff,
  0xff, 0xff, 0xff, 0x24, 0x00, 0x00, 0x00, 0x00, 0x00, 0x00, 0x00, 0x00, 0x86, 0xff, 0xff, 0xff,
  0xff, 0xff, 0x24, 0x00, 0x3c, 0xff, 0xff, 0xff, 0xff, 0xff, 0x69, 0x00, 0x00, 0x00, 0x00, 0x00,
  0x00, 0x00, 0x00, 0xca, 0xff, 0xff, 0xff, 0xff, 0xdb, 0x00, 0x00, 0x04, 0xef, 0xff, 0xff, 0xff,
  0xff, 0xae, 0x00, 0x00, 0x00, 0x00, 0x00, 0x00, 0x00, 0x12, 0xfd, 0xff, 0xff, 0xff, 0xff, 0x92,
  0x00, 0x00, 0x00, 0xaa, 0xff, 0xff, 0xff, 0xff, 0xef, 0x03, 0x00, 0x00, 0x00, 0x00, 0x00, 0x00,
  0x54, 0xff, 0xff, 0xff, 0xff, 0xff, 0x49, 0x00, 0x00, 0x00, 0x61, 0xff, 0xff, 0xff, 0xff, 0xff,
  0x37, 0x00, 0x00, 0x00, 0x00, 0x00, 0x00, 0x99, 0xff, 0xff, 0xff, 0xff, 0xf6, 0x09, 0x00, 0x00,
  0x00, 0x19, 0xfe, 0xff, 0xff, 0xff, 0xff, 0x7c, 0x00, 0x00, 0x00, 0x00, 0x00, 0x00, 0xdd, 0xff,
  0xff, 0xff, 0xff, 0xb6, 0x00, 0x00, 0x00, 0x00, 0x00, 0xce, 0xff, 0xff, 0xff, 0xff, 0xc1, 0x00,
  0x00, 0x00, 0x00, 0x00, 0x22, 0xff, 0xff, 0xff, 0xff, 0xff, 0x6d, 0x00, 0x00, 0x00, 0x00, 0x00,
  0x85, 0xff, 0xff, 0xff, 0xff, 0xfa, 0x0b, 0x00, 0x00, 0x00, 0x00, 0x67, 0xff, 0xff, 0xff, 0xff,
  0xff, 0x24, 0x00, 0x00, 0x00, 0x00, 0x00, 0x3c, 0xff, 0xff, 0xff, 0xff, 0xff, 0x4a, 0x00, 0x00,
  0x00, 0x00, 0xab, 0xff, 0xff, 0xff, 0xff, 0xda, 0x00, 0x00, 0x00, 0x00, 0x00, 0x00, 0x03, 0xef,
  0xff, 0xff, 0xff, 0xff, 0x8f, 0x00, 0x00, 0x00, 0x02, 0xed, 0xff, 0xff, 0xff, 0xff, 0x91, 0x00,
  0x00, 0x00, 0x00, 0x00, 0x00, 0x00, 0xa9, 0xff, 0xff, 0xff, 0xff, 0xd3, 0x00, 0x00, 0x00, 0x35,
  0xff, 0xff, 0xff, 0xff, 0xff, 0x48, 0x00, 0x00, 0x00, 0x00, 0x00, 0x00, 0x00, 0x60, 0xff, 0xff,
  0xff, 0xff, 0xff, 0x19, 0x00, 0x00, 0x79, 0xff, 0xff, 0xff, 0xff, 0xf6, 0x08, 0x00, 0x00, 0x00,
  0x00, 0x00, 0x00, 0x00, 0x18, 0xfe, 0xff, 0xff, 0xff, 0xff, 0x5d, 0x00, 0x00, 0xbe, 0xff, 0xff,
  0xff, 0xff, 0xb5, 0x00, 0x00, 0x00, 0x00, 0x00, 0x00, 0x00, 0x00, 0x00, 0xcd, 0xff, 0xff, 0xff,
  0xff, 0xa1, 0x00, 0x0a, 0xf8, 0xff, 0xff, 0xff, 0xff, 0x6c, 0x00, 0x00, 0x00, 0x00, 0x00, 0x00,
  0x00, 0x00, 0x00, 0x84, 0xff, 0xff, 0xff, 0xff, 0xe5, 0x00, 0x47, 0xff, 0xff, 0xff, 0xff, 0xff,
  0x23, 0x00, 0x00, 0x00, 0x00, 0x00, 0x00, 0x00, 0x00, 0x00, 0x3b, 0xff, 0xff, 0xff, 0xff, 0xff,
  0x2b, 0x8c, 0xff, 0xff, 0xff, 0xff, 0xda, 0x00, 0x00, 0x00, 0x00, 0x00, 0x00, 0x00, 0x00, 0x00,
  0x00, 0x03, 0xee, 0xff, 0xff, 0xff, 0xff, 0xb2, 0xe1, 0xff, 0xff, 0xff, 0xff, 0x90, 0x00, 0x00,
  0x00, 0x00, 0x00, 0x00, 0x00, 0x00, 0x00, 0x00, 0x00, 0xa8, 0xff, 0xff, 0xff, 0xff, 0xff, 0xff,
  0xff, 0xff, 0xff, 0xff, 0x47, 0x00, 0x00, 0x00, 0x00, 0x00, 0x00, 0x00, 0x00, 0x00, 0x00, 0x00,
  0x5f, 0xff, 0xff, 0xff, 0xff, 0xff, 0xff, 0xff, 0xff, 0xff, 0xf5, 0x08, 0x00, 0x00, 0x00, 0x00,
  0x00, 0x48, 0xd5, 0xd5, 0xd5, 0xd5, 0x70, 0x00, 0x00, 0x74, 0xd5, 0xd5, 0xd5, 0xd5, 0xd5, 0xd5,
  0xd5, 0xd5, 0x34, 0x00, 0x00, 0xaf, 0xd5, 0xd5, 0xd5, 0xd5, 0x09, 0x47, 0xff, 0xff, 0xff, 0xff,
  0x95, 0x00, 0x00, 0x9b, 0xff, 0xff, 0xff, 0xff, 0xff, 0xff, 0xff, 0xff, 0x4f, 0x00, 0x00, 0xe0,
  0xff, 0xff, 0xff, 0xfb, 0x00, 0x36, 0xff, 0xff, 0xff, 0xff, 0xa3, 0x00, 0x00, 0xac, 0xff, 0xff,
  0xff, 0xcb, 0xe3, 0xff, 0xff, 0xff, 0x60, 0x00, 0x00, 0xef, 0xff, 0xff, 0xff, 0xea, 0x00, 0x25,
  0xff, 0xff, 0xff, 0xff, 0xb2, 0x00, 0x00, 0xbd, 0xff, 0xff, 0xff, 0x59, 0xa4, 0xff, 0xff, 0xff,
  0x71, 0x00, 0x01, 0xfd, 0xff, 0xff, 0xff, 0xd9, 0x00, 0x14, 0xff, 0xff, 0xff, 0xff, 0xc1, 0x00,
  0x00, 0xce, 0xff, 0xff, 0xff, 0x59, 0xa4, 0xff, 0xff, 0xff, 0x82, 0x00, 0x0d, 0xff, 0xff, 0xff,
  0xff, 0xc8, 0x00, 0x04, 0xff, 0xff, 0xff, 0xff, 0xd0, 0x00, 0x00, 0xdf, 0xff, 0xff, 0xff, 0x52,
  0x9e, 0xff, 0xff, 0xff, 0x93, 0x00, 0x1c, 0xff, 0xff, 0xff, 0xff, 0xb7, 0x00, 0x00, 0xf2, 0xff,
  0xff, 0xff, 0xdf, 0x00, 0x00, 0xf0, 0xff, 0xff, 0xff, 0x3f, 0x8c, 0xff, 0xff, 0xff, 0xa4, 0x00,
  0x2b, 0xff, 0xff, 0xff, 0xff, 0xa6, 0x00, 0x00, 0xe1, 0xff, 0xff, 0xff, 0xee, 0x00, 0x02, 0xfe,
  0xff, 0xff, 0xff, 0x2c, 0x79, 0xff, 0xff, 0xff, 0xb5, 0x00, 0x3a, 0xff, 0xff, 0xff, 0xff, 0x95,
  0x00, 0x00, 0xd0, 0xff, 0xff, 0xff, 0xfc, 0x00, 0x12, 0xff, 0xff, 0xff, 0xff, 0x19, 0x66, 0xff,
  0xff, 0xff, 0xc6, 0x00, 0x49, 0xff, 0xff, 0xff, 0xff, 0x84, 0x00, 0x00, 0xbf, 0xff, 0xff, 0xff,
  0xff, 0x0c, 0x23, 0xff, 0xff, 0xff, 0xff, 0x07, 0x53, 0xff, 0xff, 0xff, 0xd7, 0x00, 0x58, 0xff,
  0xff, 0xff, 0xff, 0x73, 0x00, 0x00, 0xae, 0xff, 0xff, 0xff, 0xff, 0x1b, 0x34, 0xff, 0xff, 0xff,
  0xf3, 0x00, 0x3f, 0xff, 0xff, 0xff, 0xe8, 0x00, 0x67, 0xff, 0xff, 0xff, 0xff, 0x62, 0x00, 0x00,
  0x9d, 0xff, 0xff, 0xff, 0xff, 0x2a, 0x45, 0xff, 0xff, 0xff, 0xe0, 0x00, 0x2c, 0xff, 0xff, 0xff,
  0xf9, 0x00, 0x76, 0xff, 0xff, 0xff, 0xff, 0x51, 0x00, 0x00, 0x8c, 0xff, 0xff, 0xff, 0xff, 0x39,
  0x56, 0xff, 0xff, 0xff, 0xcd, 0x00, 0x19, 0xff, 0xff, 0xff, 0xff, 0x0a, 0x85, 0xff, 0xff, 0xff,
  0xff, 0x40, 0x00, 0x00, 0x7b, 0xff, 0xff, 0xff, 0xff, 0x48, 0x67, 0xff, 0xff, 0xff, 0xba, 0x00,
  0x06, 0xff, 0xff, 0xff, 0xff, 0x1b, 0x94, 0xff, 0xff, 0xff, 0xff, 0x2f, 0x00, 0x00, 0x6a, 0xff,
  0xff, 0xff, 0xff, 0x57, 0x78, 0xff, 0xff, 0xff, 0xa7, 0x00, 0x00, 0xf3, 0xff, 0xff, 0xff, 0x2c,
  0xa3, 0xff, 0xff, 0xff, 0xff, 0x1e, 0x00, 0x00, 0x59, 0xff, 0xff, 0xff, 0xff, 0x66, 0x89, 0xff,
  0xff, 0xff, 0x94, 0x00, 0x00, 0xe0, 0xff, 0xff, 0xff, 0x3d, 0xb1, 0xff, 0xff, 0xff, 0xff, 0x0d,
  0x00, 0x00, 0x48, 0xff, 0xff, 0xff, 0xff, 0x6d, 0x90, 0xff, 0xff, 0xff, 0x81, 0x00, 0x00, 0xcd,
  0xff, 0xff, 0xff, 0x45, 0xb8, 0xff, 0xff, 0xff, 0xfb, 0x00, 0x00, 0x00, 0x37, 0xff, 0xff, 0xff,
  0xff, 0x6d, 0x90, 0xff, 0xff, 0xff, 0x6e, 0x00, 0x00, 0xba, 0xff, 0xff, 0xff, 0x45, 0xb8, 0xff,
  0xff, 0xff, 0xeb, 0x00, 0x00, 0x00, 0x26, 0xff, 0xff, 0xff, 0xff, 0xb9, 0xca, 0xff, 0xff, 0xff,
  0x5b, 0x00, 0x00, 0xa7, 0xff, 0xff, 0xff, 0xa6, 0xdd, 0xff, 0xff, 0xff, 0xda, 0x00, 0x00, 0x00,
  0x15, 0xff, 0xff, 0xff, 0xff, 0xff, 0xff, 0xff, 0xff, 0xff, 0x48, 0x00, 0x00, 0x94, 0xff, 0xff,
  0xff, 0xff, 0xff, 0xff, 0xff, 0xff, 0xc9, 0x00, 0x00, 0x00, 0x04, 0xff, 0xff, 0xff, 0xff, 0xff,
  0xff, 0xff, 0xff, 0xff, 0x35, 0x00, 0x00, 0x81, 0xff, 0xff, 0xff, 0xff, 0xff, 0xff, 0xff, 0xff,
  0xb8, 0x00, 0x00, 0x12, 0xce, 0xd5, 0xd5, 0xd5, 0xd5, 0xae, 0x00, 0x00, 0x00, 0x00, 0x00, 0x00,
  0x00, 0x1b, 0xd2, 0xd5, 0xd5, 0xd5, 0xd5, 0x98, 0x00, 0x00, 0x94, 0xff, 0xff, 0xff, 0xff, 0xff,
  0x48, 0x00, 0x00, 0x00, 0x00, 0x00, 0x00, 0x94, 0xff, 0xff, 0xff, 0xff, 0xff, 0x3e, 0x00, 0x00,
  0x19, 0xf6, 0xff, 0xff, 0xff, 0xff, 0xc9, 0x00, 0x00, 0x00, 0x00, 0x00, 0x1c, 0xf8, 0xff, 0xff,
  0xff, 0xff, 0xba, 0x00, 0x00, 0x00, 0x00, 0x8a, 0xff, 0xff, 0xff, 0xff, 0xff, 0x4b, 0x00, 0x00,
  0x00, 0x00, 0x97, 0xff, 0xff, 0xff, 0xff, 0xff, 0x37, 0x00, 0x00, 0x00, 0x00, 0x13, 0xf1, 0xff,
  0xff, 0xff, 0xff, 0xcc, 0x00, 0x00, 0x00, 0x1e, 0xf9, 0xff, 0xff, 0xff, 0xff, 0xb3, 0x00, 0x00,
  0x00, 0x00, 0x00, 0x00, 0x80, 0xff, 0xff, 0xff, 0xff, 0xff, 0x4e, 0x00, 0x00, 0x9a, 0xff, 0xff,
  0xff, 0xff, 0xfe, 0x30, 0x00, 0x00, 0x00, 0x00, 0x00, 0x00, 0x0e, 0xec, 0xff, 0xff, 0xff, 0xff,
  0xce, 0x01, 0x20, 0xfa, 0xff, 0xff, 0xff, 0xff, 0xab, 0x00, 0x00, 0x00, 0x00, 0x00, 0x00, 0x00,
  0x00, 0x76, 0xff, 0xff, 0xff, 0xff, 0xff, 0x68, 0xa5, 0xff, 0xff, 0xff, 0xff, 0xfd, 0x2a, 0x00,
  0x00, 0x00, 0x00, 0x00, 0x00, 0x00, 0x00, 0x0a, 0xe7, 0xff, 0xff, 0xff, 0xff, 0xff, 0xff, 0xff,
  0xff, 0xff, 0xff, 0xa4, 0x00, 0x00, 0x00, 0x00, 0x00, 0x00, 0x00, 0x00, 0x00, 0x00, 0x6c, 0xff,
  0xff, 0xff, 0xff, 0xff, 0xff, 0xff, 0xff, 0xff, 0xfb, 0x24, 0x00, 0x00, 0x00, 0x00, 0x00, 0x00,
  0x00, 0x00, 0x00, 0x00, 0x35, 0xff, 0xff, 0xff, 0xff, 0xff, 0xff, 0xff, 0xff, 0xff, 0xe9, 0x00,
  0x00, 0x00, 0x00, 0x00, 0x00, 0x00, 0x00, 0x00, 0x00, 0x00, 0x99, 0xff, 0xff, 0xff, 0xff, 0xff,
  0xff, 0xff, 0xff, 0xff, 0xff, 0x4d, 0x00, 0x00, 0x00, 0x00, 0x00, 0x00, 0x00, 0x00, 0x00, 0x22,
  0xfa, 0xff, 0xff, 0xff, 0xff, 0xea, 0xf5, 0xff, 0xff, 0xff, 0xff, 0xd0, 0x01, 0x00, 0x00, 0x00,
  0x00, 0x00, 0x00, 0x00, 0x00, 0xa2, 0xff, 0xff, 0xff, 0xff, 0xfe, 0x2b, 0x75, 0xff, 0xff, 0xff,
  0xff, 0xff, 0x56, 0x00, 0x00, 0x00, 0x00, 0x00, 0x00, 0x00, 0x29, 0xfd, 0xff, 0xff, 0xff, 0xff,
  0xae, 0x00, 0x0c, 0xed, 0xff, 0xff, 0xff, 0xff, 0xd8, 0x03, 0x00, 0x00, 0x00, 0x00, 0x00, 0x00,
  0xab, 0xff, 0xff, 0xff, 0xff, 0xff, 0x34, 0x00, 0x00, 0x7f, 0xff, 0xff, 0xff, 0xff, 0xff, 0x60,
  0x00, 0x00, 0x00, 0x00, 0x00, 0x31, 0xfe, 0xff, 0xff, 0xff, 0xff, 0xb9, 0x00, 0x00, 0x00, 0x12,
  0xf3, 0xff, 0xff, 0xff, 0xff, 0xde, 0x05, 0x00, 0x00, 0x00, 0x00, 0xb5, 0xff, 0xff, 0xff, 0xff,
  0xff, 0x3e, 0x00, 0x00, 0x00, 0x00, 0x8a, 0xff, 0xff, 0xff, 0xff, 0xff, 0x69, 0x00, 0x00, 0x00,
  0x3a, 0xff, 0xff, 0xff, 0xff, 0xff, 0xc4, 0x00, 0x00, 0x00, 0x00, 0x00, 0x18, 0xf7, 0xff, 0xff,
  0xff, 0xff, 0xe5, 0x08, 0x00, 0x00, 0xbe, 0xff, 0xff, 0xff, 0xff, 0xff, 0x49, 0x00, 0x00, 0x00,
  0x00, 0x00, 0x00, 0x95, 0xff, 0xff, 0xff, 0xff, 0xff, 0x72, 0x00, 0x43, 0xff, 0xff, 0xff, 0xff,
  0xff, 0xce, 0x00, 0x00, 0x00, 0x00, 0x00, 0x00, 0x00, 0x1f, 0xfb, 0xff, 0xff, 0xff, 0xff, 0xea,
  0x0c, 0x9a, 0xd5, 0xd5, 0xd5, 0xd5, 0x79, 0x00, 0x00, 0x00, 0x00, 0x00, 0x00, 0x00, 0x00, 0x82,
  0xd5, 0xd5, 0xd5, 0xd5, 0x90, 0xb9, 0xff, 0xff, 0xff, 0xff, 0x91, 0x00, 0x00, 0x00, 0x00, 0x00,
  0x00, 0x00, 0x00, 0x9c, 0xff, 0xff, 0xff, 0xff, 0xae, 0xb9, 0xff, 0xff, 0xff, 0xff, 0x91, 0x00,
  0x00, 0x00, 0x00, 0x00, 0x00, 0x00, 0x00, 0x9c, 0xff, 0xff, 0xff, 0xff, 0xae, 0xb9, 0xff, 0xff,
  0xff, 0xff, 0x91, 0x00, 0x00, 0x00, 0x00, 0x00, 0x00, 0x00, 0x00, 0x9c, 0xff, 0xff, 0xff, 0xff,
  0xae, 0xb9, 0xff, 0xff, 0xff, 0xff, 0x91, 0x00, 0x00, 0x00, 0x00, 0x00, 0x00, 0x00, 0x00, 0x9c,
  0xff, 0xff, 0xff, 0xff, 0xae, 0xb9, 0xff, 0xff, 0xff, 0xff, 0x91, 0x00, 0x00, 0x00, 0x00, 0x00,
  0x00, 0x00, 0x00, 0x9c, 0xff, 0xff, 0xff, 0xff, 0xae, 0xb9, 0xff, 0xff, 0xff, 0xff, 0x91, 0x00,
  0x00, 0x00, 0x00, 0x00, 0x00, 0x00, 0x00, 0x9c, 0xff, 0xff, 0xff, 0xff, 0xae, 0xb9, 0xff, 0xff,
  0xff, 0xff, 0x91, 0x00, 0x00, 0x00, 0x00, 0x00, 0x00, 0x00, 0x00, 0x9c, 0xff, 0xff, 0xff, 0xff,
  0xae, 0xb9, 0xff, 0xff, 0xff, 0xff, 0x91, 0x00, 0x00, 0x00, 0x00, 0x00, 0x00, 0x00, 0x00, 0x9c,
  0xff, 0xff, 0xff, 0xff, 0xae, 0xb9, 0xff, 0xff, 0xff, 0xff, 0x91, 0x00, 0x00, 0x00, 0x00, 0x00,
  0x00, 0x00, 0x00, 0x9c, 0xff, 0xff, 0xff, 0xff, 0xae, 0xb9, 0xff, 0xff, 0xff, 0xff, 0x91, 0x00,
  0x00, 0x00, 0x00, 0x00, 0x00, 0x00, 0x00, 0x9c, 0xff, 0xff, 0xff, 0xff, 0xae, 0xb9, 0xff, 0xff,
  0xff, 0xff, 0x91, 0x00, 0x00, 0x00, 0x00, 0x00, 0x00, 0x00, 0x00, 0xa2, 0xff, 0xff, 0xff, 0xff,
  0xae, 0xb9, 0xff, 0xff, 0xff, 0xff, 0x98, 0x00, 0x00, 0x00, 0x00, 0x00, 0x00, 0x00, 0x00, 0xb8,
  0xff, 0xff, 0xff, 0xff, 0xae, 0xb5, 0xff, 0xff, 0xff, 0xff, 0xb7, 0x00, 0x00, 0x00, 0x00, 0x00,
  0x00, 0x00, 0x02, 0xe9, 0xff, 0xff, 0xff, 0xff, 0xae, 0xa7, 0xff, 0xff, 0xff, 0xff, 0xf5, 0x11,
  0x00, 0x00, 0x00, 0x00, 0x00, 0x00, 0x4c, 0xff, 0xff, 0xff, 0xff, 0xff, 0xae, 0x84, 0xff, 0xff,
  0xff, 0xff, 0xff, 0xa5, 0x02, 0x00, 0x00, 0x00, 0x00, 0x18, 0xdd, 0xff, 0xff, 0xff, 0xff, 0xff,
  0xae, 0x48, 0xff, 0xff, 0xff, 0xff, 0xff, 0xff, 0xc4, 0x5d, 0x39, 0x43, 0x7c, 0xea, 0xff, 0xff,
  0xff, 0xff, 0xff, 0xff, 0xae, 0x05, 0xe5, 0xff, 0xff, 0xff, 0xff, 0xff, 0xff, 0xff, 0xff, 0xff,
  0xff, 0xff, 0xfd, 0xfd, 0xff, 0xff, 0xff, 0xff, 0xae, 0x00, 0x5f, 0xff, 0xff, 0xff, 0xff, 0xff,
  0xff, 0xff, 0xff, 0xff, 0xff, 0xff, 0x62, 0x9c, 0xff, 0xff, 0xff, 0xff, 0xae, 0x00, 0x00, 0x94,
  0xff, 0xff, 0xff, 0xff, 0xff, 0xff, 0xff, 0xff, 0xff, 0xbd, 0x02, 0x9c, 0xff, 0xff, 0xff, 0xff,
  0xae, 0x00, 0x00, 0x00, 0x68, 0xe9, 0xff, 0xff, 0xff, 0xff, 0xff, 0xfd, 0x9f, 0x0c, 0x00, 0x9c,
  0xff, 0xff, 0xff, 0xff, 0xae, 0x00, 0x00, 0x00, 0x00, 0x07, 0x4b, 0x7e, 0x92, 0x8a, 0x66, 0x20,
  0x00, 0x00, 0x00, 0x9c, 0xff, 0xff, 0xff, 0xff, 0xae, 0x00, 0x00, 0x00, 0x00, 0x00, 0x00, 0x00,
  0x00, 0x00, 0x00, 0x00, 0x00, 0x00, 0x00, 0x9c, 0xff, 0xff, 0xff, 0xff, 0xae, 0x00, 0x00, 0x00,
  0x00, 0x00, 0x00, 0x00, 0x00, 0x00, 0x00, 0x00, 0x00, 0x00, 0x00, 0xb0, 0xff, 0xff, 0xff, 0xff,
  0xae, 0x00, 0x00, 0x00, 0x00, 0x9a, 0xa3, 0xa3, 0xa3, 0xa3, 0xa3, 0xa3, 0xa3, 0xa3, 0xb3, 0xfd,
  0xff, 0xff, 0xff, 0xff, 0xae, 0x00, 0x00, 0x00, 0x00, 0xf1, 0xff, 0xff, 0xff, 0xff, 0xff, 0xff,
  0xff, 0xff, 0xff, 0xff, 0xff, 0xff, 0xff, 0xff, 0xae, 0x00, 0x00, 0x00, 0x00, 0xf1, 0xff, 0xff,
  0xff, 0xff, 0xff, 0xff, 0xff, 0xff, 0xff, 0xff, 0xff, 0xff, 0xff, 0xff, 0xa5, 0x00, 0x00, 0x00,
  0x00, 0xf1, 0xff, 0xff, 0xff, 0xff, 0xff, 0xff, 0xff, 0xff, 0xff, 0xff, 0xff, 0xff, 0xff, 0xff,
  0x65, 0x00, 0x00, 0x00, 0x00, 0xf1, 0xff, 0xff, 0xff, 0xff, 0xff, 0xff, 0xff, 0xff, 0xff, 0xff,
  0xff, 0xff, 0xff, 0xae, 0x03, 0x00, 0x00, 0x00, 0x00, 0x60, 0x66, 0x66, 0x66, 0x66, 0x66, 0x66,
  0x66, 0x66, 0x66, 0x66, 0x66, 0x63, 0x3a, 0x00, 0x00, 0x00, 0xc5, 0xd5, 0xd5, 0xd5, 0xd5, 0xd5,
  0xd5, 0xd5, 0xd5, 0xd5, 0xd5, 0xd5, 0xd5, 0xd5, 0xd5, 0xd5, 0xd5, 0x62, 0x00, 0xed, 0xff, 0xff,
  0xff, 0xff, 0xff, 0xff, 0xff, 0xff, 0xff, 0xff, 0xff, 0xff, 0xff, 0xff, 0xff, 0xff, 0x76, 0x00,
  0xed, 0xff, 0xff, 0xff, 0xff, 0xff, 0xff, 0xff, 0xff, 0xff, 0xff, 0xff, 0xff, 0xff, 0xff, 0xff,
  0xff, 0x76, 0x00, 0xed, 0xff, 0xff, 0xff, 0xff, 0xff, 0xff, 0xff, 0xff, 0xff, 0xff, 0xff, 0xff,
  0xff, 0xff, 0xff, 0xff, 0x76, 0x00, 0xed, 0xff, 0xff, 0xff, 0xff, 0xff, 0xff, 0xff, 0xff, 0xff,
  0xff, 0xff, 0xff, 0xff, 0xff, 0xff, 0xff, 0x76, 0x00, 0x09, 0x0a, 0x0a, 0x0a, 0x0a, 0x0a, 0x0a,
  0x0a, 0x0a, 0x0a, 0x0a, 0x0a, 0x27, 0xff, 0xff, 0xff, 0xff, 0x76, 0x00, 0x00, 0x00, 0x00, 0x00,
  0x00, 0x00, 0x00, 0x00, 0x00, 0x00, 0x12, 0x82, 0xef, 0xff, 0xff, 0xff, 0xff, 0x76, 0x00, 0x00,
  0x00, 0x00, 0x00, 0x00, 0x00, 0x00, 0x00, 0x16, 0x88, 0xf3, 0xff, 0xff, 0xff, 0xff, 0xff, 0xff,
  0x76, 0x00, 0x00, 0x00, 0x00, 0x00, 0x00, 0x00, 0x1a, 0x8f, 0xf5, 0xff, 0xff, 0xff, 0xff, 0xff,
  0xff, 0xff, 0xff, 0x64, 0x00, 0x00, 0x00, 0x00, 0x00, 0x1e, 0x95, 0xf8, 0xff, 0xff, 0xff, 0xff,
  0xff, 0xff, 0xff, 0xff, 0xb4, 0x36, 0x00, 0x00, 0x00, 0x00, 0x23, 0x9c, 0xfa, 0xff, 0xff, 0xff,
  0xff, 0xff, 0xff, 0xff, 0xff, 0xb1, 0x33, 0x00, 0x00, 0x00, 0x00, 0x28, 0xa3, 0xfc, 0xff, 0xff,
  0xff, 0xff, 0xff, 0xff, 0xff, 0xfe, 0xae, 0x30, 0x00, 0x00, 0x00, 0x00, 0x00, 0x27, 0xfd, 0xff,
  0xff, 0xff, 0xff, 0xff, 0xff, 0xff, 0xfe, 0xaa, 0x2d, 0x00, 0x00, 0x00, 0x00, 0x00, 0x00, 0x00,
  0x2d, 0xff, 0xff, 0xff, 0xff, 0xff, 0xff, 0xfd, 0xa7, 0x2a, 0x00, 0x00, 0x00, 0x00, 0x00, 0x00,
  0x00, 0x00, 0x00, 0x2d, 0xff, 0xff, 0xff, 0xff, 0xfc, 0xa4, 0x28, 0x00, 0x00, 0x00, 0x00, 0x00,
  0x00, 0x00, 0x00, 0x00, 0x00, 0x00, 0x2d, 0xff, 0xff, 0xff, 0xff, 0x6d, 0x0a, 0x0a, 0x0a, 0x0a,
  0x0a, 0x0a, 0x0a, 0x0a, 0x0a, 0x0a, 0x0a, 0x0a, 0x09, 0x2d, 0xff, 0xff, 0xff, 0xff, 0xff, 0xff,
  0xff, 0xff, 0xff, 0xff, 0xff, 0xff, 0xff, 0xff, 0xff, 0xff, 0xff, 0xf7, 0x2d, 0xff, 0xff, 0xff,
  0xff, 0xff, 0xff, 0xff, 0xff, 0xff, 0xff, 0xff, 0xff, 0xff, 0xff, 0xff, 0xff, 0xff, 0xf7, 0x2d,
  0xff, 0xff, 0xff, 0xff, 0xff, 0xff, 0xff, 0xff, 0xff, 0xff, 0xff, 0xff, 0xff, 0xff, 0xff, 0xff,
  0xff, 0xf7, 0x2d, 0xff, 0xff, 0xff, 0xff, 0xff, 0xff, 0xff, 0xff, 0xff, 0xff, 0xff, 0xff, 0xff,
  0xff, 0xff, 0xff, 0xff, 0xf7, 0x2d, 0xff, 0xff, 0xff, 0xff, 0xff, 0xff, 0xff, 0xff, 0xff, 0xff,
  0xff, 0xff, 0xff, 0xff, 0xff, 0xff, 0xff, 0xf7, 0x00, 0x00, 0x00, 0x00, 0x00, 0x00, 0x34, 0xb0,
  0xe7, 0xf3, 0xf3, 0xf3, 0xf3, 0xf3, 0x8d, 0x00, 0x00, 0x00, 0x00, 0x00, 0x45, 0xf9, 0xff, 0xff,
  0xff, 0xff, 0xff, 0xff, 0xff, 0x94, 0x00, 0x00, 0x00, 0x00, 0x01, 0xdd, 0xff, 0xff, 0xff, 0xff,
  0xff, 0xff, 0xff, 0xff, 0x94, 0x00, 0x00, 0x00, 0x00, 0x29, 0xff, 0xff, 0xff, 0xff, 0xff, 0xff,
  0xff, 0xff, 0xff, 0x94, 0x00, 0x00, 0x00, 0x00, 0x3e, 0xff, 0xff, 0xff, 0xff, 0xff, 0xff, 0xff,
  0xff, 0xff, 0x94, 0x00, 0x00, 0x00, 0x00, 0x3f, 0xff, 0xff, 0xff, 0xff, 0xff, 0x62, 0x17, 0x16,
  0x16, 0x0d, 0x00, 0x00, 0x00, 0x00, 0x3f, 0xff, 0xff, 0xff, 0xff, 0xff, 0x0d, 0x00, 0x00, 0x00,
  0x00, 0x00, 0x00, 0x00, 0x00, 0x3f, 0xff, 0xff, 0xff, 0xff, 0xff, 0x0b, 0x00, 0x00, 0x00, 0x00,
  0x00, 0x00, 0x00, 0x00, 0x3f, 0xff, 0xff, 0xff, 0xff, 0xff, 0x0b, 0x00, 0x00, 0x00, 0x00, 0x00,
  0x00, 0x00, 0x00, 0x3f, 0xff, 0xff, 0xff, 0xff, 0xff, 0x0b, 0x00, 0x00, 0x00, 0x00, 0x00, 0x00,
  0x00, 0x00, 0x3f, 0xff, 0xff, 0xff, 0xff, 0xff, 0x0b, 0x00, 0x00, 0x00, 0x00, 0x00, 0x00, 0x00,
  0x00, 0x3f, 0xff, 0xff, 0xff, 0xff, 0xff, 0x0b, 0x00, 0x00, 0x00, 0x00, 0x00, 0x00, 0x00, 0x00,
  0x3f, 0xff, 0xff, 0xff, 0xff, 0xff, 0x0b, 0x00, 0x00, 0x00, 0x00, 0x00, 0x00, 0x00, 0x00, 0x3f,
  0xff, 0xff, 0xff, 0xff, 0xff, 0x0b, 0x00, 0x00, 0x00, 0x00, 0x00, 0x00, 0x00, 0x00, 0x3f, 0xff,
  0xff, 0xff, 0xff, 0xff, 0x0b, 0x00, 0x00, 0x00, 0x00, 0x00, 0x00, 0x00, 0x00, 0x3f, 0xff, 0xff,
  0xff, 0xff, 0xff, 0x0b, 0x00, 0x00, 0x00, 0x00, 0x00, 0x00, 0x00, 0x00, 0x3f, 0xff, 0xff, 0xff,
  0xff, 0xff, 0x0b, 0x00, 0x00, 0x00, 0x00, 0x00, 0x00, 0x00, 0x00, 0x58, 0xff, 0xff, 0xff, 0xff,
  0xff, 0x09, 0x00, 0x00, 0x00, 0x00, 0x05, 0xb9, 0xb9, 0xbc, 0xf2, 0xff, 0xff, 0xff, 0xff, 0xed,
  0x00, 0x00, 0x00, 0x00, 0x00, 0x07, 0xff, 0xff, 0xff, 0xff, 0xff, 0xff, 0xff, 0xff, 0x80, 0x00,
  0x00, 0x00, 0x00, 0x00, 0x07, 0xff, 0xff, 0xff, 0xff, 0xff, 0xf5, 0xd5, 0x76, 0x02, 0x00, 0x00,
  0x00, 0x00, 0x00, 0x07, 0xff, 0xff, 0xff, 0xff, 0xff, 0xab, 0x3b, 0x04, 0x00, 0x00, 0x00, 0x00,
  0x00, 0x00, 0x07, 0xff, 0xff, 0xff, 0xff, 0xff, 0xff, 0xff, 0xd8, 0x20, 0x00, 0x00, 0x00, 0x00,
  0x00, 0x07, 0xff, 0xff, 0xff, 0xff, 0xff, 0xff, 0xff, 0xff, 0xb9, 0x00, 0x00, 0x00, 0x00, 0x00,
  0x02, 0x52, 0x52, 0x55, 0xb8, 0xff, 0xff, 0xff, 0xff, 0xfc, 0x03, 0x00, 0x00, 0x00, 0x00, 0x00,
  0x00, 0x00, 0x00, 0x44, 0xff, 0xff, 0xff, 0xff, 0xff, 0x0b, 0x00, 0x00, 0x00, 0x00, 0x00, 0x00,
  0x00, 0x00, 0x3f, 0xff, 0xff, 0xff, 0xff, 0xff, 0x0b, 0x00, 0x00, 0x00, 0x00, 0x00, 0x00, 0x00,
  0x00, 0x3f, 0xff, 0xff, 0xff, 0xff, 0xff, 0x0b, 0x00, 0x00, 0x00, 0x00, 0x00, 0x00, 0x00, 0x00,
  0x3f, 0xff, 0xff, 0xff, 0xff, 0xff, 0x0b, 0x00, 0x00, 0x00, 0x00, 0x00, 0x00, 0x00, 0x00, 0x3f,
  0xff, 0xff, 0xff, 0xff, 0xff, 0x0b, 0x00, 0x00, 0x00, 0x00, 0x00, 0x00, 0x00, 0x00, 0x3f, 0xff,
  0xff, 0xff, 0xff, 0xff, 0x0b, 0x00, 0x00, 0x00, 0x00, 0x00, 0x00, 0x00, 0x00, 0x3f, 0xff, 0xff,
  0xff, 0xff, 0xff, 0x0b, 0x00, 0x00, 0x00, 0x00, 0x00, 0x00, 0x00, 0x00, 0x3f, 0xff, 0xff, 0xff,
  0xff, 0xff, 0x0b, 0x00, 0x00, 0x00, 0x00, 0x00, 0x00, 0x00, 0x00, 0x3f, 0xff, 0xff, 0xff, 0xff,
  0xff, 0x0b, 0x00, 0x00, 0x00, 0x00, 0x00, 0x00, 0x00, 0x00, 0x3f, 0xff, 0xff, 0xff, 0xff, 0xff,
  0x0b, 0x00, 0x00, 0x00, 0x00, 0x00, 0x00, 0x00, 0x00, 0x3f, 0xff, 0xff, 0xff, 0xff, 0xff, 0x0b,
  0x00, 0x00, 0x00, 0x00, 0x00, 0x00, 0x00, 0x00, 0x3f, 0xff, 0xff, 0xff, 0xff, 0xff, 0x16, 0x00,
  0x00, 0x00, 0x00, 0x00, 0x00, 0x00, 0x00, 0x3f, 0xff, 0xff, 0xff, 0xff, 0xff, 0xbb, 0x7d, 0x7c,
  0x7c, 0x48, 0x00, 0x00, 0x00, 0x00, 0x39, 0xff, 0xff, 0xff, 0xff, 0xff, 0xff, 0xff, 0xff, 0xff,
  0x94, 0x00, 0x00, 0x00, 0x00, 0x15, 0xfe, 0xff, 0xff, 0xff, 0xff, 0xff, 0xff, 0xff, 0xff, 0x94,
  0x00, 0x00, 0x00, 0x00, 0x00, 0xac, 0xff, 0xff, 0xff, 0xff, 0xff, 0xff, 0xff, 0xff, 0x94, 0x00,
  0x00, 0x00, 0x00, 0x00, 0x12, 0xc5, 0xff, 0xff, 0xff, 0xff, 0xff, 0xff, 0xff, 0x94, 0x00, 0x00,
  0x00, 0x00, 0x00, 0x00, 0x01, 0x4a, 0x81, 0x8d, 0x8d, 0x8d, 0x8d, 0x8d, 0x51, 0xa2, 0xf3, 0xf3,
  0xf3, 0xf3, 0x5a, 0xaa, 0xff, 0xff, 0xff, 0xff, 0x5f, 0xaa, 0xff, 0xff, 0xff, 0xff, 0x5f, 0xaa,
  0xff, 0xff, 0xff, 0xff, 0x5f, 0xaa, 0xff, 0xff, 0xff, 0xff, 0x5f, 0xaa, 0xff, 0xff, 0xff, 0xff,
  0x5f, 0xaa, 0xff, 0xff, 0xff, 0xff, 0x5f, 0xaa, 0xff, 0xff, 0xff, 0xff, 0x5f, 0xaa, 0xff, 0xff,
  0xff, 0xff, 0x5f, 0xaa, 0xff, 0xff, 0xff, 0xff, 0x5f, 0xaa, 0xff, 0xff, 0xff, 0xff, 0x5f, 0xaa,
  0xff, 0xff, 0xff, 0xff, 0x5f, 0xaa, 0xff, 0xff, 0xff, 0xff, 0x5f, 0xaa, 0xff, 0xff, 0xff, 0xff,
  0x5f, 0xaa, 0xff, 0xff, 0xff, 0xff, 0x5f, 0xaa, 0xff, 0xff, 0xff, 0xff, 0x5f, 0xaa, 0xff, 0xff,
  0xff, 0xff, 0x5f, 0xaa, 0xff, 0xff, 0xff, 0xff, 0x5f, 0xaa, 0xff, 0xff, 0xff, 0xff, 0x5f, 0xaa,
  0xff, 0xff, 0xff, 0xff, 0x5f, 0xaa, 0xff, 0xff, 0xff, 0xff, 0x5f, 0xaa, 0xff, 0xff, 0xff, 0xff,
  0x5f, 0xaa, 0xff, 0xff, 0xff, 0xff, 0x5f, 0xaa, 0xff, 0xff, 0xff, 0xff, 0x5f, 0xaa, 0xff, 0xff,
  0xff, 0xff, 0x5f, 0xaa, 0xff, 0xff, 0xff, 0xff, 0x5f, 0xaa, 0xff, 0xff, 0xff, 0xff, 0x5f, 0xaa,
  0xff, 0xff, 0xff, 0xff, 0x5f, 0xaa, 0xff, 0xff, 0xff, 0xff, 0x5f, 0xaa, 0xff, 0xff, 0xff, 0xff,
  0x5f, 0xaa, 0xff, 0xff, 0xff, 0xff, 0x5f, 0xaa, 0xff, 0xff, 0xff, 0xff, 0x5f, 0xaa, 0xff, 0xff,
  0xff, 0xff, 0x5f, 0xaa, 0xff, 0xff, 0xff, 0xff, 0x5f, 0xaa, 0xff, 0xff, 0xff, 0xff, 0x5f, 0xaa,
  0xff, 0xff, 0xff, 0xff, 0x5f, 0xaa, 0xff, 0xff, 0xff, 0xff, 0x5f, 0xaa, 0xff, 0xff, 0xff, 0xff,
  0x5f, 0xaa, 0xff, 0xff, 0xff, 0xff, 0x5f, 0xaa, 0xff, 0xff, 0xff, 0xff, 0x5f, 0xaa, 0xff, 0xff,
  0xff, 0xff, 0x5f, 0xaa, 0xff, 0xff, 0xff, 0xff, 0x5f, 0x5e, 0x8d, 0x8d, 0x8d, 0x8d, 0x34, 0xd5,
  0xf3, 0xf3, 0xf3, 0xf3, 0xf2, 0xdd, 0x93, 0x15, 0x00, 0x00, 0x00, 0x00, 0x00, 0xe0, 0xff, 0xff,
  0xff, 0xff, 0xff, 0xff, 0xff, 0xdd, 0x15, 0x00, 0x00, 0x00, 0x00, 0xe0, 0xff, 0xff, 0xff, 0xff,
  0xff, 0xff, 0xff, 0xff, 0x93, 0x00, 0x00, 0x00, 0x00, 0xe0, 0xff, 0xff, 0xff, 0xff, 0xff, 0xff,
  0xff, 0xff, 0xdd, 0x00, 0x00, 0x00, 0x00, 0xe0, 0xff, 0xff, 0xff, 0xff, 0xff, 0xff, 0xff, 0xff,
  0xf2, 0x00, 0x00, 0x00, 0x00, 0x13, 0x16, 0x16, 0x1b, 0xa4, 0xff, 0xff, 0xff, 0xff, 0xf3, 0x00,
  0x00, 0x00, 0x00, 0x00, 0x00, 0x00, 0x00, 0x59, 0xff, 0xff, 0xff, 0xff, 0xf3, 0x00, 0x00, 0x00,
  0x00, 0x00, 0x00, 0x00, 0x00, 0x57, 0xff, 0xff, 0xff, 0xff, 0xf3, 0x00, 0x00, 0x00, 0x00, 0x00,
  0x00, 0x00, 0x00, 0x57, 0xff, 0xff, 0xff, 0xff, 0xf3, 0x00, 0x00, 0x00, 0x00, 0x00, 0x00, 0x00,
  0x00, 0x57, 0xff, 0xff, 0xff, 0xff, 0xf3, 0x00, 0x00, 0x00, 0x00, 0x00, 0x00, 0x00, 0x00, 0x57,
  0xff, 0xff, 0xff, 0xff, 0xf3, 0x00, 0x00, 0x00, 0x00, 0x00, 0x00, 0x00, 0x00, 0x57, 0xff, 0xff,
  0xff, 0xff, 0xf3, 0x00, 0x00, 0x00, 0x00, 0x00, 0x00, 0x00, 0x00, 0x57, 0xff, 0xff, 0xff, 0xff,
  0xf3, 0x00, 0x00, 0x00, 0x00, 0x00, 0x00, 0x00, 0x00, 0x57, 0xff, 0xff, 0xff, 0xff, 0xf3, 0x00,
  0x00, 0x00, 0x00, 0x00, 0x00, 0x00, 0x00, 0x57, 0xff, 0xff, 0xff, 0xff, 0xf3, 0x00, 0x00, 0x00,
  0x00, 0x00, 0x00, 0x00, 0x00, 0x57, 0xff, 0xff, 0xff, 0xff, 0xf3, 0x00, 0x00, 0x00, 0x00, 0x00,
  0x00, 0x00, 0x00, 0x57, 0xff, 0xff, 0xff, 0xff, 0xf3, 0x00, 0x00, 0x00, 0x00, 0x00, 0x00, 0x00,
  0x00, 0x55, 0xff, 0xff, 0xff, 0xff, 0xfd, 0x0e, 0x00, 0x00, 0x00, 0x00, 0x00, 0x00, 0x00, 0x3a,
  0xff, 0xff, 0xff, 0xff, 0xff, 0xdf, 0xb9, 0xb9, 0x87, 0x00, 0x00, 0x00, 0x00, 0x01, 0xca, 0xff,
  0xff, 0xff, 0xff, 0xff, 0xff, 0xff, 0xbb, 0x00, 0x00, 0x00, 0x00, 0x00, 0x14, 0x9d, 0xe1, 0xfc,
  0xff, 0xff, 0xff, 0xff, 0xbb, 0x00, 0x00, 0x00, 0x00, 0x00, 0x00, 0x10, 0x47, 0xdf, 0xff, 0xff,
  0xff, 0xff, 0xbb, 0x00, 0x00, 0x00, 0x00, 0x00, 0x51, 0xf3, 0xff, 0xff, 0xff, 0xff, 0xff, 0xff,
  0xbb, 0x00, 0x00, 0x00, 0x00, 0x11, 0xf3, 0xff, 0xff, 0xff, 0xff, 0xff, 0xff, 0xff, 0xbb, 0x00,
  0x00, 0x00, 0x00, 0x4b, 0xff, 0xff, 0xff, 0xff, 0xff, 0x87, 0x53, 0x52, 0x3c, 0x00, 0x00, 0x00,
  0x00, 0x57, 0xff, 0xff, 0xff, 0xff, 0xf8, 0x00, 0x00, 0x00, 0x00, 0x00, 0x00, 0x00, 0x00, 0x57,
  0xff, 0xff, 0xff, 0xff, 0xf3, 0x00, 0x00, 0x00, 0x00, 0x00, 0x00, 0x00, 0x00, 0x57, 0xff, 0xff,
  0xff, 0xff, 0xf3, 0x00, 0x00, 0x00, 0x00, 0x00, 0x00, 0x00, 0x00, 0x57, 0xff, 0xff, 0xff, 0xff,
  0xf3, 0x00, 0x00, 0x00, 0x00, 0x00, 0x00, 0x00, 0x00, 0x57, 0xff, 0xff, 0xff, 0xff, 0xf3, 0x00,
  0x00, 0x00, 0x00, 0x00, 0x00, 0x00, 0x00, 0x57, 0xff, 0xff, 0xff, 0xff, 0xf3, 0x00, 0x00, 0x00,
  0x00, 0x00, 0x00, 0x00, 0x00, 0x57, 0xff, 0xff, 0xff, 0xff, 0xf3, 0x00, 0x00, 0x00, 0x00, 0x00,
  0x00, 0x00, 0x00, 0x57, 0xff, 0xff, 0xff, 0xff, 0xf3, 0x00, 0x00, 0x00, 0x00, 0x00, 0x00, 0x00,
  0x00, 0x57, 0xff, 0xff, 0xff, 0xff, 0xf3, 0x00, 0x00, 0x00, 0x00, 0x00, 0x00, 0x00, 0x00, 0x57,
  0xff, 0xff, 0xff, 0xff, 0xf3, 0x00, 0x00, 0x00, 0x00, 0x00, 0x00, 0x00, 0x00, 0x57, 0xff, 0xff,
  0xff, 0xff, 0xf3, 0x00, 0x00, 0x00, 0x00, 0x00, 0x00, 0x00, 0x00, 0x62, 0xff, 0xff, 0xff, 0xff,
  0xf3, 0x00, 0x00, 0x00, 0x00, 0x6d, 0x7c, 0x7c, 0x81, 0xde, 0xff, 0xff, 0xff, 0xff, 0xf3, 0x00,
  0x00, 0x00, 0x00, 0xe0, 0xff, 0xff, 0xff, 0xff, 0xff, 0xff, 0xff, 0xff, 0xed, 0x00, 0x00, 0x00,
  0x00, 0xe0, 0xff, 0xff, 0xff, 0xff, 0xff, 0xff, 0xff, 0xff, 0xc8, 0x00, 0x00, 0x00, 0x00, 0xe0,
  0xff, 0xff, 0xff, 0xff, 0xff, 0xff, 0xff, 0xff, 0x60, 0x00, 0x00, 0x00, 0x00, 0xe0, 0xff, 0xff,
  0xff, 0xff, 0xff, 0xff, 0xff, 0x8c, 0x00, 0x00, 0x00, 0x00, 0x00, 0x7b, 0x8d, 0x8d, 0x8d, 0x8d,
  0x8c, 0x77, 0x2e, 0x00, 0x00, 0x00, 0x00, 0x00, 0x00, 0x00, 0x00, 0x00, 0x00, 0x00, 0x00, 0x00,
  0x1d, 0x66, 0x7d, 0x68, 0x1f, 0x00, 0x00, 0x00, 0x00, 0x00, 0x00, 0x00, 0x56, 0x48, 0x00, 0x00,
  0x00, 0x00, 0x00, 0x00, 0x00, 0x00, 0x0a, 0x94, 0xfb, 0xff, 0xff, 0xff, 0xfc, 0x6f, 0x00, 0x00,
  0x00, 0x00, 0x0a, 0x9b, 0xff, 0xec, 0x1d, 0x00, 0x00, 0x00, 0x00, 0x00, 0x00, 0x29, 0xd5, 0xff,
  0xff, 0xff, 0xff, 0xff, 0xff, 0xfe, 0x45, 0x00, 0x00, 0x2d, 0xd5, 0xff, 0xff, 0xff, 0xc5, 0x04,
  0x00, 0x00, 0x00, 0x00, 0x5b, 0xf4, 0xff, 0xff, 0xff, 0xff, 0xff, 0xff, 0xff, 0xff, 0xea, 0x66,
  0x86, 0xf8, 0xff, 0xff, 0xff, 0xff, 0xff, 0x8a, 0x00, 0x00, 0x07, 0x98, 0xff, 0xff, 0xff, 0xff,
  0xff, 0xff, 0xff, 0xff, 0xff, 0xff, 0xff, 0xff, 0xff, 0xff, 0xff, 0xff, 0xff, 0xff, 0xfe, 0x88,
  0x00, 0x1a, 0xce, 0xff, 0xff, 0xff, 0xff, 0xff, 0xff, 0xff, 0xff, 0xff, 0xff, 0xff, 0xff, 0xff,
  0xff, 0xff, 0xff, 0xff, 0xff, 0xee, 0x4d, 0x00, 0x00, 0x08, 0xd0, 0xff, 0xff, 0xff, 0xff, 0xff,
  0xd5, 0x5b, 0x7e, 0xfe, 0xff, 0xff, 0xff, 0xff, 0xff, 0xff, 0xff, 0xff, 0xcb, 0x20, 0x00, 0x00,
  0x00, 0x00, 0x26, 0xf2, 0xff, 0xff, 0xff, 0x95, 0x08, 0x00, 0x00, 0x90, 0xff, 0xff, 0xff, 0xff,
  0xff, 0xff, 0xff, 0x94, 0x06, 0x00, 0x00, 0x00, 0x00, 0x00, 0x00, 0x58, 0xff, 0xee, 0x51, 0x00,
  0x00, 0x00, 0x00, 0x05, 0xa3, 0xff, 0xff, 0xff, 0xff, 0xde, 0x4d, 0x00, 0x00, 0x00, 0x00, 0x00,
  0x00, 0x00, 0x00, 0x00, 0x70, 0x1e, 0x00, 0x00, 0x00, 0x00, 0x00, 0x00, 0x00, 0x2d, 0x67, 0x70,
  0x46, 0x04, 0x00, 0x00, 0x00, 0x00, 0x00, 0x00, 0x00, 0x00, 0x00, 0x03, 0x56, 0x8d, 0x84, 0x37,
  0x00, 0x00, 0x00, 0x10, 0xc7, 0xff, 0xff, 0xff, 0xff, 0x8c, 0x00, 0x00, 0xa5, 0xff, 0xff, 0xff,
  0xff, 0xff, 0xff, 0x59, 0x0a, 0xfa, 0xff, 0xff, 0xff, 0xff, 0xff, 0xff, 0xb9, 0x1d, 0xff, 0xff,
  0xff, 0xff, 0xff, 0xff, 0xff, 0xd1, 0x05, 0xf3, 0xff, 0xff, 0xff, 0xff, 0xff, 0xff, 0xad, 0x00,
  0x86, 0xff, 0xff, 0xff, 0xff, 0xff, 0xfd, 0x3d, 0x00, 0x04, 0x99, 0xfe, 0xff, 0xff, 0xf3, 0x5c,
  0x00, 0x00, 0x00, 0x00, 0x25, 0x5b, 0x51, 0x11, 0x00, 0x00, 0x00, 0x00, 0x16, 0x18, 0x18, 0x18,
  0x18, 0x0f, 0x00, 0x00, 0x00, 0xeb, 0xff, 0xff, 0xff, 0xff, 0x9f, 0x00, 0x00, 0x00, 0xeb, 0xff,
  0xff, 0xff, 0xff, 0x9f, 0x00, 0x00, 0x00, 0xeb, 0xff, 0xff, 0xff, 0xff, 0x9f, 0x00, 0x00, 0x00,
  0xeb, 0xff, 0xff, 0xff, 0xff, 0x9f, 0x00, 0x00, 0x00, 0xeb, 0xff, 0xff, 0xff, 0xff, 0x9f, 0x00,
  0x00, 0x00, 0xeb, 0xff, 0xff, 0xff, 0xff, 0x9f, 0x00, 0x00, 0x00, 0xeb, 0xff, 0xff, 0xff, 0xff,
  0x9f, 0x00, 0x00, 0x00, 0xeb, 0xff, 0xff, 0xff, 0xff, 0x9f, 0x00, 0x00, 0x00, 0xeb, 0xff, 0xff,
  0xff, 0xff, 0x9f, 0x00, 0x00, 0x00, 0xeb, 0xff, 0xff, 0xff, 0xff, 0x9f, 0x00, 0x00, 0x00, 0xeb,
  0xff, 0xff, 0xff, 0xff, 0x9f, 0x00, 0x00, 0x00, 0xeb, 0xff, 0xff, 0xff, 0xff, 0x9f, 0x00, 0x00,
  0x00, 0xeb, 0xff, 0xff, 0xff, 0xff, 0x9f, 0x00, 0x00, 0x00, 0xeb, 0xff, 0xff, 0xff, 0xff, 0x9f,
  0x00, 0x00, 0x00, 0xeb, 0xff, 0xff, 0xff, 0xff, 0x9f, 0x00, 0x00, 0x00, 0xeb, 0xff, 0xff, 0xff,
  0xff, 0x9f, 0x00, 0x00, 0x00, 0xeb, 0xff, 0xff, 0xff, 0xff, 0x9f, 0x00, 0x00, 0x00, 0xeb, 0xff,
  0xff, 0xff, 0xff, 0x9f, 0x00, 0x00, 0x00, 0xeb, 0xff, 0xff, 0xff, 0xff, 0x9f, 0x00, 0x00, 0x00,
  0xeb, 0xff, 0xff, 0xff, 0xff, 0x9f, 0x00, 0x00, 0x00, 0x5e, 0x66, 0x66, 0x66, 0x66, 0x3f, 0x00,
  0x00, 0x00, 0x00, 0x00, 0x00, 0x00, 0x00, 0x00, 0x00, 0x34, 0x39, 0x39, 0x39, 0x06, 0x00, 0x00,
  0x00, 0x00, 0x00, 0x00, 0x00, 0x00, 0x00, 0x00, 0x00, 0x00, 0x00, 0x00, 0x00, 0x00, 0x00, 0xe9,
  0xff, 0xff, 0xff, 0x1e, 0x00, 0x00, 0x00, 0x00, 0x00, 0x00, 0x00, 0x00, 0x00, 0x00, 0x00, 0x00,
  0x00, 0x00, 0x00, 0x00, 0x00, 0xe9, 0xff, 0xff, 0xff, 0x1e, 0x00, 0x00, 0x00, 0x00, 0x00, 0x00,
  0x00, 0x00, 0x00, 0x00, 0x00, 0x00, 0x00, 0x00, 0x00, 0x18, 0x5c, 0xf4, 0xff, 0xff, 0xff, 0x81,
  0x38, 0x01, 0x00, 0x00, 0x00, 0x00, 0x00, 0x00, 0x00, 0x00, 0x00, 0x00, 0x00, 0x35, 0xb4, 0xfd,
  0xff, 0xff, 0xff, 0xff, 0xff, 0xff, 0xff, 0xdd, 0x69, 0x03, 0x00, 0x00, 0x00, 0x00, 0x00, 0x00,
  0x00, 0x04, 0x8d, 0xfd, 0xff, 0xff, 0xff, 0xff, 0xff, 0xff, 0xff, 0xff, 0xff, 0xff, 0xff, 0xc8,
  0x19, 0x00, 0x00, 0x00, 0x00, 0x00, 0x05, 0xb2, 0xff, 0xff, 0xff, 0xff, 0xff, 0xff, 0xff, 0xff,
  0xff, 0xff, 0xff, 0xff, 0xff, 0xff, 0xde, 0x17, 0x00, 0x00, 0x00, 0x00, 0x93, 0xff, 0xff, 0xff,
  0xff, 0xff, 0xff, 0xff, 0xff, 0xff, 0xff, 0xff, 0xff, 0xff, 0xff, 0xff, 0xff, 0xc1, 0x01, 0x00,
  0x00, 0x3c, 0xff, 0xff, 0xff, 0xff, 0xff, 0xf5, 0x7c, 0xee, 0xff, 0xff, 0xff, 0x5f, 0xc2, 0xff,
  0xff, 0xff, 0xff, 0xff, 0x5b, 0x00, 0x00, 0xbb, 0xff, 0xff, 0xff, 0xff, 0xe8, 0x2b, 0x00, 0xe9,
  0xff, 0xff, 0xff, 0x1e, 0x05, 0xb4, 0xff, 0xff, 0xff, 0xff, 0xc9, 0x00, 0x1c, 0xff, 0xff, 0xff,
  0xff, 0xfe, 0x3d, 0x00, 0x00, 0xe9, 0xff, 0xff, 0xff, 0x1e, 0x00, 0x1b, 0xf7, 0xff, 0xff, 0xff,
  0xff, 0x15, 0x5f, 0xff, 0xff, 0xff, 0xff, 0xaf, 0x00, 0x00, 0x00, 0xe9, 0xff, 0xff, 0xff, 0x1e,
  0x00, 0x00, 0xad, 0xff, 0xea, 0xaf, 0x74, 0x12, 0x89, 0xff, 0xff, 0xff, 0xff, 0x5b, 0x00, 0x00,
  0x00, 0xe9, 0xff, 0xff, 0xff, 0x1e, 0x00, 0x00, 0x28, 0x26, 0x00, 0x00, 0x00, 0x00, 0x9d, 0xff,
  0xff, 0xff, 0xff, 0x30, 0x00, 0x00, 0x00, 0xe9, 0xff, 0xff, 0xff, 0x1e, 0x00, 0x00, 0x00, 0x00,
  0x00, 0x00, 0x00, 0x00, 0xa5, 0xff, 0xff, 0xff, 0xff, 0x26, 0x00, 0x00, 0x00, 0xe9, 0xff, 0xff,
  0xff, 0x1e, 0x00, 0x00, 0x00, 0x00, 0x00, 0x00, 0x00, 0x00, 0x9a, 0xff, 0xff, 0xff, 0xff, 0x36,
  0x00, 0x00, 0x00, 0xe9, 0xff, 0xff, 0xff, 0x1e, 0x00, 0x00, 0x00, 0x00, 0x00, 0x00, 0x00, 0x00,
  0x82, 0xff, 0xff, 0xff, 0xff, 0x66, 0x00, 0x00, 0x00, 0xe9, 0xff, 0xff, 0xff, 0x1e, 0x00, 0x00,
  0x59, 0x91, 0x56, 0x1b, 0x00, 0x00, 0x53, 0xff, 0xff, 0xff, 0xff, 0xc4, 0x00, 0x00, 0x00, 0xe9,
  0xff, 0xff, 0xff, 0x1e, 0x00, 0x00, 0xc8, 0xff, 0xff, 0xff, 0xdf, 0x31, 0x10, 0xfa, 0xff, 0xff,
  0xff, 0xff, 0x63, 0x00, 0x00, 0xe9, 0xff, 0xff, 0xff, 0x1e, 0x00, 0x4d, 0xff, 0xff, 0xff, 0xff,
  0xfc, 0x10, 0x00, 0xa4, 0xff, 0xff, 0xff, 0xff, 0xfa, 0x69, 0x01, 0xe9, 0xff, 0xff, 0xff, 0x1e,
  0x34, 0xef, 0xff, 0xff, 0xff, 0xff, 0xad, 0x00, 0x00, 0x22, 0xf7, 0xff, 0xff, 0xff, 0xff, 0xff,
  0xd0, 0xf6, 0xff, 0xff, 0xff, 0xba, 0xfd, 0xff, 0xff, 0xff, 0xff, 0xfc, 0x31, 0x00, 0x00, 0x00,
  0x66, 0xff, 0xff, 0xff, 0xff, 0xff, 0xff, 0xff, 0xff, 0xff, 0xff, 0xff, 0xff, 0xff, 0xff, 0xff,
  0xff, 0x82, 0x00, 0x00, 0x00, 0x00, 0x00, 0x79, 0xfe, 0xff, 0xff, 0xff, 0xff, 0xff, 0xff, 0xff,
  0xff, 0xff, 0xff, 0xff, 0xff, 0xff, 0x9b, 0x01, 0x00, 0x00, 0x00, 0x00, 0x00, 0x00, 0x4d, 0xe3,
  0xff, 0xff, 0xff, 0xff, 0xff, 0xff, 0xff, 0xff, 0xff, 0xff, 0xf3, 0x6e, 0x00, 0x00, 0x00, 0x00,
  0x00, 0x00, 0x00, 0x00, 0x00, 0x09, 0x6a, 0xc8, 0xfd, 0xff, 0xff, 0xff, 0xff, 0xff, 0xda, 0x81,
  0x19, 0x00, 0x00, 0x00, 0x00, 0x00, 0x00, 0x00, 0x00, 0x00, 0x00, 0x00, 0x00, 0x00, 0x0e, 0xed,
  0xff, 0xff, 0xff, 0x30, 0x00, 0x00, 0x00, 0x00, 0x00, 0x00, 0x00, 0x00, 0x00, 0x00, 0x00, 0x00,
  0x00, 0x00, 0x00, 0x00, 0x00, 0xe9, 0xff, 0xff, 0xff, 0x1e, 0x00, 0x00, 0x00, 0x00, 0x00, 0x00,
  0x00, 0x00, 0x00, 0x00, 0x00, 0x00, 0x00, 0x00, 0x00, 0x00, 0x00, 0xc0, 0xd2, 0xd2, 0xd2, 0x19,
  0x00, 0x00, 0x00, 0x00, 0x00, 0x00, 0x00, 0x00, 0x00, 0x00, 0x00, 0x00, 0x00, 0x00, 0x04, 0x4c,
  0x8c, 0xa8, 0xac, 0x95, 0x5c, 0x0e, 0x00, 0x00, 0x00, 0x00, 0x00, 0x00, 0x00, 0x00, 0x00, 0x47,
  0xdf, 0xff, 0xff, 0xff, 0xff, 0xff, 0xff, 0xef, 0x6d, 0x00, 0x00, 0x00, 0x00, 0x00, 0x00, 0x00,
  0x5c, 0xfd, 0xff, 0xff, 0xff, 0xff, 0xff, 0xff, 0xff, 0xff, 0xff, 0x94, 0x00, 0x00, 0x00, 0x00,
  0x00, 0x21, 0xf8, 0xff, 0xff, 0xff, 0xff, 0xff, 0xff, 0xff, 0xff, 0xff, 0xff, 0xff, 0x56, 0x00,
  0x00, 0x00, 0x00, 0x95, 0xff, 0xff, 0xff, 0xff, 0xff, 0xf0, 0xe6, 0xff, 0xff, 0xff, 0xff, 0xff,
  0xd1, 0x00, 0x00, 0x00, 0x00, 0xdf, 0xff, 0xff, 0xff, 0xff, 0x74, 0x00, 0x00, 0x3f, 0xf7, 0xff,
  0xff, 0xff, 0xff, 0x1b, 0x00, 0x00, 0x07, 0xff, 0xff, 0xff, 0xff, 0xda, 0x00, 0x00, 0x00, 0x00,
  0xa0, 0xff, 0xff, 0xff, 0xff, 0x41, 0x00, 0x00, 0x19, 0xff, 0xff, 0xff, 0xff, 0xb0, 0x00, 0x00,
  0x00, 0x00, 0x77, 0xff, 0xff, 0xff, 0xff, 0x53, 0x00, 0x00, 0x1c, 0xff, 0xff, 0xff, 0xff, 0xad,
  0x00, 0x00, 0x00, 0x00, 0x1f, 0x46, 0x46, 0x46, 0x46, 0x17, 0x00, 0x00, 0x1c, 0xff, 0xff, 0xff,
  0xff, 0xad, 0x00, 0x00, 0x00, 0x00, 0x00, 0x00, 0x00, 0x00, 0x00, 0x00, 0x8d, 0xe0, 0xe3, 0xff,
  0xff, 0xff, 0xff, 0xf5, 0xe0, 0xe0, 0x9c, 0x00, 0x00, 0x00, 0x00, 0x00, 0x00, 0x00, 0xa1, 0xff,
  0xff, 0xff, 0xff, 0xff, 0xff, 0xff, 0xff, 0xff, 0xb3, 0x00, 0x00, 0x00, 0x00, 0x00, 0x00, 0x00,
  0xa1, 0xff, 0xff, 0xff, 0xff, 0xff, 0xff, 0xff, 0xff, 0xff, 0xb3, 0x00, 0x00, 0x00, 0x00, 0x00,
  0x00, 0x00, 0xa1, 0xff, 0xff, 0xff, 0xff, 0xff, 0xff, 0xff, 0xff, 0xff, 0xb3, 0x00, 0x00, 0x00,
  0x00, 0x00, 0x00, 0x00, 0x19, 0x27, 0x40, 0xff, 0xff, 0xff, 0xff, 0xba, 0x27, 0x27, 0x1b, 0x00,
  0x00, 0x00, 0x00, 0x00, 0x00, 0x00, 0x00, 0x00, 0x1c, 0xff, 0xff, 0xff, 0xff, 0xad, 0x00, 0x00,
  0x00, 0x00, 0x00, 0x00, 0x00, 0x00, 0x00, 0x00, 0x00, 0x00, 0x1c, 0xff, 0xff, 0xff, 0xff, 0xad,
  0x00, 0x00, 0x00, 0x00, 0x00, 0x00, 0x00, 0x00, 0x00, 0x00, 0x84, 0xd1, 0xd7, 0xff, 0xff, 0xff,
  0xff, 0xf1, 0xd1, 0xd1, 0xd1, 0xd1, 0xd1, 0xd1, 0xd1, 0xd1, 0xae, 0x00, 0xa1, 0xff, 0xff, 0xff,
  0xff, 0xff, 0xff, 0xff, 0xff, 0xff, 0xff, 0xff, 0xff, 0xff, 0xff, 0xff, 0xd5, 0x00, 0xa1, 0xff,
  0xff, 0xff, 0xff, 0xff, 0xff, 0xff, 0xff, 0xff, 0xff, 0xff, 0xff, 0xff, 0xff, 0xff, 0xd5, 0x00,
  0xa1, 0xff, 0xff, 0xff, 0xff, 0xff, 0xff, 0xff, 0xff, 0xff, 0xff, 0xff, 0xff, 0xff, 0xff, 0xff,
  0xd5, 0x00, 0x73, 0xb7, 0xb7, 0xb7, 0xb7, 0xb7, 0xb7, 0xb7, 0xb7, 0xb7, 0xb7, 0xb7, 0xb7, 0xb7,
  0xb7, 0xb7, 0x98, 0x00, 0x00, 0x00, 0x00, 0x03, 0x00, 0x00, 0x00, 0x00, 0x00, 0x00, 0x00, 0x00,
  0x00, 0x00, 0x00, 0x00, 0x00, 0x00, 0x00, 0x00, 0x03, 0x00, 0x00, 0x00, 0x00, 0x00, 0x1b, 0xd5,
  0x4f, 0x00, 0x00, 0x00, 0x00, 0x00, 0x18, 0x2c, 0x27, 0x0e, 0x00, 0x00, 0x00, 0x00, 0x00, 0x94,
  0xa7, 0x03, 0x00, 0x00, 0x00, 0x1b, 0xda, 0xff, 0xfa, 0x4f, 0x00, 0x39, 0x9e, 0xe6, 0xff, 0xff,
  0xff, 0xfe, 0xd5, 0x81, 0x1c, 0x00, 0x94, 0xff, 0xff, 0xa6, 0x03, 0x00, 0x1b, 0xda, 0xff, 0xff,
  0xff, 0xfa, 0xbf, 0xff, 0xff, 0xff, 0xff, 0xff, 0xff, 0xff, 0xff, 0xff, 0xf8, 0xc1, 0xff, 0xff,
  0xff, 0xff, 0xa6, 0x03, 0x38, 0xf3, 0xff, 0xff, 0xff, 0xff, 0xff, 0xff, 0xff, 0xff, 0xff, 0xff,
  0xff, 0xff, 0xff, 0xff, 0xff, 0xff, 0xff, 0xff, 0xff, 0xff, 0xcf, 0x0f, 0x00, 0x3b, 0xf3, 0xff,
  0xff, 0xff, 0xff, 0xff, 0xff, 0xff, 0xff, 0xff, 0xff, 0xff, 0xff, 0xff, 0xff, 0xff, 0xff, 0xff,
  0xff, 0xcf, 0x13, 0x00, 0x00, 0x00, 0x44, 0xff, 0xff, 0xff, 0xff, 0xff, 0xff, 0xd9, 0x83, 0x62,
  0x6a, 0x96, 0xef, 0xff, 0xff, 0xff, 0xff, 0xff, 0xe4, 0x13, 0x00, 0x00, 0x00, 0x00, 0x76, 0xff,
  0xff, 0xff, 0xff, 0xf7, 0x64, 0x01, 0x00, 0x00, 0x00, 0x00, 0x0b, 0x9e, 0xff, 0xff, 0xff, 0xff,
  0xfd, 0x2a, 0x00, 0x00, 0x00, 0x03, 0xe7, 0xff, 0xff, 0xff, 0xfe, 0x4b, 0x00, 0x00, 0x00, 0x00,
  0x00, 0x00, 0x00, 0x00, 0x95, 0xff, 0xff, 0xff, 0xff, 0x9a, 0x00, 0x00, 0x00, 0x42, 0xff, 0xff,
  0xff, 0xff, 0x9a, 0x00, 0x00, 0x00, 0x00, 0x00, 0x00, 0x00, 0x00, 0x00, 0x06, 0xe0, 0xff, 0xff,
  0xff, 0xef, 0x02, 0x00, 0x00, 0x7a, 0xff, 0xff, 0xff, 0xff, 0x2f, 0x00, 0x00, 0x00, 0x00, 0x00,
  0x00, 0x00, 0x00, 0x00, 0x00, 0x7b, 0xff, 0xff, 0xff, 0xff, 0x2c, 0x00, 0x00, 0x97, 0xff, 0xff,
  0xff, 0xfa, 0x02, 0x00, 0x00, 0x00, 0x00, 0x00, 0x00, 0x00, 0x00, 0x00, 0x00, 0x48, 0xff, 0xff,
  0xff, 0xff, 0x4b, 0x00, 0x00, 0xa0, 0xff, 0xff, 0xff, 0xec, 0x00, 0x00, 0x00, 0x00, 0x00, 0x00,
  0x00, 0x00, 0x00, 0x00, 0x00, 0x38, 0xff, 0xff, 0xff, 0xff, 0x54, 0x00, 0x00, 0x90, 0xff, 0xff,
  0xff, 0xff, 0x0a, 0x00, 0x00, 0x00, 0x00, 0x00, 0x00, 0x00, 0x00, 0x00, 0x00, 0x56, 0xff, 0xff,
  0xff, 0xff, 0x43, 0x00, 0x00, 0x65, 0xff, 0xff, 0xff, 0xff, 0x57, 0x00, 0x00, 0x00, 0x00, 0x00,
  0x00, 0x00, 0x00, 0x00, 0x00, 0xa3, 0xff, 0xff, 0xff, 0xff, 0x16, 0x00, 0x00, 0x24, 0xff, 0xff,
  0xff, 0xff, 0xd0, 0x07, 0x00, 0x00, 0x00, 0x00, 0x00, 0x00, 0x00, 0x00, 0x2a, 0xf8, 0xff, 0xff,
  0xff, 0xd2, 0x00, 0x00, 0x00, 0x00, 0xc3, 0xff, 0xff, 0xff, 0xff, 0xa2, 0x05, 0x00, 0x00, 0x00,
  0x00, 0x00, 0x00, 0x1b, 0xd8, 0xff, 0xff, 0xff, 0xff, 0x71, 0x00, 0x00, 0x00, 0x00, 0x40, 0xff,
  0xff, 0xff, 0xff, 0xff, 0xc5, 0x40, 0x00, 0x00, 0x00, 0x08, 0x61, 0xe9, 0xff, 0xff, 0xff, 0xff,
  0xe7, 0x0a, 0x00, 0x00, 0x00, 0x00, 0x94, 0xff, 0xff, 0xff, 0xff, 0xff, 0xff, 0xff, 0xe9, 0xc8,
  0xd1, 0xf4, 0xff, 0xff, 0xff, 0xff, 0xff, 0xff, 0xfa, 0x4f, 0x00, 0x00, 0x00, 0x94, 0xff, 0xff,
  0xff, 0xff, 0xff, 0xff, 0xff, 0xff, 0xff, 0xff, 0xff, 0xff, 0xff, 0xff, 0xff, 0xff, 0xff, 0xff,
  0xff, 0xfa, 0x4f, 0x00, 0x52, 0xff, 0xff, 0xff, 0xff, 0xff, 0xff, 0xff, 0xff, 0xff, 0xff, 0xff,
  0xff, 0xff, 0xff, 0xff, 0xff, 0xff, 0xff, 0xff, 0xff, 0xff, 0xf3, 0x13, 0x00, 0x8f, 0xff, 0xff,
  0xff, 0xcf, 0x5a, 0xd7, 0xff, 0xff, 0xff, 0xff, 0xff, 0xff, 0xff, 0xfe, 0xb1, 0x5c, 0xf3, 0xff,
  0xff, 0xf8, 0x4b, 0x00, 0x00, 0x00, 0x8f, 0xff, 0xcf, 0x13, 0x00, 0x01, 0x3d, 0x84, 0xb2, 0xc6,
  0xc1, 0xa8, 0x73, 0x21, 0x00, 0x00, 0x3b, 0xf3, 0xf8, 0x4b, 0x00, 0x00, 0x00, 0x00, 0x00, 0x72,
  0x13, 0x00, 0x00, 0x00, 0x00, 0x00, 0x00, 0x00, 0x00, 0x00, 0x00, 0x00, 0x00, 0x00, 0x00, 0x3b,
  0x4a, 0x00, 0x00, 0x00, 0x0c, 0x1d, 0x1d, 0x1d, 0x1d, 0x1d, 0x06, 0x00, 0x00, 0x00, 0x00, 0x00,
  0x00, 0x0f, 0x1d, 0x1d, 0x1d, 0x1d, 0x1d, 0x03, 0x2c, 0xff, 0xff, 0xff, 0xff, 0xff, 0x70, 0x00,
  0x00, 0x00, 0x00, 0x00, 0x00, 0xbb, 0xff, 0xff, 0xff, 0xff, 0xde, 0x02, 0x00, 0xc0, 0xff, 0xff,
  0xff, 0xff, 0xd3, 0x00, 0x00, 0x00, 0x00, 0x00, 0x21, 0xfe, 0xff, 0xff, 0xff, 0xff, 0x75, 0x00,
  0x00, 0x55, 0xff, 0xff, 0xff, 0xff, 0xff, 0x37, 0x00, 0x00, 0x00, 0x00, 0x83, 0xff, 0xff, 0xff,
  0xff, 0xf7, 0x12, 0x00, 0x00, 0x04, 0xe5, 0xff, 0xff, 0xff, 0xff, 0x9b, 0x00, 0x00, 0x00, 0x03,
  0xe3, 0xff, 0xff, 0xff, 0xff, 0x9f, 0x00, 0x00, 0x00, 0x00, 0x7f, 0xff, 0xff, 0xff, 0xff, 0xf2,
  0x0b, 0x00, 0x00, 0x4a, 0xff, 0xff, 0xff, 0xff, 0xff, 0x34, 0x00, 0x00, 0x00, 0x00, 0x19, 0xfa,
  0xff, 0xff, 0xff, 0xff, 0x62, 0x00, 0x00, 0xae, 0xff, 0xff, 0xff, 0xff, 0xc8, 0x00, 0x00, 0x00,
  0x00, 0x00, 0x00, 0xa9, 0xff, 0xff, 0xff, 0xff, 0xc6, 0x00, 0x17, 0xfa, 0xff, 0xff, 0xff, 0xff,
  0x5d, 0x00, 0x00, 0x00, 0x00, 0x00, 0x00, 0x3e, 0xff, 0xff, 0xff, 0xff, 0xff, 0x2a, 0x75, 0xff,
  0xff, 0xff, 0xff, 0xeb, 0x07, 0x00, 0x00, 0x00, 0x00, 0x10, 0x61, 0x61, 0xf0, 0xff, 0xff, 0xff,
  0xff, 0xad, 0xdc, 0xff, 0xff, 0xff, 0xff, 0xc2, 0x61, 0x54, 0x00, 0x00, 0x00, 0x2b, 0xff, 0xff,
  0xff, 0xff, 0xff, 0xff, 0xff, 0xff, 0xff, 0xff, 0xff, 0xff, 0xff, 0xff, 0xff, 0xdf, 0x00, 0x00,
  0x00, 0x2b, 0xff, 0xff, 0xff, 0xff, 0xff, 0xff, 0xff, 0xff, 0xff, 0xff, 0xff, 0xff, 0xff, 0xff,
  0xff, 0xdf, 0x00, 0x00, 0x00, 0x2b, 0xff, 0xff, 0xff, 0xff, 0xff, 0xff, 0xff, 0xff, 0xff, 0xff,
  0xff, 0xff, 0xff, 0xff, 0xff, 0xdf, 0x00, 0x00, 0x00, 0x1c, 0xa6, 0xa6, 0xa6, 0xa6, 0xa6, 0xed,
  0xff, 0xff, 0xff, 0xff, 0xd3, 0xa6, 0xa6, 0xa6, 0xa6, 0x91, 0x00, 0x00, 0x00, 0x03, 0x16, 0x16,
  0x16, 0x16, 0x16, 0xcf, 0xff, 0xff, 0xff, 0xff, 0x8a, 0x16, 0x16, 0x16, 0x16, 0x13, 0x00, 0x00,
  0x00, 0x2b, 0xff, 0xff, 0xff, 0xff, 0xff, 0xff, 0xff, 0xff, 0xff, 0xff, 0xff, 0xff, 0xff, 0xff,
  0xff, 0xdf, 0x00, 0x00, 0x00, 0x2b, 0xff, 0xff, 0xff, 0xff, 0xff, 0xff, 0xff, 0xff, 0xff, 0xff,
  0xff, 0xff, 0xff, 0xff, 0xff, 0xdf, 0x00, 0x00, 0x00, 0x2b, 0xff, 0xff, 0xff, 0xff, 0xff, 0xff,
  0xff, 0xff, 0xff, 0xff, 0xff, 0xff, 0xff, 0xff, 0xff, 0xdf, 0x00, 0x00, 0x00, 0x29, 0xf1, 0xf1,
  0xf1, 0xf1, 0xf1, 0xfd, 0xff, 0xff, 0xff, 0xff, 0xf8, 0xf1, 0xf1, 0xf1, 0xf1, 0xd3, 0x00, 0x00,
  0x00, 0x00, 0x00, 0x00, 0x00, 0x00, 0x00, 0xcb, 0xff, 0xff, 0xff, 0xff, 0x7f, 0x00, 0x00, 0x00,
  0x00, 0x00, 0x00, 0x00, 0x00, 0x00, 0x00, 0x00, 0x00, 0x00, 0x00, 0xcb, 0xff, 0xff, 0xff, 0xff,
  0x7f, 0x00, 0x00, 0x00, 0x00, 0x00, 0x00, 0x00, 0x00, 0x00, 0x00, 0x00, 0x00, 0x00, 0x00, 0x91,
  0xb7, 0xb7, 0xb7, 0xb7, 0x5b, 0x00, 0x00, 0x00, 0x00, 0x00, 0x00, 0x00, 0xa2, 0xf3, 0xf3, 0xf3,
  0xf3, 0x5a, 0xab, 0xff, 0xff, 0xff, 0xff, 0x5f, 0xab, 0xff, 0xff, 0xff, 0xff, 0x5f, 0xab, 0xff,
  0xff, 0xff, 0xff, 0x5f, 0xab, 0xff, 0xff, 0xff, 0xff, 0x5f, 0xab, 0xff, 0xff, 0xff, 0xff, 0x5f,
  0xab, 0xff, 0xff, 0xff, 0xff, 0x5f, 0xab, 0xff, 0xff, 0xff, 0xff, 0x5f, 0xab, 0xff, 0xff, 0xff,
  0xff, 0x5f, 0xab, 0xff, 0xff, 0xff, 0xff, 0x5f, 0xab, 0xff, 0xff, 0xff, 0xff, 0x5f, 0xab, 0xff,
  0xff, 0xff, 0xff, 0x5f, 0xab, 0xff, 0xff, 0xff, 0xff, 0x5f, 0xab, 0xff, 0xff, 0xff, 0xff, 0x5f,
  0xab, 0xff, 0xff, 0xff, 0xff, 0x5f, 0xab, 0xff, 0xff, 0xff, 0xff, 0x5f, 0xab, 0xff, 0xff, 0xff,
  0xff, 0x5f, 0xab, 0xff, 0xff, 0xff, 0xff, 0x5f, 0x85, 0xc7, 0xc7, 0xc7, 0xc7, 0x4a, 0x00, 0x00,
  0x00, 0x00, 0x00, 0x00, 0x00, 0x00, 0x00, 0x00, 0x00, 0x00, 0x00, 0x00, 0x00, 0x00, 0x00, 0x00,
  0x00, 0x00, 0x00, 0x00, 0x00, 0x00, 0x1e, 0x2e, 0x2e, 0x2e, 0x2e, 0x11, 0xab, 0xff, 0xff, 0xff,
  0xff, 0x5f, 0xab, 0xff, 0xff, 0xff, 0xff, 0x5f, 0xab, 0xff, 0xff, 0xff, 0xff, 0x5f, 0xab, 0xff,
  0xff, 0xff, 0xff, 0x5f, 0xab, 0xff, 0xff, 0xff, 0xff, 0x5f, 0xab, 0xff, 0xff, 0xff, 0xff, 0x5f,
  0xab, 0xff, 0xff, 0xff, 0xff, 0x5f, 0xab, 0xff, 0xff, 0xff, 0xff, 0x5f, 0xab, 0xff, 0xff, 0xff,
  0xff, 0x5f, 0xab, 0xff, 0xff, 0xff, 0xff, 0x5f, 0xab, 0xff, 0xff, 0xff, 0xff, 0x5f, 0xab, 0xff,
  0xff, 0xff, 0xff, 0x5f, 0xab, 0xff, 0xff, 0xff, 0xff, 0x5f, 0xab, 0xff, 0xff, 0xff, 0xff, 0x5f,
  0xab, 0xff, 0xff, 0xff, 0xff, 0x5f, 0xab, 0xff, 0xff, 0xff, 0xff, 0x5f, 0xab, 0xff, 0xff, 0xff,
  0xff, 0x5f, 0xab, 0xff, 0xff, 0xff, 0xff, 0x5f, 0x5e, 0x8d, 0x8d, 0x8d, 0x8d, 0x34, 0x00, 0x00,
  0x11, 0x82, 0xd1, 0xf3, 0xf4, 0xd8, 0x94, 0x21, 0x00, 0x00, 0x00, 0x2b, 0xe6, 0xff, 0xff, 0xff,
  0xff, 0xff, 0xff, 0xf1, 0x3d, 0x00, 0x00, 0xce, 0xff, 0xff, 0xff, 0xff, 0xff, 0xff, 0xff, 0xff,
  0xe7, 0x0c, 0x26, 0xff, 0xff, 0xff, 0xf7, 0x9e, 0x99, 0xed, 0xff, 0xff, 0xff, 0x5e, 0x40, 0xff,
  0xff, 0xff, 0x94, 0x00, 0x00, 0x52, 0xff, 0xff, 0xff, 0x88, 0x2e, 0xff, 0xff, 0xff, 0xea, 0x5b,
  0x12, 0x02, 0x0d, 0x0d, 0x0d, 0x07, 0x01, 0xde, 0xff, 0xff, 0xff, 0xff, 0xfe, 0xd7, 0x91, 0x29,
  0x00, 0x00, 0x1a, 0xf8, 0xff, 0xff, 0xff, 0xff, 0xff, 0xff, 0xff, 0xfc, 0x7b, 0x00, 0x67, 0xff,
  0xff, 0xff, 0xff, 0xff, 0xff, 0xff, 0xff, 0xff, 0xff, 0x58, 0x80, 0xff, 0xff, 0xff, 0x86, 0x40,
  0x81, 0xe5, 0xff, 0xff, 0xff, 0xc5, 0x69, 0xff, 0xff, 0xff, 0xdb, 0x37, 0x00, 0x20, 0xff, 0xff,
  0xff, 0xf1, 0x22, 0xfc, 0xff, 0xff, 0xff, 0xff, 0xe3, 0xa4, 0xfe, 0xff, 0xff, 0xec, 0x00, 0x7c,
  0xff, 0xff, 0xff, 0xff, 0xff, 0xff, 0xff, 0xff, 0xff, 0xc3, 0x00, 0x00, 0x54, 0xd6, 0xff, 0xff,
  0xff, 0xff, 0xff, 0xff, 0xff, 0x63, 0x00, 0x00, 0x00, 0x00, 0x30, 0x71, 0xac, 0xf7, 0xff, 0xff,
  0xff, 0x84, 0xc4, 0xd3, 0xd3, 0xb8, 0x00, 0x00, 0x00, 0x42, 0xff, 0xff, 0xff, 0xaf, 0xd4, 0xff,
  0xff, 0xfe, 0x3d, 0x00, 0x00, 0x36, 0xff, 0xff, 0xff, 0xac, 0x8b, 0xff, 0xff, 0xff, 0xfd, 0xc5,
  0xba, 0xf5, 0xff, 0xff, 0xff, 0x75, 0x17, 0xea, 0xff, 0xff, 0xff, 0xff, 0xff, 0xff, 0xff, 0xff,
  0xe9, 0x11, 0x00, 0x35, 0xe5, 0xff, 0xff, 0xff, 0xff, 0xff, 0xff, 0xe7, 0x35, 0x00, 0x00, 0x00,
  0x0c, 0x6c, 0xaf, 0xcd, 0xd0, 0xb5, 0x73, 0x10, 0x00, 0x00, 0x00, 0x00, 0x0d, 0x73, 0xaa, 0xa1,
  0x54, 0x01, 0x00, 0x00, 0x00, 0x00, 0x0d, 0x73, 0xaa, 0xa1, 0x54, 0x01, 0x00, 0x00, 0x1a, 0xdb,
  0xff, 0xff, 0xff, 0xff, 0xa8, 0x02, 0x00, 0x00, 0x1b, 0xdb, 0xff, 0xff, 0xff, 0xff, 0xa7, 0x02,
  0x00, 0xb4, 0xff, 0xff, 0xff, 0xff, 0xff, 0xff, 0x69, 0x00, 0x00, 0xb5, 0xff, 0xff, 0xff, 0xff,
  0xff, 0xff, 0x68, 0x0d, 0xfd, 0xff, 0xff, 0xff, 0xff, 0xff, 0xff, 0xbf, 0x00, 0x0d, 0xfd, 0xff,
  0xff, 0xff, 0xff, 0xff, 0xff, 0xbe, 0x1c, 0xff, 0xff, 0xff, 0xff, 0xff, 0xff, 0xff, 0xd1, 0x00,
  0x1d, 0xff, 0xff, 0xff, 0xff, 0xff, 0xff, 0xff, 0xd0, 0x03, 0xec, 0xff, 0xff, 0xff, 0xff, 0xff,
  0xff, 0xa5, 0x00, 0x03, 0xed, 0xff, 0xff, 0xff, 0xff, 0xff, 0xff, 0xa4, 0x00, 0x72, 0xff, 0xff,
  0xff, 0xff, 0xff, 0xf8, 0x2f, 0x00, 0x00, 0x73, 0xff, 0xff, 0xff, 0xff, 0xff, 0xf7, 0x2e, 0x00,
  0x00, 0x7b, 0xf7, 0xff, 0xff, 0xe3, 0x45, 0x00, 0x00, 0x00, 0x00, 0x7c, 0xf7, 0xff, 0xff, 0xe3,
  0x44, 0x00, 0x00, 0x00, 0x00, 0x0f, 0x3e, 0x34, 0x04, 0x00, 0x00, 0x00, 0x00, 0x00, 0x00, 0x0f,
  0x3e, 0x34, 0x04, 0x00, 0x00, 0x00, 0x00, 0x00, 0x00, 0x00, 0x00, 0x00, 0x00, 0x00, 0x00, 0x00,
  0x03, 0x01, 0x00, 0x00, 0x00, 0x00, 0x00, 0x00, 0x00, 0x00, 0x00, 0x00, 0x00, 0x00, 0x00, 0x00,
  0x00, 0x00, 0x00, 0x00, 0x2d, 0x88, 0xc8, 0xf0, 0xff, 0xfe, 0xe6, 0xb7, 0x70, 0x15, 0x00, 0x00,
  0x00, 0x00, 0x00, 0x00, 0x00, 0x00, 0x00, 0x00, 0x00, 0x00, 0x25, 0xab, 0xff, 0xff, 0xff, 0xff,
  0xff, 0xff, 0xff, 0xff, 0xff, 0xf4, 0x82, 0x0d, 0x00, 0x00, 0x00, 0x00, 0x00, 0x00, 0x00, 0x00,
  0x00, 0x59, 0xf7, 0xff, 0xff, 0xff, 0xff, 0xff, 0xff, 0xff, 0xff, 0xff, 0xff, 0xff, 0xff, 0xdb,
  0x29, 0x00, 0x00, 0x00, 0x00, 0x00, 0x00, 0x00, 0x75, 0xff, 0xff, 0xff, 0xff, 0xea, 0x96, 0x5e,
  0x45, 0x49, 0x6a, 0xac, 0xf8, 0xff, 0xff, 0xff, 0xf1, 0x38, 0x00, 0x00, 0x00, 0x00, 0x00, 0x51,
  0xfe, 0xff, 0xff, 0xfd, 0x80, 0x09, 0x00, 0x00, 0x00, 0x00, 0x00, 0x00, 0x1c, 0xb1, 0xff, 0xff,
  0xff, 0xe7, 0x1c, 0x00, 0x00, 0x00, 0x16, 0xf2, 0xff, 0xff, 0xf0, 0x43, 0x00, 0x00, 0x24, 0x7c,
  0xa0, 0x98, 0x63, 0x0a, 0x00, 0x01, 0x7c, 0xff, 0xff, 0xff, 0xbc, 0x00, 0x00, 0x00, 0x94, 0xff,
  0xff, 0xfe, 0x4c, 0x00, 0x00, 0x6b, 0xfb, 0xff, 0xff, 0xff, 0xff, 0xe1, 0x2a, 0x00, 0x00, 0x96,
  0xff, 0xff, 0xff, 0x48, 0x00, 0x14, 0xfa, 0xff, 0xff, 0x8f, 0x00, 0x00, 0x3d, 0xfe, 0xff, 0xff,
  0xff, 0xff, 0xff, 0xff, 0xd8, 0x04, 0x00, 0x06, 0xd4, 0xff, 0xff, 0xc2, 0x00, 0x63, 0xff, 0xff,
  0xfa, 0x15, 0x00, 0x00, 0xa4, 0xff, 0xff, 0xec, 0x71, 0x99, 0xff, 0xff, 0xff, 0x43, 0x00, 0x00,
  0x5b, 0xff, 0xff, 0xfe, 0x18, 0x9e, 0xff, 0xff, 0xbb, 0x00, 0x00, 0x00, 0xc9, 0xff, 0xff, 0x84,
  0x00, 0x00, 0xe5, 0xff, 0xff, 0x68, 0x00, 0x00, 0x0b, 0xfb, 0xff, 0xff, 0x52, 0xc2, 0xff, 0xff,
  0x8a, 0x00, 0x00, 0x00, 0xcf, 0xff, 0xff, 0x77, 0x00, 0x00, 0x54, 0x63, 0x63, 0x2a, 0x00, 0x00,
  0x00, 0xd6, 0xff, 0xff, 0x76, 0xcf, 0xff, 0xff, 0x77, 0x00, 0x00, 0x00, 0xcf, 0xff, 0xff, 0x77,
  0x00, 0x00, 0x00, 0x00, 0x00, 0x00, 0x00, 0x00, 0x00, 0xc3, 0xff, 0xff, 0x83, 0xc8, 0xff, 0xff,
  0x82, 0x00, 0x00, 0x00, 0xcf, 0xff, 0xff, 0x77, 0x00, 0x00, 0x13, 0x17, 0x17, 0x0a, 0x00, 0x00,
  0x00, 0xce, 0xff, 0xff, 0x7c, 0xab, 0xff, 0xff, 0xaa, 0x00, 0x00, 0x00, 0xcd, 0xff, 0xff, 0x7a,
  0x00, 0x00, 0xdc, 0xff, 0xff, 0x6c, 0x00, 0x00, 0x02, 0xf3, 0xff, 0xff, 0x5f, 0x77, 0xff, 0xff,
  0xee, 0x06, 0x00, 0x00, 0xb4, 0xff, 0xff, 0xcd, 0x25, 0x4e, 0xfd, 0xff, 0xff, 0x53, 0x00, 0x00,
  0x41, 0xff, 0xff, 0xff, 0x2b, 0x2a, 0xff, 0xff, 0xff, 0x66, 0x00, 0x00, 0x63, 0xff, 0xff, 0xff,
  0xff, 0xff, 0xff, 0xff, 0xf2, 0x11, 0x00, 0x00, 0xb2, 0xff, 0xff, 0xdd, 0x00, 0x00, 0xbc, 0xff,
  0xff, 0xef, 0x23, 0x00, 0x03, 0xb2, 0xff, 0xff, 0xff, 0xff, 0xff, 0xfc, 0x5b, 0x00, 0x00, 0x5e,
  0xff, 0xff, 0xff, 0x70, 0x00, 0x00, 0x33, 0xfe, 0xff, 0xff, 0xd0, 0x14, 0x00, 0x03, 0x6c, 0xc8,
  0xeb, 0xe4, 0xaf, 0x3a, 0x00, 0x00, 0x39, 0xf5, 0xff, 0xff, 0xdf, 0x06, 0x00, 0x00, 0x00, 0x8d,
  0xff, 0xff, 0xff, 0xe1, 0x37, 0x00, 0x00, 0x00, 0x00, 0x00, 0x00, 0x00, 0x00, 0x67, 0xf9, 0xff,
  0xff, 0xfc, 0x45, 0x00, 0x00, 0x00, 0x00, 0x03, 0xb7, 0xff, 0xff, 0xff, 0xfd, 0xa8, 0x4b, 0x12,
  0x00, 0x01, 0x1e, 0x60, 0xc8, 0xff, 0xff, 0xff, 0xff, 0x6f, 0x00, 0x00, 0x00, 0x00, 0x00, 0x00,
  0x08, 0xa4, 0xff, 0xff, 0xff, 0xff, 0xff, 0xff, 0xf9, 0xfc, 0xff, 0xff, 0xff, 0xff, 0xff, 0xfa,
  0x66, 0x00, 0x00, 0x00, 0x00, 0x00, 0x00, 0x00, 0x00, 0x00, 0x68, 0xea, 0xff, 0xff, 0xff, 0xff,
  0xff, 0xff, 0xff, 0xff, 0xff, 0xff, 0xcd, 0x3a, 0x00, 0x00, 0x00, 0x00, 0x00, 0x00, 0x00, 0x00,
  0x00, 0x00, 0x00, 0x0d, 0x78, 0xd4, 0xff, 0xff, 0xff, 0xff, 0xff, 0xf9, 0xbb, 0x56, 0x01, 0x00,
  0x00, 0x00, 0x00, 0x00, 0x00, 0x00, 0x00, 0x00, 0x00, 0x00, 0x00, 0x00, 0x00, 0x00, 0x15, 0x3c,
  0x4e, 0x4b, 0x32, 0x09, 0x00, 0x00, 0x00, 0x00, 0x00, 0x00, 0x00, 0x00, 0x00, 0x00, 0x00, 0x00,
  0x01, 0x4b, 0x8e, 0xa1, 0x87, 0x2c, 0x05, 0x66, 0x66, 0x66, 0x1f, 0x00, 0x00, 0x00, 0x1e, 0xca,
  0xff, 0xff, 0xff, 0xff, 0xfa, 0x70, 0xff, 0xff, 0xff, 0x4f, 0x00, 0x00, 0x11, 0xdd, 0xff, 0xff,
  0xff, 0xff, 0xff, 0xff, 0xff, 0xff, 0xff, 0xff, 0x4f, 0x00, 0x00, 0x8d, 0xff, 0xff, 0xff, 0xf5,
  0xb1, 0xac, 0xf0, 0xff, 0xff, 0xff, 0xff, 0x4f, 0x00, 0x00, 0xe9, 0xff, 0xff, 0xf0, 0x24, 0x00,
  0x00, 0x17, 0xe2, 0xff, 0xff, 0xff, 0x4f, 0x00, 0x1d, 0xff, 0xff, 0xff, 0x87, 0x00, 0x00, 0x00,
  0x00, 0x6b, 0xff, 0xff, 0xff, 0x4f, 0x00, 0x2f, 0xff, 0xff, 0xff, 0x5d, 0x00, 0x00, 0x00, 0x00,
  0x41, 0xff, 0xff, 0xff, 0x4f, 0x00, 0x24, 0xff, 0xff, 0xff, 0x73, 0x00, 0x00, 0x00, 0x00, 0x58,
  0xff, 0xff, 0xff, 0x4f, 0x00, 0x07, 0xf8, 0xff, 0xff, 0xd6, 0x06, 0x00, 0x00, 0x01, 0xbf, 0xff,
  0xff, 0xff, 0x53, 0x00, 0x00, 0xb5, 0xff, 0xff, 0xff, 0xc7, 0x65, 0x61, 0xba, 0xff, 0xff, 0xff,
  0xff, 0xd1, 0x7a, 0x00, 0x37, 0xfb, 0xff, 0xff, 0xff, 0xff, 0xff, 0xff, 0xff, 0xff, 0xff, 0xff,
  0xff, 0xd2, 0x00, 0x00, 0x5d, 0xf9, 0xff, 0xff, 0xff, 0xff, 0xff, 0x7d, 0xf2, 0xff, 0xff, 0xff,
  0xd2, 0x00, 0x00, 0x00, 0x29, 0x9e, 0xdd, 0xeb, 0xc9, 0x5a, 0x00, 0x48, 0xaa, 0xb2, 0xb2, 0x92,
  0x00, 0x00, 0x00, 0x00, 0x00, 0x00, 0x00, 0x00, 0x00, 0x04, 0x76, 0x49, 0x00, 0x00, 0x00, 0x00,
  0x00, 0x00, 0x00, 0x00, 0x00, 0x22, 0xa2, 0x00, 0x00, 0x00, 0x00, 0x00, 0x00, 0x00, 0x00, 0x3b,
  0xd3, 0xff, 0x59, 0x00, 0x00, 0x00, 0x00, 0x00, 0x00, 0x00, 0x06, 0x7a, 0xf6, 0xf0, 0x00, 0x00,
  0x00, 0x00, 0x00, 0x00, 0x12, 0x9b, 0xfe, 0xff, 0xff, 0x59, 0x00, 0x00, 0x00, 0x00, 0x00, 0x00,
  0x3f, 0xd6, 0xff, 0xff, 0xf0, 0x00, 0x00, 0x00, 0x00, 0x00, 0x5f, 0xeb, 0xff, 0xff, 0xff, 0xff,
  0x59, 0x00, 0x00, 0x00, 0x00, 0x14, 0xa0, 0xff, 0xff, 0xff, 0xff, 0xf0, 0x00, 0x00, 0x00, 0x29,
  0xc0, 0xff, 0xff, 0xff, 0xff, 0xff, 0xff, 0x59, 0x00, 0x00, 0x01, 0x63, 0xed, 0xff, 0xff, 0xff,
  0xff, 0xff, 0xf0, 0x00, 0x09, 0x85, 0xf9, 0xff, 0xff, 0xff, 0xff, 0xff, 0xff, 0xff, 0x59, 0x00,
  0x2c, 0xc4, 0xff, 0xff, 0xff, 0xff, 0xff, 0xff, 0xff, 0xf0, 0x1f, 0xdd, 0xff, 0xff, 0xff, 0xff,
  0xff, 0xff, 0xff, 0xfc, 0x9a, 0x14, 0x6a, 0xfb, 0xff, 0xff, 0xff, 0xff, 0xff, 0xff, 0xff, 0xe4,
  0x5e, 0x3c, 0xff, 0xff, 0xff, 0xff, 0xff, 0xff, 0xff, 0xb8, 0x2c, 0x00, 0x00, 0xa4, 0xff, 0xff,
  0xff, 0xff, 0xff, 0xff, 0xf3, 0x7e, 0x0a, 0x00, 0x3c, 0xff, 0xff, 0xff, 0xff, 0xff, 0xd2, 0x46,
  0x00, 0x00, 0x00, 0x00, 0xa4, 0xff, 0xff, 0xff, 0xff, 0xfd, 0x9b, 0x18, 0x00, 0x00, 0x00, 0x3c,
  0xff, 0xff, 0xff, 0xe7, 0x64, 0x02, 0x00, 0x00, 0x00, 0x00, 0x00, 0xa4, 0xff, 0xff, 0xff, 0xb8,
  0x2d, 0x00, 0x00, 0x00, 0x00, 0x00, 0x3c, 0xff, 0xff, 0xff, 0x14, 0x00, 0x00, 0x00, 0x00, 0x00,
  0x00, 0x00, 0xa4, 0xff, 0xff, 0xab, 0x00, 0x00, 0x00, 0x00, 0x00, 0x00, 0x00, 0x3c, 0xff, 0xff,
  0xff, 0xc7, 0x3a, 0x00, 0x00, 0x00, 0x00, 0x00, 0x00, 0xa4, 0xff, 0xff, 0xf9, 0x8d, 0x11, 0x00,
  0x00, 0x00, 0x00, 0x00, 0x3c, 0xff, 0xff, 0xff, 0xff, 0xff, 0xaa, 0x22, 0x00, 0x00, 0x00, 0x00,
  0xa4, 0xff, 0xff, 0xff, 0xff, 0xed, 0x70, 0x05, 0x00, 0x00, 0x00, 0x3c, 0xff, 0xff, 0xff, 0xff,
  0xff, 0xff, 0xf9, 0x8d, 0x11, 0x00, 0x00, 0xa4, 0xff, 0xff, 0xff, 0xff, 0xff, 0xff, 0xdb, 0x52,
  0x00, 0x00, 0x29, 0xf4, 0xff, 0xff, 0xff, 0xff, 0xff, 0xff, 0xff, 0xed, 0x6f, 0x05, 0x86, 0xff,
  0xff, 0xff, 0xff, 0xff, 0xff, 0xff, 0xff, 0xc3, 0x36, 0x00, 0x1e, 0xb0, 0xff, 0xff, 0xff, 0xff,
  0xff, 0xff, 0xff, 0xff, 0x58, 0x00, 0x52, 0xe4, 0xff, 0xff, 0xff, 0xff, 0xff, 0xff, 0xff, 0xf0,
  0x00, 0x00, 0x00, 0x4e, 0xe1, 0xff, 0xff, 0xff, 0xff, 0xff, 0xff, 0x59, 0x00, 0x00, 0x0d, 0x8f,
  0xfc, 0xff, 0xff, 0xff, 0xff, 0xff, 0xf0, 0x00, 0x00, 0x00, 0x00, 0x0b, 0x8b, 0xfb, 0xff, 0xff,
  0xff, 0xff, 0x59, 0x00, 0x00, 0x00, 0x00, 0x30, 0xc9, 0xff, 0xff, 0xff, 0xff, 0xf0, 0x00, 0x00,
  0x00, 0x00, 0x00, 0x00, 0x2d, 0xc5, 0xff, 0xff, 0xff, 0x59, 0x00, 0x00, 0x00, 0x00, 0x00, 0x02,
  0x69, 0xef, 0xff, 0xff, 0xf0, 0x00, 0x00, 0x00, 0x00, 0x00, 0x00, 0x00, 0x01, 0x65, 0xee, 0xff,
  0x59, 0x00, 0x00, 0x00, 0x00, 0x00, 0x00, 0x00, 0x17, 0xa6, 0xff, 0xf0, 0x00, 0x00, 0x00, 0x00,
  0x00, 0x00, 0x00, 0x00, 0x00, 0x15, 0xa1, 0x58, 0x00, 0x00, 0x00, 0x00, 0x00, 0x00, 0x00, 0x00,
  0x00, 0x44, 0xcb, 0x16, 0x18, 0x18, 0x18, 0x18, 0x18, 0x18, 0x18, 0x18, 0x18, 0x18, 0x18, 0x18,
  0x18, 0x18, 0x18, 0x18, 0x0f, 0xed, 0xff, 0xff, 0xff, 0xff, 0xff, 0xff, 0xff, 0xff, 0xff, 0xff,
  0xff, 0xff, 0xff, 0xff, 0xff, 0xff, 0xa1, 0xed, 0xff, 0xff, 0xff, 0xff, 0xff, 0xff, 0xff, 0xff,
  0xff, 0xff, 0xff, 0xff, 0xff, 0xff, 0xff, 0xff, 0xa1, 0xed, 0xff, 0xff, 0xff, 0xff, 0xff, 0xff,
  0xff, 0xff, 0xff, 0xff, 0xff, 0xff, 0xff, 0xff, 0xff, 0xff, 0xa1, 0xed, 0xff, 0xff, 0xff, 0xff,
  0xff, 0xff, 0xff, 0xff, 0xff, 0xff, 0xff, 0xff, 0xff, 0xff, 0xff, 0xff, 0xa1, 0xa4, 0xb1, 0xb1,
  0xb1, 0xb1, 0xb1, 0xb1, 0xb1, 0xb1, 0xb1, 0xb1, 0xb1, 0xbe, 0xff, 0xff, 0xff, 0xff, 0xa1, 0x00,
  0x00, 0x00, 0x00, 0x00, 0x00, 0x00, 0x00, 0x00, 0x00, 0x00, 0x00, 0x28, 0xff, 0xff, 0xff, 0xff,
  0xa1, 0x00, 0x00, 0x00, 0x00, 0x00, 0x00, 0x00, 0x00, 0x00, 0x00, 0x00, 0x00, 0x28, 0xff, 0xff,
  0xff, 0xff, 0xa1, 0x00, 0x00, 0x00, 0x00, 0x00, 0x00, 0x00, 0x00, 0x00, 0x00, 0x00, 0x00, 0x28,
  0xff, 0xff, 0xff, 0xff, 0xa1, 0x00, 0x00, 0x00, 0x00, 0x00, 0x00, 0x00, 0x00, 0x00, 0x00, 0x00,
  0x00, 0x28, 0xff, 0xff, 0xff, 0xff, 0xa1, 0x00, 0x00, 0x00, 0x00, 0x00, 0x00, 0x00, 0x00, 0x00,
  0x00, 0x00, 0x00, 0x28, 0xff, 0xff, 0xff, 0xff, 0xa1, 0x00, 0x00, 0x00, 0x00, 0x00, 0x00, 0x00,
  0x00, 0x00, 0x00, 0x00, 0x00, 0x07, 0x32, 0x32, 0x32, 0x32, 0x1f, 0x00, 0x00, 0x00, 0x00, 0x00,
  0x00, 0x00, 0x00, 0x00, 0x00, 0x00, 0x03, 0x01, 0x00, 0x00, 0x00, 0x00, 0x00, 0x00, 0x00, 0x00,
  0x00, 0x00, 0x00, 0x00, 0x00, 0x00, 0x00, 0x00, 0x00, 0x00, 0x2d, 0x88, 0xc8, 0xf0, 0xff, 0xfe,
  0xe6, 0xb7, 0x70, 0x15, 0x00, 0x00, 0x00, 0x00, 0x00, 0x00, 0x00, 0x00, 0x00, 0x00, 0x00, 0x00,
  0x25, 0xab, 0xff, 0xff, 0xff, 0xff, 0xff, 0xff, 0xff, 0xff, 0xff, 0xf4, 0x82, 0x0d, 0x00, 0x00,
  0x00, 0x00, 0x00, 0x00, 0x00, 0x00, 0x00, 0x59, 0xf7, 0xff, 0xff, 0xff, 0xff, 0xff, 0xff, 0xff,
  0xff, 0xff, 0xff, 0xff, 0xff, 0xdb, 0x29, 0x00, 0x00, 0x00, 0x00, 0x00, 0x00, 0x00, 0x75, 0xff,
  0xff, 0xff, 0xff, 0xea, 0x96, 0x5e, 0x45, 0x49, 0x6a, 0xac, 0xf8, 0xff, 0xff, 0xff, 0xf1, 0x38,
  0x00, 0x00, 0x00, 0x00, 0x00, 0x51, 0xfe, 0xff, 0xff, 0xfd, 0x80, 0x09, 0x00, 0x00, 0x00, 0x00,
  0x00, 0x00, 0x1c, 0xb1, 0xff, 0xff, 0xff, 0xe7, 0x1c, 0x00, 0x00, 0x00, 0x16, 0xf2, 0xff, 0xff,
  0xf0, 0x43, 0x00, 0x5f, 0x66, 0x66, 0x66, 0x64, 0x4d, 0x0e, 0x00, 0x01, 0x7c, 0xff, 0xff, 0xff,
  0xbc, 0x00, 0x00, 0x00, 0x94, 0xff, 0xff, 0xfe, 0x4c, 0x00, 0x00, 0xed, 0xff, 0xff, 0xff, 0xff,
  0xff, 0xef, 0x48, 0x00, 0x00, 0x96, 0xff, 0xff, 0xff, 0x48, 0x00, 0x13, 0xf9, 0xff, 0xff, 0x8f,
  0x00, 0x00, 0x00, 0xed, 0xff, 0xff, 0xff, 0xff, 0xff, 0xff, 0xf1, 0x13, 0x00, 0x06, 0xd4, 0xff,
  0xff, 0xc2, 0x00, 0x63, 0xff, 0xff, 0xfa, 0x15, 0x00, 0x00, 0x00, 0xed, 0xff, 0xff, 0xc1, 0xbf,
  0xff, 0xff, 0xff, 0x55, 0x00, 0x00, 0x5b, 0xff, 0xff, 0xfe, 0x18, 0x9e, 0xff, 0xff, 0xbb, 0x00,
  0x00, 0x00, 0x00, 0xed, 0xff, 0xff, 0x59, 0x01, 0xef, 0xff, 0xff, 0x54, 0x00, 0x00, 0x0b, 0xfb,
  0xff, 0xff, 0x52, 0xc2, 0xff, 0xff, 0x8a, 0x00, 0x00, 0x00, 0x00, 0xed, 0xff, 0xff, 0x95, 0x7d,
  0xfe, 0xff, 0xf9, 0x18, 0x00, 0x00, 0x00, 0xd6, 0xff, 0xff, 0x76, 0xcf, 0xff, 0xff, 0x77, 0x00,
  0x00, 0x00, 0x00, 0xed, 0xff, 0xff, 0xff, 0xff, 0xff, 0xee, 0x52, 0x00, 0x00, 0x00, 0x00, 0xc4,
  0xff, 0xff, 0x83, 0xc8, 0xff, 0xff, 0x82, 0x00, 0x00, 0x00, 0x00, 0xed, 0xff, 0xff, 0xff, 0xff,
  0xff, 0xeb, 0x6a, 0x00, 0x00, 0x00, 0x00, 0xce, 0xff, 0xff, 0x7c, 0xab, 0xff, 0xff, 0xaa, 0x00,
  0x00, 0x00, 0x00, 0xed, 0xff, 0xff, 0xc8, 0xe0, 0xff, 0xff, 0xfc, 0x11, 0x00, 0x00, 0x02, 0xf3,
  0xff, 0xff, 0x5f, 0x77, 0xff, 0xff, 0xee, 0x06, 0x00, 0x00, 0x00, 0xed, 0xff, 0xff, 0x59, 0x33,
  0xff, 0xff, 0xff, 0x22, 0x00, 0x00, 0x41, 0xff, 0xff, 0xff, 0x2b, 0x2a, 0xff, 0xff, 0xff, 0x66,
  0x00, 0x00, 0x00, 0xed, 0xff, 0xff, 0x59, 0x23, 0xff, 0xff, 0xff, 0x22, 0x00, 0x00, 0xb2, 0xff,
  0xff, 0xdd, 0x00, 0x00, 0xbc, 0xff, 0xff, 0xef, 0x23, 0x00, 0x00, 0xed, 0xff, 0xff, 0x59, 0x23,
  0xff, 0xff, 0xff, 0x22, 0x00, 0x5e, 0xff, 0xff, 0xff, 0x70, 0x00, 0x00, 0x33, 0xfe, 0xff, 0xff,
  0xd0, 0x14, 0x00, 0xa5, 0xb2, 0xb2, 0x3d, 0x19, 0xb2, 0xb2, 0xb2, 0x18, 0x38, 0xf5, 0xff, 0xff,
  0xdf, 0x06, 0x00, 0x00, 0x00, 0x8d, 0xff, 0xff, 0xff, 0xe1, 0x37, 0x00, 0x00, 0x00, 0x00, 0x00,
  0x00, 0x00, 0x00, 0x67, 0xf9, 0xff, 0xff, 0xfc, 0x45, 0x00, 0x00, 0x00, 0x00, 0x03, 0xb7, 0xff,
  0xff, 0xff, 0xfd, 0xa8, 0x4b, 0x12, 0x00, 0x01, 0x1e, 0x60, 0xc8, 0xff, 0xff, 0xff, 0xff, 0x6f,
  0x00, 0x00, 0x00, 0x00, 0x00, 0x00, 0x08, 0xa4, 0xff, 0xff, 0xff, 0xff, 0xff, 0xff, 0xf9, 0xfc,
  0xff, 0xff, 0xff, 0xff, 0xff, 0xfa, 0x66, 0x00, 0x00, 0x00, 0x00, 0x00, 0x00, 0x00, 0x00, 0x00,
  0x68, 0xea, 0xff, 0xff, 0xff, 0xff, 0xff, 0xff, 0xff, 0xff, 0xff, 0xff, 0xcd, 0x3a, 0x00, 0x00,
  0x00, 0x00, 0x00, 0x00, 0x00, 0x00, 0x00, 0x00, 0x00, 0x0d, 0x78, 0xd4, 0xff, 0xff, 0xff, 0xff,
  0xff, 0xf9, 0xbb, 0x56, 0x01, 0x00, 0x00, 0x00, 0x00, 0x00, 0x00, 0x00, 0x00, 0x00, 0x00, 0x00,
  0x00, 0x00, 0x00, 0x00, 0x15, 0x3c, 0x4e, 0x4b, 0x32, 0x09, 0x00, 0x00, 0x00, 0x00, 0x00, 0x00,
  0x00, 0x00, 0x00, 0x12, 0x39, 0x39, 0x39, 0x39, 0x39, 0x39, 0x39, 0x39, 0x39, 0x39, 0x39, 0x39,
  0x01, 0x52, 0xff, 0xff, 0xff, 0xff, 0xff, 0xff, 0xff, 0xff, 0xff, 0xff, 0xff, 0xff, 0x06, 0x52,
  0xff, 0xff, 0xff, 0xff, 0xff, 0xff, 0xff, 0xff, 0xff, 0xff, 0xff, 0xff, 0x06, 0x52, 0xff, 0xff,
  0xff, 0xff, 0xff, 0xff, 0xff, 0xff, 0xff, 0xff, 0xff, 0xff, 0x06, 0x52, 0xff, 0xff, 0xff, 0xff,
  0xff, 0xff, 0xff, 0xff, 0xff, 0xff, 0xff, 0xff, 0x06, 0x04, 0x0f, 0x0f, 0x0f, 0x0f, 0x0f, 0x0f,
  0x0f, 0x0f, 0x0f, 0x0f, 0x0f, 0x0f, 0x00, 0x00, 0x00, 0x00, 0x00, 0x14, 0x58, 0x77, 0x72, 0x48,
  0x07, 0x00, 0x00, 0x00, 0x00, 0x00, 0x00, 0x06, 0x8e, 0xf9, 0xff, 0xff, 0xff, 0xff, 0xe9, 0x5d,
  0x00, 0x00, 0x00, 0x00, 0x0b, 0xc9, 0xff, 0xff, 0xff, 0xff, 0xff, 0xff, 0xff, 0xff, 0x8a, 0x00,
  0x00, 0x00, 0xa6, 0xff, 0xff, 0xff, 0xff, 0xff, 0xff, 0xff, 0xff, 0xff, 0xff, 0x5a, 0x00, 0x36,
  0xff, 0xff, 0xff, 0xff, 0xff, 0xff, 0xff, 0xff, 0xff, 0xff, 0xff, 0xe6, 0x04, 0x8b, 0xff, 0xff,
  0xff, 0xff, 0xa1, 0x1e, 0x34, 0xd2, 0xff, 0xff, 0xff, 0xff, 0x3f, 0xb3, 0xff, 0xff, 0xff, 0xea,
  0x05, 0x00, 0x00, 0x3b, 0xff, 0xff, 0xff, 0xff, 0x68, 0xb7, 0xff, 0xff, 0xff, 0xe0, 0x00, 0x00,
  0x00, 0x2c, 0xff, 0xff, 0xff, 0xff, 0x6b, 0x95, 0xff, 0xff, 0xff, 0xff, 0x71, 0x00, 0x0b, 0xb3,
  0xff, 0xff, 0xff, 0xff, 0x49, 0x49, 0xff, 0xff, 0xff, 0xff, 0xff, 0xe9, 0xf4, 0xff, 0xff, 0xff,
  0xff, 0xf2, 0x0a, 0x01, 0xc5, 0xff, 0xff, 0xff, 0xff, 0xff, 0xff, 0xff, 0xff, 0xff, 0xff, 0x7a,
  0x00, 0x00, 0x1c, 0xe7, 0xff, 0xff, 0xff, 0xff, 0xff, 0xff, 0xff, 0xff, 0xb7, 0x02, 0x00, 0x00,
  0x00, 0x1b, 0xc1, 0xff, 0xff, 0xff, 0xff, 0xff, 0xfd, 0x91, 0x05, 0x00, 0x00, 0x00, 0x00, 0x00,
  0x00, 0x41, 0x8c, 0xac, 0xa7, 0x7c, 0x27, 0x00, 0x00, 0x00, 0x00, 0x00, 0x00, 0x00, 0x00, 0x00,
  0x00, 0x42, 0x7a, 0x7a, 0x7a, 0x7a, 0x1e, 0x00, 0x00, 0x00, 0x00, 0x00, 0x00, 0x00, 0x00, 0x00,
  0x00, 0x00, 0x00, 0x8a, 0xff, 0xff, 0xff, 0xff, 0x3f, 0x00, 0x00, 0x00, 0x00, 0x00, 0x00, 0x00,
  0x00, 0x00, 0x00, 0x00, 0x00, 0x8a, 0xff, 0xff, 0xff, 0xff, 0x3f, 0x00, 0x00, 0x00, 0x00, 0x00,
  0x00, 0x00, 0x00, 0x00, 0x00, 0x00, 0x00, 0x8a, 0xff, 0xff, 0xff, 0xff, 0x3f, 0x00, 0x00, 0x00,
  0x00, 0x00, 0x00, 0x00, 0x00, 0x00, 0x00, 0x00, 0x00, 0x8a, 0xff, 0xff, 0xff, 0xff, 0x3f, 0x00,
  0x00, 0x00, 0x00, 0x00, 0x00, 0x00, 0x00, 0x00, 0x00, 0x00, 0x00, 0x8a, 0xff, 0xff, 0xff, 0xff,
  0x3f, 0x00, 0x00, 0x00, 0x00, 0x00, 0x00, 0x16, 0x18, 0x18, 0x18, 0x18, 0x18, 0x95, 0xff, 0xff,
  0xff, 0xff, 0x51, 0x18, 0x18, 0x18, 0x18, 0x18, 0x0f, 0xed, 0xff, 0xff, 0xff, 0xff, 0xff, 0xff,
  0xff, 0xff, 0xff, 0xff, 0xff, 0xff, 0xff, 0xff, 0xff, 0xff, 0xa1, 0xed, 0xff, 0xff, 0xff, 0xff,
  0xff, 0xff, 0xff, 0xff, 0xff, 0xff, 0xff, 0xff, 0xff, 0xff, 0xff, 0xff, 0xa1, 0xed, 0xff, 0xff,
  0xff, 0xff, 0xff, 0xff, 0xff, 0xff, 0xff, 0xff, 0xff, 0xff, 0xff, 0xff, 0xff, 0xff, 0xa1, 0xed,
  0xff, 0xff, 0xff, 0xff, 0xff, 0xff, 0xff, 0xff, 0xff, 0xff, 0xff, 0xff, 0xff, 0xff, 0xff, 0xff,
  0xa1, 0xa4, 0xb1, 0xb1, 0xb1, 0xb1, 0xb1, 0xdc, 0xff, 0xff, 0xff, 0xff, 0xc4, 0xb1, 0xb1, 0xb1,
  0xb1, 0xb1, 0x6f, 0x00, 0x00, 0x00, 0x00, 0x00, 0x00, 0x8a, 0xff, 0xff, 0xff, 0xff, 0x3f, 0x00,
  0x00, 0x00, 0x00, 0x00, 0x00, 0x00, 0x00, 0x00, 0x00, 0x00, 0x00, 0x8a, 0xff, 0xff, 0xff, 0xff,
  0x3f, 0x00, 0x00, 0x00, 0x00, 0x00, 0x00, 0x00, 0x00, 0x00, 0x00, 0x00, 0x00, 0x8a, 0xff, 0xff,
  0xff, 0xff, 0x3f, 0x00, 0x00, 0x00, 0x00, 0x00, 0x00, 0x00, 0x00, 0x00, 0x00, 0x00, 0x00, 0x8a,
  0xff, 0xff, 0xff, 0xff, 0x3f, 0x00, 0x00, 0x00, 0x00, 0x00, 0x00, 0x00, 0x00, 0x00, 0x00, 0x00,
  0x00, 0x8a, 0xff, 0xff, 0xff, 0xff, 0x3f, 0x00, 0x00, 0x00, 0x00, 0x00, 0x00, 0x00, 0x00, 0x00,
  0x00, 0x00, 0x00, 0x1b, 0x32, 0x32, 0x32, 0x32, 0x0c, 0x00, 0x00, 0x00, 0x00, 0x00, 0x00, 0x00,
  0x00, 0x00, 0x00, 0x00, 0x00, 0x00, 0x00, 0x00, 0x00, 0x00, 0x00, 0x00, 0x00, 0x00, 0x00, 0x00,
  0x00, 0xba, 0xc9, 0xc9, 0xc9, 0xc9, 0xc9, 0xc9, 0xc9, 0xc9, 0xc9, 0xc9, 0xc9, 0xc9, 0xc9, 0xc9,
  0xc9, 0xc9, 0x7f, 0xed, 0xff, 0xff, 0xff, 0xff, 0xff, 0xff, 0xff, 0xff, 0xff, 0xff, 0xff, 0xff,
  0xff, 0xff, 0xff, 0xff, 0xa1, 0xed, 0xff, 0xff, 0xff, 0xff, 0xff, 0xff, 0xff, 0xff, 0xff, 0xff,
  0xff, 0xff, 0xff, 0xff, 0xff, 0xff, 0xa1, 0xed, 0xff, 0xff, 0xff, 0xff, 0xff, 0xff, 0xff, 0xff,
  0xff, 0xff, 0xff, 0xff, 0xff, 0xff, 0xff, 0xff, 0xa1, 0xed, 0xff, 0xff, 0xff, 0xff, 0xff, 0xff,
  0xff, 0xff, 0xff, 0xff, 0xff, 0xff, 0xff, 0xff, 0xff, 0xff, 0xa1, 0x00, 0x00, 0x16, 0x6e, 0x9b,
  0x9f, 0x79, 0x1d, 0x00, 0x00, 0x00, 0x4e, 0xf3, 0xff, 0xff, 0xff, 0xff, 0xf5, 0x4d, 0x00, 0x1c,
  0xf6, 0xff, 0xff, 0xff, 0xff, 0xff, 0xff, 0xf3, 0x17, 0x74, 0xff, 0xff, 0xfb, 0x7e, 0x84, 0xfe,
  0xff, 0xff, 0x64, 0x83, 0xe2, 0xe2, 0xa7, 0x00, 0x00, 0xdc, 0xff, 0xff, 0x71, 0x00, 0x00, 0x00,
  0x01, 0x37, 0x96, 0xff, 0xff, 0xff, 0x46, 0x00, 0x04, 0x74, 0xe2, 0xff, 0xff, 0xff, 0xff, 0xc3,
  0x02, 0x05, 0xc1, 0xff, 0xff, 0xff, 0xff, 0xef, 0x8d, 0x09, 0x00, 0x5c, 0xff, 0xff, 0xff, 0xa0,
  0x41, 0x06, 0x00, 0x00, 0x00, 0x90, 0xff, 0xff, 0xd8, 0x53, 0x53, 0x53, 0x53, 0x53, 0x1d, 0x99,
  0xff, 0xff, 0xff, 0xff, 0xff, 0xff, 0xff, 0xff, 0x58, 0x99, 0xff, 0xff, 0xff, 0xff, 0xff, 0xff,
  0xff, 0xff, 0x58, 0x6a, 0xb2, 0xb2, 0xb2, 0xb2, 0xb2, 0xb2, 0xb2, 0xb2, 0x3d, 0x16, 0x66, 0x66,
  0x66, 0x66, 0x66, 0x66, 0x66, 0x5a, 0x00, 0x38, 0xff, 0xff, 0xff, 0xff, 0xff, 0xff, 0xff, 0xe2,
  0x00, 0x38, 0xff, 0xff, 0xff, 0xff, 0xff, 0xff, 0xff, 0xe2, 0x00, 0x1e, 0x8a, 0x8a, 0x8a, 0x8a,
  0xbb, 0xff, 0xff, 0xe2, 0x00, 0x00, 0x00, 0x00, 0x29, 0xb8, 0xfa, 0xff, 0xff, 0xc6, 0x00, 0x00,
  0x00, 0x00, 0x53, 0xff, 0xff, 0xfb, 0x45, 0x00, 0x00, 0x00, 0x00, 0x00, 0x53, 0xff, 0xff, 0xff,
  0xf4, 0x5f, 0x00, 0x00, 0x00, 0x00, 0x28, 0x7d, 0xaa, 0xff, 0xff, 0xfb, 0x28, 0x4d, 0x81, 0x81,
  0x58, 0x00, 0x00, 0xdd, 0xff, 0xff, 0x67, 0x8b, 0xff, 0xff, 0xe2, 0x2a, 0x36, 0xf4, 0xff, 0xff,
  0x6a, 0x41, 0xff, 0xff, 0xff, 0xff, 0xff, 0xff, 0xff, 0xff, 0x2b, 0x00, 0x9d, 0xff, 0xff, 0xff,
  0xff, 0xff, 0xff, 0x91, 0x00, 0x00, 0x01, 0x64, 0xc1, 0xe8, 0xeb, 0xc4, 0x60, 0x00, 0x00, 0x00,
  0x00, 0x69, 0xa6, 0xa6, 0xa6, 0xa6, 0x96, 0x02, 0x00, 0x06, 0xec, 0xff, 0xff, 0xff, 0xff, 0x67,
  0x00, 0x00, 0x55, 0xff, 0xff, 0xff, 0xff, 0xc7, 0x01, 0x00, 0x00, 0xb7, 0xff, 0xff, 0xff, 0xfc,
  0x2f, 0x00, 0x00, 0x1b, 0xfd, 0xff, 0xff, 0xff, 0x8d, 0x00, 0x00, 0x00, 0x7a, 0xff, 0xff, 0xff,
  0xe3, 0x0c, 0x00, 0x00, 0x00, 0x0a, 0x0f, 0x0f, 0x0f, 0x09, 0x00, 0x00, 0x00, 0x00, 0xb5, 0xd5,
  0xd5, 0xd5, 0xd5, 0x5e, 0x00, 0x00, 0x00, 0x00, 0x00, 0x00, 0x00, 0x00, 0x9d, 0xd5, 0xd5, 0xd5,
  0xd5, 0x75, 0xd9, 0xff, 0xff, 0xff, 0xff, 0x71, 0x00, 0x00, 0x00, 0x00, 0x00, 0x00, 0x00, 0x00,
  0xbc, 0xff, 0xff, 0xff, 0xff, 0x8d, 0xd9, 0xff, 0xff, 0xff, 0xff, 0x71, 0x00, 0x00, 0x00, 0x00,
  0x00, 0x00, 0x00, 0x00, 0xbc, 0xff, 0xff, 0xff, 0xff, 0x8d, 0xd9, 0xff, 0xff, 0xff, 0xff, 0x71,
  0x00, 0x00, 0x00, 0x00, 0x00, 0x00, 0x00, 0x00, 0xbc, 0xff, 0xff, 0xff, 0xff, 0x8d, 0xd9, 0xff,
  0xff, 0xff, 0xff, 0x71, 0x00, 0x00, 0x00, 0x00, 0x00, 0x00, 0x00, 0x00, 0xbc, 0xff, 0xff, 0xff,
  0xff, 0x8d, 0xd9, 0xff, 0xff, 0xff, 0xff, 0x71, 0x00, 0x00, 0x00, 0x00, 0x00, 0x00, 0x00, 0x00,
  0xbc, 0xff, 0xff, 0xff, 0xff, 0x8d, 0xd9, 0xff, 0xff, 0xff, 0xff, 0x71, 0x00, 0x00, 0x00, 0x00,
  0x00, 0x00, 0x00, 0x00, 0xbc, 0xff, 0xff, 0xff, 0xff, 0x8d, 0xd9, 0xff, 0xff, 0xff, 0xff, 0x71,
  0x00, 0x00, 0x00, 0x00, 0x00, 0x00, 0x00, 0x00, 0xbc, 0xff, 0xff, 0xff, 0xff, 0x8d, 0xd9, 0xff,
  0xff, 0xff, 0xff, 0x71, 0x00, 0x00, 0x00, 0x00, 0x00, 0x00, 0x00, 0x00, 0xbc, 0xff, 0xff, 0xff,
  0xff, 0x8d, 0xd9, 0xff, 0xff, 0xff, 0xff, 0x71, 0x00, 0x00, 0x00, 0x00, 0x00, 0x00, 0x00, 0x00,
  0xbc, 0xff, 0xff, 0xff, 0xff, 0x8d, 0xd9, 0xff, 0xff, 0xff, 0xff, 0x71, 0x00, 0x00, 0x00, 0x00,
  0x00, 0x00, 0x00, 0x00, 0xbc, 0xff, 0xff, 0xff, 0xff, 0x8d, 0xd9, 0xff, 0xff, 0xff, 0xff, 0x71,
  0x00, 0x00, 0x00, 0x00, 0x00, 0x00, 0x00, 0x00, 0xbd, 0xff, 0xff, 0xff, 0xff, 0x8d, 0xd9, 0xff,
  0xff, 0xff, 0xff, 0x7d, 0x00, 0x00, 0x00, 0x00, 0x00, 0x00, 0x00, 0x00, 0xc9, 0xff, 0xff, 0xff,
  0xff, 0x8d, 0xd9, 0xff, 0xff, 0xff, 0xff, 0xa7, 0x00, 0x00, 0x00, 0x00, 0x00, 0x00, 0x00, 0x02,
  0xf0, 0xff, 0xff, 0xff, 0xff, 0x8d, 0xd9, 0xff, 0xff, 0xff, 0xff, 0xef, 0x0c, 0x00, 0x00, 0x00,
  0x00, 0x00, 0x00, 0x47, 0xff, 0xff, 0xff, 0xff, 0xff, 0x8d, 0xd9, 0xff, 0xff, 0xff, 0xff, 0xff,
  0x92, 0x00, 0x00, 0x00, 0x00, 0x00, 0x0c, 0xd1, 0xff, 0xff, 0xff, 0xff, 0xff, 0x8d, 0xd9, 0xff,
  0xff, 0xff, 0xff, 0xff, 0xff, 0xb8, 0x5b, 0x3a, 0x40, 0x6f, 0xdb, 0xff, 0xff, 0xff, 0xff, 0xff,
  0xff, 0x8d, 0xd9, 0xff, 0xff, 0xff, 0xff, 0xff, 0xff, 0xff, 0xff, 0xff, 0xff, 0xff, 0xff, 0xff,
  0xff, 0xff, 0xff, 0xff, 0xff, 0x8d, 0xd9, 0xff, 0xff, 0xff, 0xff, 0xff, 0xff, 0xff, 0xff, 0xff,
  0xff, 0xff, 0xff, 0xff, 0xff, 0xff, 0xff, 0xff, 0xff, 0x8d, 0xd9, 0xff, 0xff, 0xff, 0xff, 0xda,
  0xec, 0xff, 0xff, 0xff, 0xff, 0xff, 0xff, 0xd8, 0xee, 0xff, 0xff, 0xff, 0xff, 0x8d, 0xd9, 0xff,
  0xff, 0xff, 0xff, 0x71, 0x3b, 0xee, 0xff, 0xff, 0xff, 0xff, 0xcd, 0x11, 0xbd, 0xff, 0xff, 0xff,
  0xff, 0x8d, 0xd9, 0xff, 0xff, 0xff, 0xff, 0x71, 0x00, 0x15, 0x6a, 0x8d, 0x86, 0x54, 0x05, 0x00,
  0x00, 0x00, 0x00, 0x00, 0x00, 0x00, 0xd9, 0xff, 0xff, 0xff, 0xff, 0x71, 0x00, 0x00, 0x00, 0x00,
  0x00, 0x00, 0x00, 0x00, 0x00, 0x00, 0x00, 0x00, 0x00, 0x00, 0xd9, 0xff, 0xff, 0xff, 0xff, 0x71,
  0x00, 0x00, 0x00, 0x00, 0x00, 0x00, 0x00, 0x00, 0x00, 0x00, 0x00, 0x00, 0x00, 0x00, 0xd9, 0xff,
  0xff, 0xff, 0xff, 0x71, 0x00, 0x00, 0x00, 0x00, 0x00, 0x00, 0x00, 0x00, 0x00, 0x00, 0x00, 0x00,
  0x00, 0x00, 0xd9, 0xff, 0xff, 0xff, 0xff, 0x71, 0x00, 0x00, 0x00, 0x00, 0x00, 0x00, 0x00, 0x00,
  0x00, 0x00, 0x00, 0x00, 0x00, 0x00, 0xd9, 0xff, 0xff, 0xff, 0xff, 0x71, 0x00, 0x00, 0x00, 0x00,
  0x00, 0x00, 0x00, 0x00, 0x00, 0x00, 0x00, 0x00, 0x00, 0x00, 0xd9, 0xff, 0xff, 0xff, 0xff, 0x71,
  0x00, 0x00, 0x00, 0x00, 0x00, 0x00, 0x00, 0x00, 0x00, 0x00, 0x00, 0x00, 0x00, 0x00, 0xd9, 0xff,
  0xff, 0xff, 0xff, 0x71, 0x00, 0x00, 0x00, 0x00, 0x00, 0x00, 0x00, 0x00, 0x00, 0x00, 0x00, 0x00,
  0x00, 0x00, 0x57, 0x66, 0x66, 0x66, 0x66, 0x2d, 0x00, 0x00, 0x00, 0x00, 0x00, 0x00, 0x00, 0x00,
  0x00, 0x00, 0x00, 0x00, 0x00, 0x00, 0x00, 0x00, 0x00, 0x34, 0xa8, 0xe6, 0xfb, 0xfc, 0xfc, 0xfc,
  0xfc, 0xfc, 0xfc, 0xfc, 0xfc, 0xfc, 0xfc, 0x4a, 0x00, 0x00, 0x72, 0xfc, 0xff, 0xff, 0xff, 0xff,
  0xff, 0xff, 0xff, 0xff, 0xff, 0xff, 0xff, 0xff, 0xff, 0x4b, 0x00, 0x5c, 0xff, 0xff, 0xff, 0xff,
  0xff, 0xff, 0xff, 0xff, 0xff, 0xff, 0xff, 0xff, 0xff, 0xff, 0xff, 0x4b, 0x0f, 0xf0, 0xff, 0xff,
  0xff, 0xff, 0xff, 0xff, 0xff, 0xff, 0xff, 0xff, 0xff, 0xff, 0xff, 0xff, 0xff, 0x4b, 0x5e, 0xff,
  0xff, 0xff, 0xff, 0x9d, 0x57, 0xff, 0xff, 0xff, 0xff, 0xa5, 0x77, 0xff, 0xff, 0xff, 0xff, 0x4b,
  0x8c, 0xff, 0xff, 0xff, 0xd1, 0x00, 0x09, 0xff, 0xff, 0xff, 0xff, 0x7f, 0x3e, 0xff, 0xff, 0xff,
  0xff, 0x4b, 0x90, 0xff, 0xff, 0xff, 0xc4, 0x00, 0x09, 0xff, 0xff, 0xff, 0xff, 0x7f, 0x3e, 0xff,
  0xff, 0xff, 0xff, 0x4b, 0x6b, 0xff, 0xff, 0xff, 0xfe, 0x69, 0x25, 0xff, 0xff, 0xff, 0xff, 0x7f,
  0x3e, 0xff, 0xff, 0xff, 0xff, 0x4b, 0x1c, 0xfa, 0xff, 0xff, 0xff, 0xff, 0xff, 0xff, 0xff, 0xff,
  0xff, 0x7f, 0x3e, 0xff, 0xff, 0xff, 0xff, 0x4b, 0x00, 0x83, 0xff, 0xff, 0xff, 0xff, 0xff, 0xff,
  0xff, 0xff, 0xff, 0x7f, 0x3e, 0xff, 0xff, 0xff, 0xff, 0x4b, 0x00, 0x02, 0xa6, 0xff, 0xff, 0xff,
  0xff, 0xff, 0xff, 0xff, 0xff, 0x7f, 0x3e, 0xff, 0xff, 0xff, 0xff, 0x4b, 0x00, 0x00, 0x00, 0x64,
  0xdc, 0xff, 0xff, 0xff, 0xff, 0xff, 0xff, 0x7f, 0x3e, 0xff, 0xff, 0xff, 0xff, 0x4b, 0x00, 0x00,
  0x00, 0x00, 0x00, 0x1a, 0x37, 0xff, 0xff, 0xff, 0xff, 0x7f, 0x3e, 0xff, 0xff, 0xff, 0xff, 0x4b,
  0x00, 0x00, 0x00, 0x00, 0x00, 0x00, 0x09, 0xff, 0xff, 0xff, 0xff, 0x7f, 0x3d, 0xff, 0xff, 0xff,
  0xff, 0x4b, 0x00, 0x00, 0x00, 0x00, 0x00, 0x00, 0x09, 0xff, 0xff, 0xff, 0xff, 0x7f, 0x3d, 0xff,
  0xff, 0xff, 0xff, 0x4b, 0x00, 0x00, 0x00, 0x00, 0x00, 0x00, 0x09, 0xff, 0xff, 0xff, 0xff, 0x7f,
  0x3d, 0xff, 0xff, 0xff, 0xff, 0x4b, 0x00, 0x00, 0x00, 0x00, 0x00, 0x00, 0x09, 0xff, 0xff, 0xff,
  0xff, 0x7f, 0x3d, 0xff, 0xff, 0xff, 0xff, 0x4b, 0x00, 0x00, 0x00, 0x00, 0x00, 0x00, 0x09, 0xff,
  0xff, 0xff, 0xff, 0x7f, 0x3d, 0xff, 0xff, 0xff, 0xff, 0x4b, 0x00, 0x00, 0x00, 0x00, 0x00, 0x00,
  0x09, 0xff, 0xff, 0xff, 0xff, 0x7f, 0x3d, 0xff, 0xff, 0xff, 0xff, 0x4b, 0x00, 0x00, 0x00, 0x00,
  0x00, 0x00, 0x09, 0xff, 0xff, 0xff, 0xff, 0x7f, 0x3d, 0xff, 0xff, 0xff, 0xff, 0x4b, 0x00, 0x00,
  0x00, 0x00, 0x00, 0x00, 0x08, 0xd8, 0xd8, 0xd8, 0xd8, 0x6b, 0x34, 0xd8, 0xd8, 0xd8, 0xd8, 0x3f,
  0x00, 0x00, 0x0c, 0x70, 0xa7, 0x9e, 0x51, 0x00, 0x00, 0x00, 0x19, 0xd9, 0xff, 0xff, 0xff, 0xff,
  0xa5, 0x02, 0x00, 0xb3, 0xff, 0xff, 0xff, 0xff, 0xff, 0xff, 0x67, 0x0d, 0xfd, 0xff, 0xff, 0xff,
  0xff, 0xff, 0xff, 0xbe, 0x1c, 0xff, 0xff, 0xff, 0xff, 0xff, 0xff, 0xff, 0xd0, 0x03, 0xed, 0xff,
  0xff, 0xff, 0xff, 0xff, 0xff, 0xa5, 0x00, 0x74, 0xff, 0xff, 0xff, 0xff, 0xff, 0xf8, 0x30, 0x00,
  0x00, 0x7f, 0xf8, 0xff, 0xff, 0xe5, 0x47, 0x00, 0x00, 0x00, 0x00, 0x11, 0x41, 0x37, 0x05, 0x00,
  0x00, 0x00, 0x68, 0xff, 0xff, 0x88, 0x00, 0x00, 0x00, 0x00, 0x00, 0x00, 0x00, 0xa0, 0xff, 0xff,
  0x6a, 0xba, 0xf7, 0xe4, 0x84, 0x03, 0x00, 0x00, 0xd7, 0xff, 0xff, 0xff, 0xff, 0xff, 0xff, 0xff,
  0x84, 0x00, 0x10, 0xfe, 0xff, 0xff, 0xff, 0xdf, 0xf6, 0xff, 0xff, 0xf2, 0x04, 0x0d, 0x5e, 0x5e,
  0x5e, 0x5d, 0x06, 0x74, 0xff, 0xff, 0xff, 0x1f, 0x00, 0x00, 0x0f, 0x99, 0x4c, 0x42, 0xc7, 0xff,
  0xff, 0xfe, 0x0f, 0x00, 0x00, 0x68, 0xff, 0xff, 0xff, 0xff, 0xff, 0xff, 0xc0, 0x00, 0x00, 0x00,
  0xc9, 0xff, 0xff, 0xff, 0xff, 0xff, 0xe7, 0x27, 0x00, 0x00, 0x00, 0x43, 0xa3, 0xd6, 0xe3, 0xce,
  0x88, 0x15, 0x00, 0x00, 0x00, 0x00, 0x03, 0x5b, 0x66, 0x66, 0x66, 0x0c, 0x00, 0x00, 0x00, 0x00,
  0x1a, 0xc1, 0xff, 0xff, 0xff, 0xff, 0x1e, 0x00, 0x00, 0x00, 0x44, 0xea, 0xff, 0xff, 0xff, 0xff,
  0xff, 0x1e, 0x00, 0x00, 0x00, 0xaf, 0xff, 0xff, 0xff, 0xff, 0xff, 0xff, 0x1e, 0x00, 0x00, 0x00,
  0xaf, 0xff, 0xe9, 0x69, 0xff, 0xff, 0xff, 0x1e, 0x00, 0x00, 0x00, 0xaf, 0xd2, 0x1f, 0x27, 0xff,
  0xff, 0xff, 0x1e, 0x00, 0x00, 0x00, 0x5d, 0x0c, 0x00, 0x28, 0xff, 0xff, 0xff, 0x1e, 0x00, 0x00,
  0x00, 0x00, 0x00, 0x00, 0x27, 0xff, 0xff, 0xff, 0x1e, 0x00, 0x00, 0x00, 0x00, 0x00, 0x00, 0x27,
  0xff, 0xff, 0xff, 0x1e, 0x00, 0x00, 0x00, 0x24, 0x53, 0x53, 0x6e, 0xff, 0xff, 0xff, 0x68, 0x53,
  0x53, 0x0c, 0x6e, 0xff, 0xff, 0xff, 0xff, 0xff, 0xff, 0xff, 0xff, 0xff, 0x24, 0x6e, 0xff, 0xff,
  0xff, 0xff, 0xff, 0xff, 0xff, 0xff, 0xff, 0x24, 0x4d, 0xb2, 0xb2, 0xb2, 0xb2, 0xb2, 0xb2, 0xb2,
  0xb2, 0xb2, 0x19, 0x00, 0x00, 0x00, 0x00, 0x35, 0x7e, 0x9c, 0x94, 0x6f, 0x1c, 0x00, 0x00, 0x00,
  0x00, 0x00, 0x00, 0x21, 0xc2, 0xff, 0xff, 0xff, 0xff, 0xff, 0xfd, 0x90, 0x08, 0x00, 0x00, 0x00,
  0x18, 0xe4, 0xff, 0xff, 0xff, 0xff, 0xff, 0xff, 0xff, 0xff, 0xb0, 0x01, 0x00, 0x00, 0xb3, 0xff,
  0xff, 0xff, 0xe8, 0xa9, 0xb4, 0xf8, 0xff, 0xff, 0xff, 0x67, 0x00, 0x1b, 0xfe, 0xff, 0xff, 0xcf,
  0x0c, 0x00, 0x00, 0x2f, 0xf8, 0xff, 0xff, 0xce, 0x00, 0x51, 0xff, 0xff, 0xff, 0x52, 0x00, 0x00,
  0x00, 0x00, 0x9d, 0xff, 0xff, 0xfd, 0x07, 0x64, 0xff, 0xff, 0xff, 0x29, 0x00, 0x00, 0x00, 0x00,
  0x75, 0xff, 0xff, 0xff, 0x18, 0x5a, 0xff, 0xff, 0xff, 0x3f, 0x00, 0x00, 0x00, 0x00, 0x8b, 0xff,
  0xff, 0xff, 0x0e, 0x2e, 0xff, 0xff, 0xff, 0xa5, 0x00, 0x00, 0x00, 0x0c, 0xe5, 0xff, 0xff, 0xe3,
  0x00, 0x00, 0xd7, 0xff, 0xff, 0xff, 0xa9, 0x5d, 0x69, 0xd0, 0xff, 0xff, 0xff, 0x8c, 0x00, 0x00,
  0x3f, 0xfb, 0xff, 0xff, 0xff, 0xff, 0xff, 0xff, 0xff, 0xff, 0xdc, 0x11, 0x00, 0x00, 0x00, 0x56,
  0xf1, 0xff, 0xff, 0xff, 0xff, 0xff, 0xff, 0xd4, 0x27, 0x00, 0x00, 0x00, 0x00, 0x00, 0x1c, 0x81,
  0xca, 0xe8, 0xe0, 0xbb, 0x66, 0x07, 0x00, 0x00, 0x00, 0x32, 0x88, 0x0a, 0x00, 0x00, 0x00, 0x00,
  0x00, 0x00, 0x00, 0x00, 0x00, 0x7c, 0x47, 0x00, 0x00, 0x00, 0x00, 0x00, 0x00, 0x00, 0x00, 0x00,
  0x3c, 0xff, 0xdf, 0x4b, 0x00, 0x00, 0x00, 0x00, 0x00, 0x00, 0x00, 0x00, 0xa4, 0xff, 0xa9, 0x19,
  0x00, 0x00, 0x00, 0x00, 0x00, 0x00, 0x00, 0x3c, 0xff, 0xff, 0xff, 0xad, 0x1c, 0x00, 0x00, 0x00,
  0x00, 0x00, 0x00, 0xa4, 0xff, 0xff, 0xf1, 0x6d, 0x02, 0x00, 0x00, 0x00, 0x00, 0x00, 0x3c, 0xff,
  0xff, 0xff, 0xff, 0xf3, 0x71, 0x03, 0x00, 0x00, 0x00, 0x00, 0xa4, 0xff, 0xff, 0xff, 0xff, 0xcc,
  0x33, 0x00, 0x00, 0x00, 0x00, 0x3c, 0xff, 0xff, 0xff, 0xff, 0xff, 0xff, 0xcf, 0x37, 0x00, 0x00,
  0x00, 0xa4, 0xff, 0xff, 0xff, 0xff, 0xff, 0xfd, 0x92, 0x0e, 0x00, 0x00, 0x3c, 0xff, 0xff, 0xff,
  0xff, 0xff, 0xff, 0xff, 0xfd, 0x96, 0x10, 0x00, 0xa4, 0xff, 0xff, 0xff, 0xff, 0xff, 0xff, 0xff,
  0xe6, 0x56, 0x00, 0x0c, 0x8a, 0xf8, 0xff, 0xff, 0xff, 0xff, 0xff, 0xff, 0xff, 0xe8, 0x31, 0x33,
  0xc4, 0xff, 0xff, 0xff, 0xff, 0xff, 0xff, 0xff, 0xff, 0xb1, 0x00, 0x00, 0x20, 0xa8, 0xff, 0xff,
  0xff, 0xff, 0xff, 0xff, 0xff, 0x59, 0x00, 0x00, 0x53, 0xdc, 0xff, 0xff, 0xff, 0xff, 0xff, 0xff,
  0xf0, 0x00, 0x00, 0x00, 0x00, 0x37, 0xc5, 0xff, 0xff, 0xff, 0xff, 0xff, 0x59, 0x00, 0x00, 0x00,
  0x06, 0x71, 0xee, 0xff, 0xff, 0xff, 0xff, 0xf0, 0x00, 0x00, 0x00, 0x00, 0x00, 0x00, 0x54, 0xdc,
  0xff, 0xff, 0xff, 0x59, 0x00, 0x00, 0x00, 0x00, 0x00, 0x11, 0x8e, 0xf9, 0xff, 0xff, 0xf0, 0x00,
  0x00, 0x00, 0x00, 0x00, 0x00, 0x00, 0x06, 0xf1, 0xff, 0xff, 0x59, 0x00, 0x00, 0x00, 0x00, 0x00,
  0x00, 0x00, 0x60, 0xff, 0xff, 0xf0, 0x00, 0x00, 0x00, 0x00, 0x00, 0x00, 0x2c, 0xb7, 0xff, 0xff,
  0xff, 0x59, 0x00, 0x00, 0x00, 0x00, 0x00, 0x02, 0x63, 0xe6, 0xff, 0xff, 0xf0, 0x00, 0x00, 0x00,
  0x00, 0x18, 0x9a, 0xfc, 0xff, 0xff, 0xff, 0xff, 0x59, 0x00, 0x00, 0x00, 0x00, 0x46, 0xd2, 0xff,
  0xff, 0xff, 0xff, 0xf0, 0x00, 0x00, 0x0a, 0x7d, 0xf3, 0xff, 0xff, 0xff, 0xff, 0xff, 0xff, 0x59,
  0x00, 0x00, 0x2c, 0xb7, 0xff, 0xff, 0xff, 0xff, 0xff, 0xff, 0xf0, 0x02, 0x5f, 0xe4, 0xff, 0xff,
  0xff, 0xff, 0xff, 0xff, 0xff, 0xfa, 0x40, 0x17, 0x9a, 0xfc, 0xff, 0xff, 0xff, 0xff, 0xff, 0xff,
  0xff, 0xd2, 0x3c, 0xff, 0xff, 0xff, 0xff, 0xff, 0xff, 0xff, 0xff, 0xc1, 0x29, 0x00, 0xa4, 0xff,
  0xff, 0xff, 0xff, 0xff, 0xff, 0xff, 0xf8, 0x82, 0x08, 0x3c, 0xff, 0xff, 0xff, 0xff, 0xff, 0xff,
  0xeb, 0x60, 0x00, 0x00, 0x00, 0xa4, 0xff, 0xff, 0xff, 0xff, 0xff, 0xff, 0xbd, 0x26, 0x00, 0x00,
  0x3c, 0xff, 0xff, 0xff, 0xff, 0xfe, 0x9c, 0x13, 0x00, 0x00, 0x00, 0x00, 0xa4, 0xff, 0xff, 0xff,
  0xff, 0xe9, 0x5c, 0x00, 0x00, 0x00, 0x00, 0x3c, 0xff, 0xff, 0xff, 0xd3, 0x3c, 0x00, 0x00, 0x00,
  0x00, 0x00, 0x00, 0xa4, 0xff, 0xff, 0xfe, 0x98, 0x11, 0x00, 0x00, 0x00, 0x00, 0x00, 0x3c, 0xff,
  0xf5, 0x77, 0x05, 0x00, 0x00, 0x00, 0x00, 0x00, 0x00, 0x00, 0xa4, 0xff, 0xd0, 0x38, 0x00, 0x00,
  0x00, 0x00, 0x00, 0x00, 0x00, 0x3c, 0xb3, 0x1f, 0x00, 0x00, 0x00, 0x00, 0x00, 0x00, 0x00, 0x00,
  0x00, 0x98, 0x73, 0x04, 0x00, 0x00, 0x00, 0x00, 0x00, 0x00, 0x00, 0x00, 0x00, 0x00, 0x0a, 0x62,
  0x66, 0x66, 0x65, 0x00, 0x00, 0x00, 0x00, 0x00, 0x00, 0x00, 0x00, 0x00, 0x00, 0x00, 0x00, 0x00,
  0x00, 0x00, 0x00, 0x00, 0x29, 0xd4, 0xff, 0xff, 0xff, 0xfc, 0x00, 0x00, 0x00, 0x00, 0x00, 0x00,
  0x00, 0x00, 0x00, 0x00, 0x00, 0x00, 0x00, 0x00, 0x00, 0x00, 0x5b, 0xf4, 0xff, 0xff, 0xff, 0xff,
  0xfc, 0x00, 0x00, 0x00, 0x00, 0x00, 0x00, 0x00, 0x00, 0x00, 0x00, 0x00, 0x00, 0x00, 0x00, 0x00,
  0x00, 0xd0, 0xff, 0xff, 0xff, 0xff, 0xff, 0xfc, 0x00, 0x00, 0x00, 0x00, 0x00, 0x00, 0x00, 0x00,
  0x00, 0x00, 0x00, 0x00, 0x00, 0x00, 0x00, 0x00, 0xd0, 0xff, 0xdb, 0x77, 0xff, 0xff, 0xfc, 0x00,
  0x00, 0x00, 0x00, 0x00, 0x00, 0x00, 0x00, 0x00, 0x00, 0x00, 0x00, 0x00, 0x00, 0x00, 0x00, 0xd0,
  0xbe, 0x12, 0x49, 0xff, 0xff, 0xfc, 0x00, 0x00, 0x00, 0x00, 0x00, 0x00, 0x00, 0x00, 0x00, 0x00,
  0x00, 0x00, 0x00, 0x00, 0x00, 0x00, 0x65, 0x04, 0x00, 0x49, 0xff, 0xff, 0xfc, 0x00, 0x00, 0x00,
  0x00, 0x00, 0x00, 0x00, 0x00, 0x00, 0x00, 0x00, 0x00, 0x00, 0x00, 0x00, 0x00, 0x00, 0x00, 0x00,
  0x49, 0xff, 0xff, 0xfc, 0x00, 0x00, 0x00, 0x00, 0x00, 0x00, 0x00, 0x00, 0x00, 0x00, 0x00, 0x00,
  0x00, 0x00, 0x00, 0x00, 0x00, 0x00, 0x00, 0x49, 0xff, 0xff, 0xfc, 0x00, 0x00, 0x00, 0x00, 0x00,
  0x00, 0x00, 0x00, 0x00, 0x00, 0x00, 0x00, 0x0e, 0x29, 0x00, 0x00, 0x2f, 0x53, 0x53, 0x85, 0xff,
  0xff, 0xfd, 0x53, 0x53, 0x53, 0x01, 0x00, 0x00, 0x00, 0x00, 0x00, 0x00, 0x0b, 0x79, 0xed, 0xd1,
  0x01, 0x00, 0x90, 0xff, 0xff, 0xff, 0xff, 0xff, 0xff, 0xff, 0xff, 0xff, 0x03, 0x00, 0x00, 0x00,
  0x00, 0x09, 0x72, 0xea, 0xff, 0xff, 0xff, 0x5a, 0x00, 0x90, 0xff, 0xff, 0xff, 0xff, 0xff, 0xff,
  0xff, 0xff, 0xff, 0x03, 0x00, 0x00, 0x07, 0x6c, 0xe6, 0xff, 0xff, 0xff, 0xff, 0xff, 0xd9, 0x01,
  0x64, 0xb2, 0xb2, 0xb2, 0xb2, 0xb2, 0xb2, 0xb2, 0xb2, 0xb2, 0x02, 0x05, 0x65, 0xe2, 0xff, 0xff,
  0xff, 0xff, 0xff, 0xfe, 0xa8, 0x28, 0x00, 0x00, 0x00, 0x00, 0x00, 0x00, 0x00, 0x00, 0x00, 0x00,
  0x03, 0x5f, 0xdd, 0xff, 0xff, 0xff, 0xff, 0xff, 0xff, 0xaf, 0x2d, 0x00, 0x00, 0x00, 0x00, 0x00,
  0x00, 0x00, 0x00, 0x00, 0x00, 0x02, 0x58, 0xd8, 0xff, 0xff, 0xff, 0xff, 0xff, 0xff, 0xb5, 0x33,
  0x00, 0x00, 0x00, 0x00, 0x00, 0x00, 0x00, 0x00, 0x00, 0x00, 0x01, 0x52, 0xd3, 0xff, 0xff, 0xff,
  0xff, 0xff, 0xff, 0xbc, 0x39, 0x00, 0x00, 0x00, 0x00, 0x00, 0x00, 0x00, 0x00, 0x00, 0x00, 0x00,
  0x4b, 0xce, 0xff, 0xff, 0xff, 0xff, 0xff, 0xff, 0xc2, 0x3f, 0x00, 0x00, 0x00, 0x00, 0x00, 0x00,
  0x00, 0x00, 0x00, 0x00, 0x00, 0x45, 0xc8, 0xff, 0xff, 0xff, 0xff, 0xff, 0xff, 0xc8, 0x46, 0x00,
  0x00, 0x00, 0x18, 0x18, 0x18, 0x18, 0x18, 0x13, 0x00, 0x00, 0x2a, 0xc2, 0xff, 0xff, 0xff, 0xff,
  0xff, 0xff, 0xce, 0x4c, 0x00, 0x00, 0x00, 0x00, 0x48, 0xff, 0xff, 0xff, 0xff, 0xff, 0xce, 0x00,
  0x00, 0x1d, 0xf8, 0xff, 0xff, 0xff, 0xff, 0xd4, 0x53, 0x01, 0x00, 0x00, 0x00, 0x00, 0x00, 0xc5,
  0xff, 0xff, 0xff, 0xff, 0xff, 0xce, 0x00, 0x00, 0x00, 0x8e, 0xff, 0xff, 0xd9, 0x59, 0x02, 0x00,
  0x00, 0x00, 0x00, 0x00, 0x00, 0x42, 0xff, 0xff, 0xeb, 0x8a, 0xff, 0xff, 0xce, 0x00, 0x00, 0x00,
  0x15, 0xd1, 0x60, 0x03, 0x00, 0x00, 0x00, 0x00, 0x00, 0x00, 0x00, 0x00, 0xc0, 0xff, 0xff, 0x7d,
  0x78, 0xff, 0xff, 0xce, 0x00, 0x00, 0x00, 0x00, 0x00, 0x00, 0x00, 0x00, 0x00, 0x00, 0x00, 0x00,
  0x00, 0x00, 0x3d, 0xff, 0xff, 0xf3, 0x12, 0x78, 0xff, 0xff, 0xce, 0x00, 0x00, 0x00, 0x00, 0x00,
  0x00, 0x00, 0x00, 0x00, 0x00, 0x00, 0x00, 0x00, 0x00, 0xba, 0xff, 0xff, 0x8e, 0x00, 0x78, 0xff,
  0xff, 0xce, 0x00, 0x00, 0x00, 0x00, 0x00, 0x00, 0x00, 0x00, 0x00, 0x00, 0x00, 0x00, 0x00, 0x00,
  0xee, 0xff, 0xff, 0x1d, 0x00, 0x78, 0xff, 0xff, 0xce, 0x00, 0x00, 0x00, 0x00, 0x00, 0x00, 0x00,
  0x00, 0x00, 0x00, 0x00, 0x00, 0x00, 0x00, 0xee, 0xff, 0xff, 0xf4, 0xf4, 0xfa, 0xff, 0xff, 0xfd,
  0xf4, 0x8b, 0x00, 0x00, 0x00, 0x00, 0x00, 0x00, 0x00, 0x00, 0x00, 0x00, 0x00, 0x00, 0xee, 0xff,
  0xff, 0xff, 0xff, 0xff, 0xff, 0xff, 0xff, 0xff, 0x91, 0x00, 0x00, 0x00, 0x00, 0x00, 0x00, 0x00,
  0x00, 0x00, 0x00, 0x00, 0x00, 0xea, 0xfb, 0xfb, 0xfb, 0xfb, 0xfd, 0xff, 0xff, 0xff, 0xfb, 0x8f,
  0x00, 0x00, 0x00, 0x00, 0x00, 0x00, 0x00, 0x00, 0x00, 0x00, 0x00, 0x00, 0x00, 0x00, 0x00, 0x00,
  0x00, 0x78, 0xff, 0xff, 0xce, 0x00, 0x00, 0x00, 0x00, 0x00, 0x00, 0x00, 0x00, 0x00, 0x00, 0x00,
  0x00, 0x00, 0x00, 0x00, 0x00, 0x00, 0x00, 0x00, 0x78, 0xff, 0xff, 0xce, 0x00, 0x00, 0x00, 0x00,
  0x10, 0x64, 0x66, 0x66, 0x5c, 0x00, 0x00, 0x00, 0x00, 0x00, 0x00, 0x00, 0x00, 0x00, 0x00, 0x00,
  0x00, 0x00, 0x00, 0x00, 0x00, 0x34, 0xde, 0xff, 0xff, 0xff, 0xe7, 0x00, 0x00, 0x00, 0x00, 0x00,
  0x00, 0x00, 0x00, 0x00, 0x00, 0x00, 0x00, 0x00, 0x00, 0x00, 0x6c, 0xf9, 0xff, 0xff, 0xff, 0xff,
  0xe7, 0x00, 0x00, 0x00, 0x00, 0x00, 0x00, 0x00, 0x00, 0x00, 0x00, 0x00, 0x00, 0x00, 0x00, 0x00,
  0xe6, 0xff, 0xff, 0xff, 0xff, 0xff, 0xe7, 0x00, 0x00, 0x00, 0x00, 0x00, 0x00, 0x00, 0x00, 0x00,
  0x00, 0x00, 0x00, 0x00, 0x00, 0x00, 0xe6, 0xff, 0xd0, 0x82, 0xff, 0xff, 0xe7, 0x00, 0x00, 0x00,
  0x00, 0x00, 0x00, 0x00, 0x00, 0x00, 0x00, 0x00, 0x00, 0x00, 0x00, 0x00, 0xe6, 0xaf, 0x0b, 0x5f,
  0xff, 0xff, 0xe7, 0x00, 0x00, 0x00, 0x00, 0x00, 0x00, 0x00, 0x00, 0x00, 0x00, 0x00, 0x00, 0x00,
  0x00, 0x00, 0x68, 0x01, 0x00, 0x5f, 0xff, 0xff, 0xe7, 0x00, 0x00, 0x00, 0x00, 0x00, 0x00, 0x00,
  0x00, 0x00, 0x00, 0x00, 0x00, 0x00, 0x00, 0x00, 0x00, 0x00, 0x00, 0x5f, 0xff, 0xff, 0xe7, 0x00,
  0x00, 0x00, 0x00, 0x00, 0x00, 0x00, 0x00, 0x00, 0x00, 0x00, 0x00, 0x00, 0x00, 0x00, 0x00, 0x00,
  0x00, 0x5f, 0xff, 0xff, 0xe7, 0x00, 0x00, 0x00, 0x00, 0x00, 0x00, 0x00, 0x00, 0x00, 0x00, 0x00,
  0x00, 0x14, 0x23, 0x00, 0x36, 0x53, 0x53, 0x94, 0xff, 0xff, 0xef, 0x53, 0x53, 0x4d, 0x00, 0x00,
  0x00, 0x00, 0x00, 0x00, 0x00, 0x11, 0x84, 0xf3, 0xbe, 0x00, 0xa5, 0xff, 0xff, 0xff, 0xff, 0xff,
  0xff, 0xff, 0xff, 0xed, 0x00, 0x00, 0x00, 0x00, 0x00, 0x0d, 0x7d, 0xf0, 0xff, 0xff, 0xff, 0x44,
  0xa5, 0xff, 0xff, 0xff, 0xff, 0xff, 0xff, 0xff, 0xff, 0xed, 0x00, 0x00, 0x00, 0x0b, 0x77, 0xec,
  0xff, 0xff, 0xff, 0xff, 0xff, 0xc4, 0x73, 0xb2, 0xb2, 0xb2, 0xb2, 0xb2, 0xb2, 0xb2, 0xb2, 0xa5,
  0x00, 0x08, 0x71, 0xe9, 0xff, 0xff, 0xff, 0xff, 0xff, 0xfb, 0x9d, 0x20, 0x00, 0x00, 0x00, 0x00,
  0x00, 0x00, 0x00, 0x00, 0x00, 0x06, 0x6a, 0xe5, 0xff, 0xff, 0xff, 0xff, 0xff, 0xfd, 0xa4, 0x24,
  0x00, 0x00, 0x00, 0x00, 0x00, 0x00, 0x00, 0x00, 0x00, 0x04, 0x63, 0xe0, 0xff, 0xff, 0xff, 0xff,
  0xff, 0xfe, 0xaa, 0x29, 0x00, 0x00, 0x00, 0x00, 0x00, 0x00, 0x00, 0x00, 0x00, 0x02, 0x5d, 0xdc,
  0xff, 0xff, 0xff, 0xff, 0xff, 0xff, 0xb1, 0x2f, 0x00, 0x00, 0x00, 0x00, 0x00, 0x00, 0x00, 0x00,
  0x00, 0x01, 0x56, 0xd7, 0xff, 0xff, 0xff, 0xff, 0xff, 0xff, 0xb7, 0x35, 0x00, 0x00, 0x00, 0x00,
  0x00, 0x00, 0x00, 0x00, 0x00, 0x00, 0x50, 0xd1, 0xff, 0xff, 0xff, 0xff, 0xff, 0xff, 0xbe, 0x3b,
  0x00, 0x00, 0x00, 0x08, 0x3c, 0x54, 0x44, 0x0e, 0x00, 0x00, 0x35, 0xcc, 0xff, 0xff, 0xff, 0xff,
  0xff, 0xff, 0xc4, 0x41, 0x00, 0x00, 0x00, 0x00, 0x68, 0xed, 0xff, 0xff, 0xff, 0xf4, 0x70, 0x00,
  0x2c, 0xfd, 0xff, 0xff, 0xff, 0xff, 0xca, 0x47, 0x00, 0x00, 0x00, 0x00, 0x00, 0x5f, 0xff, 0xff,
  0xff, 0xff, 0xff, 0xff, 0xff, 0x5e, 0x00, 0xa4, 0xff, 0xff, 0xd0, 0x4e, 0x00, 0x00, 0x00, 0x00,
  0x00, 0x00, 0x00, 0xdc, 0xff, 0xff, 0xf1, 0xb7, 0xf3, 0xff, 0xff, 0xd5, 0x00, 0x23, 0xd0, 0x54,
  0x01, 0x00, 0x00, 0x00, 0x00, 0x00, 0x00, 0x00, 0x0d, 0xff, 0xff, 0xff, 0x53, 0x00, 0x62, 0xff,
  0xff, 0xf6, 0x00, 0x00, 0x00, 0x00, 0x00, 0x00, 0x00, 0x00, 0x00, 0x00, 0x00, 0x00, 0x04, 0x30,
  0x30, 0x30, 0x09, 0x14, 0xab, 0xff, 0xff, 0xdc, 0x00, 0x00, 0x00, 0x00, 0x00, 0x00, 0x00, 0x00,
  0x00, 0x00, 0x00, 0x00, 0x00, 0x00, 0x04, 0x65, 0xc2, 0xfc, 0xff, 0xff, 0xff, 0x7d, 0x00, 0x00,
  0x00, 0x00, 0x00, 0x00, 0x00, 0x00, 0x00, 0x00, 0x00, 0x00, 0x00, 0x1f, 0xd1, 0xff, 0xff, 0xff,
  0xff, 0xfb, 0x8b, 0x03, 0x00, 0x00, 0x00, 0x00, 0x00, 0x00, 0x00, 0x00, 0x00, 0x00, 0x00, 0x00,
  0x00, 0xba, 0xff, 0xff, 0xfe, 0xba, 0x6b, 0x19, 0x00, 0x00, 0x00, 0x00, 0x00, 0x00, 0x00, 0x00,
  0x00, 0x00, 0x00, 0x00, 0x00, 0x00, 0x07, 0xfd, 0xff, 0xff, 0x67, 0x06, 0x06, 0x06, 0x06, 0x05,
  0x00, 0x00, 0x00, 0x00, 0x00, 0x00, 0x00, 0x00, 0x00, 0x00, 0x00, 0x00, 0x16, 0xff, 0xff, 0xff,
  0xff, 0xff, 0xff, 0xff, 0xff, 0xdb, 0x00, 0x00, 0x00, 0x00, 0x00, 0x00, 0x00, 0x00, 0x00, 0x00,
  0x00, 0x00, 0x17, 0xff, 0xff, 0xff, 0xff, 0xff, 0xff, 0xff, 0xff, 0xdb, 0x00, 0x00, 0x00, 0x00,
  0x00, 0x00, 0x00, 0x00, 0x00, 0x00, 0x00, 0x00, 0x17, 0xff, 0xff, 0xff, 0xff, 0xff, 0xff, 0xff,
  0xff, 0xdb, 0x00, 0x46, 0x66, 0x66, 0x66, 0x66, 0x66, 0x66, 0x66, 0x2a, 0x00, 0x00, 0x00, 0x00,
  0x00, 0x00, 0x00, 0x00, 0x00, 0x00, 0x00, 0x00, 0x00, 0x00, 0x00, 0xb0, 0xff, 0xff, 0xff, 0xff,
  0xff, 0xff, 0xff, 0x6a, 0x00, 0x00, 0x00, 0x00, 0x00, 0x00, 0x00, 0x00, 0x00, 0x00, 0x00, 0x00,
  0x00, 0x00, 0x00, 0xb0, 0xff, 0xff, 0xff, 0xff, 0xff, 0xff, 0xff, 0x6a, 0x00, 0x00, 0x00, 0x00,
  0x00, 0x00, 0x00, 0x00, 0x00, 0x00, 0x00, 0x00, 0x00, 0x00, 0x00, 0x5f, 0x8a, 0x8a, 0x8a, 0x8a,
  0xf1, 0xff, 0xff, 0x6a, 0x00, 0x00, 0x00, 0x00, 0x00, 0x00, 0x00, 0x00, 0x00, 0x00, 0x00, 0x00,
  0x00, 0x00, 0x00, 0x00, 0x00, 0x00, 0x75, 0xdf, 0xff, 0xff, 0xfa, 0x54, 0x00, 0x00, 0x00, 0x00,
  0x00, 0x00, 0x00, 0x00, 0x00, 0x00, 0x00, 0x00, 0x00, 0x00, 0x00, 0x00, 0x00, 0x00, 0xca, 0xff,
  0xff, 0xb5, 0x13, 0x00, 0x00, 0x00, 0x00, 0x00, 0x00, 0x00, 0x00, 0x00, 0x00, 0x00, 0x00, 0x00,
  0x00, 0x00, 0x00, 0x00, 0x00, 0x00, 0xca, 0xff, 0xff, 0xff, 0xc3, 0x18, 0x00, 0x00, 0x00, 0x00,
  0x00, 0x00, 0x00, 0x00, 0x00, 0x00, 0x00, 0x00, 0x00, 0x00, 0x00, 0x00, 0x00, 0x00, 0x63, 0x85,
  0xe0, 0xff, 0xff, 0xab, 0x00, 0x00, 0x00, 0x00, 0x00, 0x00, 0x00, 0x00, 0x00, 0x00, 0x00, 0x00,
  0x00, 0x00, 0x08, 0x81, 0x81, 0x81, 0x1c, 0x00, 0x55, 0xff, 0xff, 0xef, 0x00, 0x00, 0x00, 0x00,
  0x00, 0x00, 0x00, 0x00, 0x00, 0x00, 0x26, 0x11, 0x00, 0x00, 0x06, 0xfd, 0xff, 0xff, 0x86, 0x1b,
  0x95, 0xff, 0xff, 0xf2, 0x00, 0x00, 0x00, 0x00, 0x00, 0x00, 0x00, 0x00, 0x22, 0xa0, 0xfc, 0x88,
  0x00, 0x00, 0x00, 0xb9, 0xff, 0xff, 0xff, 0xff, 0xff, 0xff, 0xff, 0xb2, 0x00, 0x00, 0x00, 0x00,
  0x00, 0x00, 0x1d, 0x99, 0xfa, 0xff, 0xff, 0xf5, 0x19, 0x00, 0x00, 0x27, 0xed, 0xff, 0xff, 0xff,
  0xff, 0xff, 0xef, 0x29, 0x00, 0x00, 0x00, 0x00, 0x19, 0x93, 0xf8, 0xff, 0xff, 0xff, 0xff, 0xff,
  0x8f, 0x00, 0x00, 0x00, 0x20, 0x98, 0xd9, 0xed, 0xde, 0x9e, 0x23, 0x00, 0x00, 0x00, 0x15, 0x8c,
  0xf6, 0xff, 0xff, 0xff, 0xff, 0xff, 0xf2, 0x81, 0x0f, 0x00, 0x00, 0x00, 0x00, 0x00, 0x00, 0x00,
  0x00, 0x00, 0x00, 0x00, 0x11, 0x86, 0xf3, 0xff, 0xff, 0xff, 0xff, 0xff, 0xf4, 0x88, 0x13, 0x00,
  0x00, 0x00, 0x00, 0x00, 0x00, 0x00, 0x00, 0x00, 0x00, 0x00, 0x0e, 0x7f, 0xf0, 0xff, 0xff, 0xff,
  0xff, 0xff, 0xf7, 0x8f, 0x16, 0x00, 0x00, 0x00, 0x00, 0x00, 0x00, 0x00, 0x00, 0x00, 0x00, 0x00,
  0x0b, 0x79, 0xed, 0xff, 0xff, 0xff, 0xff, 0xff, 0xf9, 0x95, 0x1a, 0x00, 0x00, 0x00, 0x00, 0x00,
  0x00, 0x00, 0x00, 0x00, 0x00, 0x00, 0x09, 0x72, 0xea, 0xff, 0xff, 0xff, 0xff, 0xff, 0xfb, 0x9c,
  0x1f, 0x00, 0x00, 0x00, 0x00, 0x00, 0x00, 0x00, 0x00, 0x00, 0x00, 0x00, 0x06, 0x6c, 0xe6, 0xff,
  0xff, 0xff, 0xff, 0xff, 0xfd, 0xa2, 0x23, 0x00, 0x00, 0x07, 0x18, 0x18, 0x18, 0x18, 0x18, 0x0c,
  0x00, 0x00, 0x00, 0x55, 0xe1, 0xff, 0xff, 0xff, 0xff, 0xff, 0xfe, 0xa9, 0x28, 0x00, 0x00, 0x00,
  0x00, 0x93, 0xff, 0xff, 0xff, 0xff, 0xff, 0x83, 0x00, 0x00, 0x00, 0x60, 0xff, 0xff, 0xff, 0xff,
  0xff, 0xaf, 0x2e, 0x00, 0x00, 0x00, 0x00, 0x00, 0x19, 0xf7, 0xff, 0xff, 0xff, 0xff, 0xff, 0x83,
  0x00, 0x00, 0x00, 0x03, 0xd6, 0xff, 0xff, 0xb6, 0x33, 0x00, 0x00, 0x00, 0x00, 0x00, 0x00, 0x00,
  0x8e, 0xff, 0xff, 0xac, 0xc8, 0xff, 0xff, 0x83, 0x00, 0x00, 0x00, 0x00, 0x53, 0xbc, 0x39, 0x00,
  0x00, 0x00, 0x00, 0x00, 0x00, 0x00, 0x00, 0x15, 0xf5, 0xff, 0xff, 0x32, 0xc3, 0xff, 0xff, 0x83,
  0x00, 0x00, 0x00, 0x00, 0x00, 0x00, 0x00, 0x00, 0x00, 0x00, 0x00, 0x00, 0x00, 0x00, 0x00, 0x88,
  0xff, 0xff, 0xba, 0x00, 0xc3, 0xff, 0xff, 0x83, 0x00, 0x00, 0x00, 0x00, 0x00, 0x00, 0x00, 0x00,
  0x00, 0x00, 0x00, 0x00, 0x00, 0x00, 0x12, 0xf3, 0xff, 0xff, 0x42, 0x00, 0xc3, 0xff, 0xff, 0x83,
  0x00, 0x00, 0x00, 0x00, 0x00, 0x00, 0x00, 0x00, 0x00, 0x00, 0x00, 0x00, 0x00, 0x00, 0x39, 0xff,
  0xff, 0xd1, 0x00, 0x00, 0xc3, 0xff, 0xff, 0x83, 0x00, 0x00, 0x00, 0x00, 0x00, 0x00, 0x00, 0x00,
  0x00, 0x00, 0x00, 0x00, 0x00, 0x00, 0x39, 0xff, 0xff, 0xfc, 0xf4, 0xf4, 0xfd, 0xff, 0xff, 0xfa,
  0xf4, 0x43, 0x00, 0x00, 0x00, 0x00, 0x00, 0x00, 0x00, 0x00, 0x00, 0x00, 0x00, 0x00, 0x39, 0xff,
  0xff, 0xff, 0xff, 0xff, 0xff, 0xff, 0xff, 0xff, 0xff, 0x46, 0x00, 0x00, 0x00, 0x00, 0x00, 0x00,
  0x00, 0x00, 0x00, 0x00, 0x00, 0x00, 0x38, 0xfb, 0xfb, 0xfb, 0xfb, 0xfb, 0xff, 0xff, 0xff, 0xfd,
  0xfb, 0x45, 0x00, 0x00, 0x00, 0x00, 0x00, 0x00, 0x00, 0x00, 0x00, 0x00, 0x00, 0x00, 0x00, 0x00,
  0x00, 0x00, 0x00, 0x00, 0xc3, 0xff, 0xff, 0x83, 0x00, 0x00, 0x00, 0x00, 0x00, 0x00, 0x00, 0x00,
  0x00, 0x00, 0x00, 0x00, 0x00, 0x00, 0x00, 0x00, 0x00, 0x00, 0x00, 0x00, 0xc3, 0xff, 0xff, 0x83,
  0x00, 0x00, 0x00, 0x00, 0x00, 0x00, 0x00, 0x00, 0x00, 0x00, 0x00, 0x00, 0x44, 0x88, 0x8a, 0x4a,
  0x00, 0x00, 0x00, 0x00, 0x00, 0x00, 0x00, 0x00, 0x00, 0x00, 0x00, 0x00, 0x00, 0x00, 0x00, 0x00,
  0x03, 0xa7, 0xff, 0xff, 0xff, 0xff, 0xb2, 0x06, 0x00, 0x00, 0x00, 0x00, 0x00, 0x00, 0x00, 0x00,
  0x00, 0x00, 0x00, 0x00, 0x00, 0x00, 0x78, 0xff, 0xff, 0xff, 0xff, 0xff, 0xff, 0x86, 0x00, 0x00,
  0x00, 0x00, 0x00, 0x00, 0x00, 0x00, 0x00, 0x00, 0x00, 0x00, 0x00, 0x00, 0xd8, 0xff, 0xff, 0xff,
  0xff, 0xff, 0xff, 0xe6, 0x00, 0x00, 0x00, 0x00, 0x00, 0x00, 0x00, 0x00, 0x00, 0x00, 0x00, 0x00,
  0x00, 0x00, 0xf0, 0xff, 0xff, 0xff, 0xff, 0xff, 0xff, 0xfd, 0x00, 0x00, 0x00, 0x00, 0x00, 0x00,
  0x00, 0x00, 0x00, 0x00, 0x00, 0x00, 0x00, 0x00, 0xcc, 0xff, 0xff, 0xff, 0xff, 0xff, 0xff, 0xda,
  0x00, 0x00, 0x00, 0x00, 0x00, 0x00, 0x00, 0x00, 0x00, 0x00, 0x00, 0x00, 0x00, 0x00, 0x59, 0xff,
  0xff, 0xff, 0xff, 0xff, 0xff, 0x67, 0x00, 0x00, 0x00, 0x00, 0x00, 0x00, 0x00, 0x00, 0x00, 0x00,
  0x00, 0x00, 0x00, 0x00, 0x00, 0x75, 0xf9, 0xff, 0xff, 0xfb, 0x81, 0x00, 0x00, 0x00, 0x00, 0x00,
  0x00, 0x00, 0x00, 0x00, 0x00, 0x00, 0x00, 0x00, 0x00, 0x00, 0x00, 0x00, 0x18, 0x56, 0x58, 0x1c,
  0x00, 0x00, 0x00, 0x00, 0x00, 0x00, 0x00, 0x00, 0x00, 0x00, 0x00, 0x00, 0x00, 0x00, 0x00, 0x00,
  0x00, 0x0e, 0x18, 0x18, 0x18, 0x18, 0x11, 0x00, 0x00, 0x00, 0x00, 0x00, 0x00, 0x00, 0x00, 0x00,
  0x00, 0x00, 0x00, 0x00, 0x00, 0x00, 0x00, 0x93, 0xff, 0xff, 0xff, 0xff, 0xb7, 0x00, 0x00, 0x00,
  0x00, 0x00, 0x00, 0x00, 0x00, 0x00, 0x00, 0x00, 0x00, 0x00, 0x00, 0x00, 0x00, 0x9d, 0xff, 0xff,
  0xff, 0xff, 0xb7, 0x00, 0x00, 0x00, 0x00, 0x00, 0x00, 0x00, 0x00, 0x00, 0x00, 0x00, 0x00, 0x05,
  0x3e, 0x66, 0x81, 0xf2, 0xff, 0xff, 0xff, 0xff, 0xb7, 0x00, 0x00, 0x00, 0x00, 0x00, 0x00, 0x00,
  0x00, 0x00, 0x00, 0x02, 0x70, 0xea, 0xff, 0xff, 0xff, 0xff, 0xff, 0xff, 0xff, 0xff, 0xb4, 0x00,
  0x00, 0x00, 0x00, 0x00, 0x00, 0x00, 0x00, 0x00, 0x06, 0xb0, 0xff, 0xff, 0xff, 0xff, 0xff, 0xff,
  0xff, 0xff, 0xff, 0xff, 0x94, 0x00, 0x00, 0x00, 0x00, 0x00, 0x00, 0x00, 0x00, 0x00, 0x9a, 0xff,
  0xff, 0xff, 0xff, 0xff, 0xff, 0xff, 0xff, 0xff, 0xff, 0xfb, 0x30, 0x00, 0x00, 0x00, 0x00, 0x00,
  0x00, 0x00, 0x00, 0x3a, 0xff, 0xff, 0xff, 0xff, 0xff, 0xff, 0xff, 0xff, 0xff, 0xff, 0xf2, 0x57,
  0x00, 0x00, 0x00, 0x00, 0x00, 0x00, 0x00, 0x00, 0x00, 0xae, 0xff, 0xff, 0xff, 0xff, 0xff, 0xfd,
  0xac, 0x6e, 0x61, 0x4f, 0x10, 0x00, 0x00, 0x00, 0x00, 0x00, 0x00, 0x00, 0x00, 0x00, 0x09, 0xf7,
  0xff, 0xff, 0xff, 0xff, 0xfc, 0x4b, 0x00, 0x00, 0x00, 0x00, 0x00, 0x00, 0x00, 0x03, 0x06, 0x06,
  0x06, 0x06, 0x06, 0x00, 0x36, 0xff, 0xff, 0xff, 0xff, 0xff, 0x9a, 0x00, 0x00, 0x00, 0x00, 0x00,
  0x00, 0x00, 0x00, 0x7c, 0xff, 0xff, 0xff, 0xff, 0xff, 0x0e, 0x52, 0xff, 0xff, 0xff, 0xff, 0xff,
  0x4b, 0x00, 0x00, 0x00, 0x00, 0x00, 0x00, 0x00, 0x00, 0x7d, 0xff, 0xff, 0xff, 0xff, 0xff, 0x0e,
  0x57, 0xff, 0xff, 0xff, 0xff, 0xff, 0x35, 0x00, 0x00, 0x00, 0x00, 0x00, 0x00, 0x00, 0x00, 0x8f,
  0xff, 0xff, 0xff, 0xff, 0xff, 0x0a, 0x48, 0xff, 0xff, 0xff, 0xff, 0xff, 0x53, 0x00, 0x00, 0x00,
  0x00, 0x00, 0x00, 0x00, 0x00, 0xcd, 0xff, 0xff, 0xff, 0xff, 0xf6, 0x00, 0x20, 0xff, 0xff, 0xff,
  0xff, 0xff, 0xb5, 0x00, 0x00, 0x00, 0x00, 0x00, 0x00, 0x00, 0x48, 0xff, 0xff, 0xff, 0xff, 0xff,
  0xc8, 0x00, 0x00, 0xdc, 0xff, 0xff, 0xff, 0xff, 0xff, 0x80, 0x00, 0x00, 0x00, 0x00, 0x00, 0x2e,
  0xe9, 0xff, 0xff, 0xff, 0xff, 0xff, 0x7c, 0x00, 0x00, 0x78, 0xff, 0xff, 0xff, 0xff, 0xff, 0xff,
  0xca, 0x73, 0x53, 0x60, 0x9e, 0xf9, 0xff, 0xff, 0xff, 0xff, 0xff, 0xf8, 0x19, 0x00, 0x00, 0x0c,
  0xe1, 0xff, 0xff, 0xff, 0xff, 0xff, 0xff, 0xff, 0xff, 0xff, 0xff, 0xff, 0xff, 0xff, 0xff, 0xff,
  0xff, 0x83, 0x00, 0x00, 0x00, 0x00, 0x3c, 0xf8, 0xff, 0xff, 0xff, 0xff, 0xff, 0xff, 0xff, 0xff,
  0xff, 0xff, 0xff, 0xff, 0xff, 0xff, 0xc0, 0x06, 0x00, 0x00, 0x00, 0x00, 0x00, 0x49, 0xf3, 0xff,
  0xff, 0xff, 0xff, 0xff, 0xff, 0xff, 0xff, 0xff, 0xff, 0xff, 0xff, 0xba, 0x0d, 0x00, 0x00, 0x00,
  0x00, 0x00, 0x00, 0x00, 0x25, 0xbb, 0xff, 0xff, 0xff, 0xff, 0xff, 0xff, 0xff, 0xff, 0xff, 0xef,
  0x73, 0x02, 0x00, 0x00, 0x00, 0x00, 0x00, 0x00, 0x00, 0x00, 0x00, 0x00, 0x36, 0x8e, 0xc8, 0xec,
  0xf9, 0xf1, 0xda, 0xac, 0x63, 0x0e, 0x00, 0x00, 0x00, 0x00, 0x00, 0x00, 0x00, 0x00, 0x00, 0x00,
  0x00, 0x00, 0x00, 0x2c, 0x38, 0x38, 0x38, 0x38, 0x2d, 0x00, 0x00, 0x00, 0x00, 0x00, 0x00, 0x00,
  0x00, 0x00, 0x00, 0x00, 0x00, 0x00, 0x00, 0x00, 0x00, 0x00, 0x00, 0x00, 0x00, 0x6a, 0xff, 0xff,
  0xff, 0xff, 0xf8, 0x12, 0x00, 0x00, 0x00, 0x00, 0x00, 0x00, 0x00, 0x00, 0x00, 0x00, 0x00, 0x00,
  0x00, 0x00, 0x00, 0x00, 0x00, 0x00, 0x00, 0x02, 0xc9, 0xff, 0xff, 0xff, 0xff, 0x6c, 0x00, 0x00,
  0x00, 0x00, 0x00, 0x00, 0x00, 0x00, 0x00, 0x00, 0x00, 0x00, 0x00, 0x00, 0x00, 0x00, 0x00, 0x00,
  0x00, 0x00, 0x31, 0xfc, 0xff, 0xff, 0xff, 0xce, 0x00, 0x00, 0x00, 0x00, 0x00, 0x00, 0x00, 0x00,
  0x00, 0x00, 0x00, 0x00, 0x00, 0x00, 0x00, 0x00, 0x00, 0x00, 0x00, 0x00, 0x00, 0x8f, 0xff, 0xff,
  0xff, 0xff, 0x30, 0x00, 0x00, 0x00, 0x00, 0x00, 0x00, 0x00, 0x00, 0x00, 0x00, 0x00, 0x00, 0x00,
  0x00, 0x00, 0x00, 0x00, 0x00, 0x00, 0x00, 0x0d, 0xe4, 0xff, 0xff, 0xff, 0x92, 0x00, 0x00, 0x00,
  0x00, 0x00, 0x00, 0x00, 0x00, 0x00, 0x00, 0x00, 0x00, 0x00, 0x00, 0x00, 0x00, 0x00, 0x00, 0x00,
  0x00, 0x00, 0x3c, 0x7d, 0x7d, 0x7d, 0x6c, 0x00, 0x00, 0x00, 0x00, 0x00, 0x00, 0x00, 0x00, 0x00,
  0x00, 0x00, 0x00, 0x00, 0x00, 0x00, 0x00, 0x00, 0x00, 0x00, 0x00, 0x00, 0x00, 0x00, 0x00, 0x00,
  0x00, 0x00, 0x00, 0x00, 0x00, 0x00, 0x00, 0x00, 0x00, 0x00, 0x00, 0x00, 0x00, 0x00, 0x00, 0x00,
  0x00, 0x00, 0x00, 0x00, 0x00, 0x00, 0x00, 0x00, 0x00, 0x00, 0x00, 0x00, 0x00, 0x00, 0x00, 0x00,
  0x00, 0x00, 0x00, 0x00, 0x00, 0x00, 0x00, 0x00, 0x00, 0x00, 0x00, 0x00, 0x00, 0x29, 0x66, 0x66,
  0x66, 0x66, 0x66, 0x66, 0x66, 0x66, 0x66, 0x66, 0x0b, 0x00, 0x00, 0x00, 0x00, 0x00, 0x00, 0x00,
  0x00, 0x00, 0x00, 0x00, 0x00, 0x00, 0x00, 0x92, 0xff, 0xff, 0xff, 0xff, 0xff, 0xff, 0xff, 0xff,
  0xff, 0xff, 0x46, 0x00, 0x00, 0x00, 0x00, 0x00, 0x00, 0x00, 0x00, 0x00, 0x00, 0x00, 0x00, 0x00,
  0x00, 0xcf, 0xff, 0xff, 0xff, 0xff, 0xff, 0xff, 0xff, 0xff, 0xff, 0xff, 0x83, 0x00, 0x00, 0x00,
  0x00, 0x00, 0x00, 0x00, 0x00, 0x00, 0x00, 0x00, 0x00, 0x00, 0x0f, 0xfd, 0xff, 0xff, 0xff, 0xff,
  0x9f, 0xcf, 0xff, 0xff, 0xff, 0xff, 0xc0, 0x00, 0x00, 0x00, 0x00, 0x00, 0x00, 0x00, 0x00, 0x00,
  0x00, 0x00, 0x00, 0x00, 0x49, 0xff, 0xff, 0xff, 0xff, 0xff, 0x37, 0x83, 0xff, 0xff, 0xff, 0xff,
  0xf7, 0x06, 0x00, 0x00, 0x00, 0x00, 0x00, 0x00, 0x00, 0x00, 0x00, 0x00, 0x00, 0x00, 0x86, 0xff,
  0xff, 0xff, 0xff, 0xf6, 0x05, 0x49, 0xff, 0xff, 0xff, 0xff, 0xff, 0x3a, 0x00, 0x00, 0x00, 0x00,
  0x00, 0x00, 0x00, 0x00, 0x00, 0x00, 0x00, 0x00, 0xc3, 0xff, 0xff, 0xff, 0xff, 0xc1, 0x00, 0x11,
  0xfe, 0xff, 0xff, 0xff, 0xff, 0x77, 0x00, 0x00, 0x00, 0x00, 0x00, 0x00, 0x00, 0x00, 0x00, 0x00,
  0x00, 0x07, 0xf8, 0xff, 0xff, 0xff, 0xff, 0x87, 0x00, 0x00, 0xd5, 0xff, 0xff, 0xff, 0xff, 0xb5,
  0x00, 0x00, 0x00, 0x00, 0x00, 0x00, 0x00, 0x00, 0x00, 0x00, 0x00, 0x3d, 0xff, 0xff, 0xff, 0xff,
  0xff, 0x4c, 0x00, 0x00, 0x9b, 0xff, 0xff, 0xff, 0xff, 0xef, 0x02, 0x00, 0x00, 0x00, 0x00, 0x00,
  0x00, 0x00, 0x00, 0x00, 0x00, 0x7a, 0xff, 0xff, 0xff, 0xff, 0xfe, 0x13, 0x00, 0x00, 0x61, 0xff,
  0xff, 0xff, 0xff, 0xff, 0x2f, 0x00, 0x00, 0x00, 0x00, 0x00, 0x00, 0x00, 0x00, 0x00, 0x00, 0xb8,
  0xff, 0xff, 0xff, 0xff, 0xd7, 0x00, 0x00, 0x00, 0x27, 0xff, 0xff, 0xff, 0xff, 0xff, 0x6c, 0x00,
  0x00, 0x00, 0x00, 0x00, 0x00, 0x00, 0x00, 0x00, 0x03, 0xf1, 0xff, 0xff, 0xff, 0xff, 0x9c, 0x00,
  0x00, 0x00, 0x01, 0xed, 0xff, 0xff, 0xff, 0xff, 0xa9, 0x00, 0x00, 0x00, 0x00, 0x00, 0x00, 0x00,
  0x00, 0x00, 0x32, 0xff, 0xff, 0xff, 0xff, 0xff, 0x62, 0x00, 0x00, 0x00, 0x00, 0xb4, 0xff, 0xff,
  0xff, 0xff, 0xe6, 0x00, 0x00, 0x00, 0x00, 0x00, 0x00, 0x00, 0x00, 0x00, 0x6f, 0xff, 0xff, 0xff,
  0xff, 0xff, 0x27, 0x00, 0x00, 0x00, 0x00, 0x7a, 0xff, 0xff, 0xff, 0xff, 0xff, 0x23, 0x00, 0x00,
  0x00, 0x00, 0x00, 0x00, 0x00, 0x00, 0xac, 0xff, 0xff, 0xff, 0xff, 0xeb, 0x00, 0x00, 0x00, 0x00,
  0x00, 0x40, 0xff, 0xff, 0xff, 0xff, 0xff, 0x60, 0x00, 0x00, 0x00, 0x00, 0x00, 0x00, 0x00, 0x00,
  0xe8, 0xff, 0xff, 0xff, 0xff, 0xb2, 0x00, 0x00, 0x00, 0x00, 0x00, 0x0a, 0xfb, 0xff, 0xff, 0xff,
  0xff, 0x9d, 0x00, 0x00, 0x00, 0x00, 0x00, 0x00, 0x00, 0x26, 0xff, 0xff, 0xff, 0xff, 0xff, 0x77,
  0x00, 0x00, 0x00, 0x00, 0x00, 0x00, 0xcc, 0xff, 0xff, 0xff, 0xff, 0xda, 0x00, 0x00, 0x00, 0x00,
  0x00, 0x00, 0x00, 0x63, 0xff, 0xff, 0xff, 0xff, 0xff, 0x3c, 0x00, 0x00, 0x00, 0x00, 0x00, 0x00,
  0x92, 0xff, 0xff, 0xff, 0xff, 0xff, 0x17, 0x00, 0x00, 0x00, 0x00, 0x00, 0x00, 0xa0, 0xff, 0xff,
  0xff, 0xff, 0xff, 0x9f, 0x97, 0x97, 0x97, 0x97, 0x97, 0x97, 0xc2, 0xff, 0xff, 0xff, 0xff, 0xff,
  0x54, 0x00, 0x00, 0x00, 0x00, 0x00, 0x00, 0xdd, 0xff, 0xff, 0xff, 0xff, 0xff, 0xff, 0xff, 0xff,
  0xff, 0xff, 0xff, 0xff, 0xff, 0xff, 0xff, 0xff, 0xff, 0xff, 0x91, 0x00, 0x00, 0x00, 0x00, 0x00,
  0x1a, 0xff, 0xff, 0xff, 0xff, 0xff, 0xff, 0xff, 0xff, 0xff, 0xff, 0xff, 0xff, 0xff, 0xff, 0xff,
  0xff, 0xff, 0xff, 0xff, 0xce, 0x00, 0x00, 0x00, 0x00, 0x00, 0x57, 0xff, 0xff, 0xff, 0xff, 0xff,
  0xff, 0xff, 0xff, 0xff, 0xff, 0xff, 0xff, 0xff, 0xff, 0xff, 0xff, 0xff, 0xff, 0xff, 0xfd, 0x0e,
  0x00, 0x00, 0x00, 0x00, 0x94, 0xff, 0xff, 0xff, 0xff, 0xff, 0xff, 0xff, 0xff, 0xff, 0xff, 0xff,
  0xff, 0xff, 0xff, 0xff, 0xff, 0xff, 0xff, 0xff, 0xff, 0x48, 0x00, 0x00, 0x00, 0x00, 0xd1, 0xff,
  0xff, 0xff, 0xff, 0xf2, 0xb3, 0xb3, 0xb3, 0xb3, 0xb3, 0xb3, 0xb3, 0xb3, 0xb3, 0xbc, 0xff, 0xff,
  0xff, 0xff, 0xff, 0x86, 0x00, 0x00, 0x00, 0x10, 0xfd, 0xff, 0xff, 0xff, 0xff, 0xac, 0x00, 0x00,
  0x00, 0x00, 0x00, 0x00, 0x00, 0x00, 0x00, 0x03, 0xf4, 0xff, 0xff, 0xff, 0xff, 0xc3, 0x00, 0x00,
  0x00, 0x4b, 0xff, 0xff, 0xff, 0xff, 0xff, 0x72, 0x00, 0x00, 0x00, 0x00, 0x00, 0x00, 0x00, 0x00,
  0x00, 0x00, 0xbd, 0xff, 0xff, 0xff, 0xff, 0xf8, 0x07, 0x00, 0x00, 0x89, 0xff, 0xff, 0xff, 0xff,
  0xff, 0x38, 0x00, 0x00, 0x00, 0x00, 0x00, 0x00, 0x00, 0x00, 0x00, 0x00, 0x83, 0xff, 0xff, 0xff,
  0xff, 0xff, 0x3d, 0x00, 0x00, 0xc6, 0xff, 0xff, 0xff, 0xff, 0xf7, 0x06, 0x00, 0x00, 0x00, 0x00,
  0x00, 0x00, 0x00, 0x00, 0x00, 0x00, 0x49, 0xff, 0xff, 0xff, 0xff, 0xff, 0x7a, 0x00, 0x09, 0xf9,
  0xff, 0xff, 0xff, 0xff, 0xc4, 0x00, 0x00, 0x00, 0x00, 0x00, 0x00, 0x00, 0x00, 0x00, 0x00, 0x00,
  0x11, 0xfe, 0xff, 0xff, 0xff, 0xff, 0xb7, 0x00, 0x40, 0xff, 0xff, 0xff, 0xff, 0xff, 0x8a, 0x00,
  0x00, 0x00, 0x00, 0x00, 0x00, 0x00, 0x00, 0x00, 0x00, 0x00, 0x00, 0xd5, 0xff, 0xff, 0xff, 0xff,
  0xf1, 0x02, 0x00, 0x00, 0x00, 0x00, 0x00, 0x00, 0x00, 0x00, 0x00, 0x00, 0x00, 0x00, 0x0d, 0x38,
  0x38, 0x38, 0x38, 0x38, 0x14, 0x00, 0x00, 0x00, 0x00, 0x00, 0x00, 0x00, 0x00, 0x00, 0x00, 0x00,
  0x00, 0x00, 0x00, 0x00, 0x00, 0x00, 0x00, 0x00, 0x77, 0xff, 0xff, 0xff, 0xff, 0xeb, 0x12, 0x00,
  0x00, 0x00, 0x00, 0x00, 0x00, 0x00, 0x00, 0x00, 0x00, 0x00, 0x00, 0x00, 0x00, 0x00, 0x00, 0x00,
  0x00, 0x00, 0xd8, 0xff, 0xff, 0xff, 0xff, 0x5f, 0x00, 0x00, 0x00, 0x00, 0x00, 0x00, 0x00, 0x00,
  0x00, 0x00, 0x00, 0x00, 0x00, 0x00, 0x00, 0x00, 0x00, 0x00, 0x00, 0x3a, 0xff, 0xff, 0xff, 0xff,
  0xc1, 0x00, 0x00, 0x00, 0x00, 0x00, 0x00, 0x00, 0x00, 0x00, 0x00, 0x00, 0x00, 0x00, 0x00, 0x00,
  0x00, 0x00, 0x00, 0x00, 0x00, 0x9c, 0xff, 0xff, 0xff, 0xfa, 0x29, 0x00, 0x00, 0x00, 0x00, 0x00,
  0x00, 0x00, 0x00, 0x00, 0x00, 0x00, 0x00, 0x00, 0x00, 0x00, 0x00, 0x00, 0x00, 0x00, 0x0b, 0xf3,
  0xff, 0xff, 0xff, 0x85, 0x00, 0x00, 0x00, 0x00, 0x00, 0x00, 0x00, 0x00, 0x00, 0x00, 0x00, 0x00,
  0x00, 0x00, 0x00, 0x00, 0x00, 0x00, 0x00, 0x00, 0x23, 0x7d, 0x7d, 0x7d, 0x7c, 0x09, 0x00, 0x00,
  0x00, 0x00, 0x00, 0x00, 0x00, 0x00, 0x00, 0x00, 0x00, 0x00, 0x00, 0x00, 0x00, 0x00, 0x00, 0x00,
  0x00, 0x00, 0x00, 0x00, 0x00, 0x00, 0x00, 0x00, 0x00, 0x00, 0x00, 0x00, 0x00, 0x00, 0x00, 0x00,
  0x00, 0x00, 0x00, 0x00, 0x00, 0x00, 0x00, 0x00, 0x00, 0x00, 0x00, 0x00, 0x00, 0x00, 0x00, 0x00,
  0x00, 0x00, 0x00, 0x00, 0x00, 0x00, 0x00, 0x00, 0x00, 0x00, 0x00, 0x00, 0x00, 0x00, 0x00, 0x00,
  0x00, 0x00, 0x00, 0x29, 0x66, 0x66, 0x66, 0x66, 0x66, 0x66, 0x66, 0x66, 0x66, 0x66, 0x0b, 0x00,
  0x00, 0x00, 0x00, 0x00, 0x00, 0x00, 0x00, 0x00, 0x00, 0x00, 0x00, 0x00, 0x00, 0x92, 0xff, 0xff,
  0xff, 0xff, 0xff, 0xff, 0xff, 0xff, 0xff, 0xff, 0x46, 0x00, 0x00, 0x00, 0x00, 0x00, 0x00, 0x00,
  0x00, 0x00, 0x00, 0x00, 0x00, 0x00, 0x00, 0xcf, 0xff, 0xff, 0xff, 0xff, 0xff, 0xff, 0xff, 0xff,
  0xff, 0xff, 0x83, 0x00, 0x00, 0x00, 0x00, 0x00, 0x00, 0x00, 0x00, 0x00, 0x00, 0x00, 0x00, 0x00,
  0x0f, 0xfd, 0xff, 0xff, 0xff, 0xff, 0x9f, 0xcf, 0xff, 0xff, 0xff, 0xff, 0xc0, 0x00, 0x00, 0x00,
  0x00, 0x00, 0x00, 0x00, 0x00, 0x00, 0x00, 0x00, 0x00, 0x00, 0x49, 0xff, 0xff, 0xff, 0xff, 0xff,
  0x37, 0x83, 0xff, 0xff, 0xff, 0xff, 0xf7, 0x06, 0x00, 0x00, 0x00, 0x00, 0x00, 0x00, 0x00, 0x00,
  0x00, 0x00, 0x00, 0x00, 0x86, 0xff, 0xff, 0xff, 0xff, 0xf6, 0x05, 0x49, 0xff, 0xff, 0xff, 0xff,
  0xff, 0x3a, 0x00, 0x00, 0x00, 0x00, 0x00, 0x00, 0x00, 0x00, 0x00, 0x00, 0x00, 0x00, 0xc3, 0xff,
  0xff, 0xff, 0xff, 0xc1, 0x00, 0x11, 0xfe, 0xff, 0xff, 0xff, 0xff, 0x77, 0x00, 0x00, 0x00, 0x00,
  0x00, 0x00, 0x00, 0x00, 0x00, 0x00, 0x00, 0x07, 0xf8, 0xff, 0xff, 0xff, 0xff, 0x87, 0x00, 0x00,
  0xd5, 0xff, 0xff, 0xff, 0xff, 0xb5, 0x00, 0x00, 0x00, 0x00, 0x00, 0x00, 0x00, 0x00, 0x00, 0x00,
  0x00, 0x3d, 0xff, 0xff, 0xff, 0xff, 0xff, 0x4c, 0x00, 0x00, 0x9b, 0xff, 0xff, 0xff, 0xff, 0xef,
  0x02, 0x00, 0x00, 0x00, 0x00, 0x00, 0x00, 0x00, 0x00, 0x00, 0x00, 0x7a, 0xff, 0xff, 0xff, 0xff,
  0xfe, 0x13, 0x00, 0x00, 0x61, 0xff, 0xff, 0xff, 0xff, 0xff, 0x2f, 0x00, 0x00, 0x00, 0x00, 0x00,
  0x00, 0x00, 0x00, 0x00, 0x00, 0xb8, 0xff, 0xff, 0xff, 0xff, 0xd7, 0x00, 0x00, 0x00, 0x27, 0xff,
  0xff, 0xff, 0xff, 0xff, 0x6c, 0x00, 0x00, 0x00, 0x00, 0x00, 0x00, 0x00, 0x00, 0x00, 0x03, 0xf1,
  0xff, 0xff, 0xff, 0xff, 0x9c, 0x00, 0x00, 0x00, 0x01, 0xed, 0xff, 0xff, 0xff, 0xff, 0xa9, 0x00,
  0x00, 0x00, 0x00, 0x00, 0x00, 0x00, 0x00, 0x00, 0x32, 0xff, 0xff, 0xff, 0xff, 0xff, 0x62, 0x00,
  0x00, 0x00, 0x00, 0xb4, 0xff, 0xff, 0xff, 0xff, 0xe6, 0x00, 0x00, 0x00, 0x00, 0x00, 0x00, 0x00,
  0x00, 0x00, 0x6f, 0xff, 0xff, 0xff, 0xff, 0xff, 0x27, 0x00, 0x00, 0x00, 0x00, 0x7a, 0xff, 0xff,
  0xff, 0xff, 0xff, 0x23, 0x00, 0x00, 0x00, 0x00, 0x00, 0x00, 0x00, 0x00, 0xac, 0xff, 0xff, 0xff,
  0xff, 0xeb, 0x00, 0x00, 0x00, 0x00, 0x00, 0x40, 0xff, 0xff, 0xff, 0xff, 0xff, 0x60, 0x00, 0x00,
  0x00, 0x00, 0x00, 0x00, 0x00, 0x00, 0xe8, 0xff, 0xff, 0xff, 0xff, 0xb2, 0x00, 0x00, 0x00, 0x00,
  0x00, 0x0a, 0xfb, 0xff, 0xff, 0xff, 0xff, 0x9d, 0x00, 0x00, 0x00, 0x00, 0x00, 0x00, 0x00, 0x26,
  0xff, 0xff, 0xff, 0xff, 0xff, 0x77, 0x00, 0x00, 0x00, 0x00, 0x00, 0x00, 0xcc, 0xff, 0xff, 0xff,
  0xff, 0xda, 0x00, 0x00, 0x00, 0x00, 0x00, 0x00, 0x00, 0x63, 0xff, 0xff, 0xff, 0xff, 0xff, 0x3c,
  0x00, 0x00, 0x00, 0x00, 0x00, 0x00, 0x92, 0xff, 0xff, 0xff, 0xff, 0xff, 0x17, 0x00, 0x00, 0x00,
  0x00, 0x00, 0x00, 0xa0, 0xff, 0xff, 0xff, 0xff, 0xff, 0x9f, 0x97, 0x97, 0x97, 0x97, 0x97, 0x97,
  0xc2, 0xff, 0xff, 0xff, 0xff, 0xff, 0x54, 0x00, 0x00, 0x00, 0x00, 0x00, 0x00, 0xdd, 0xff, 0xff,
  0xff, 0xff, 0xff, 0xff, 0xff, 0xff, 0xff, 0xff, 0xff, 0xff, 0xff, 0xff, 0xff, 0xff, 0xff, 0xff,
  0x91, 0x00, 0x00, 0x00, 0x00, 0x00, 0x1a, 0xff, 0xff, 0xff, 0xff, 0xff, 0xff, 0xff, 0xff, 0xff,
  0xff, 0xff, 0xff, 0xff, 0xff, 0xff, 0xff, 0xff, 0xff, 0xff, 0xce, 0x00, 0x00, 0x00, 0x00, 0x00,
  0x57, 0xff, 0xff, 0xff, 0xff, 0xff, 0xff, 0xff, 0xff, 0xff, 0xff, 0xff, 0xff, 0xff, 0xff, 0xff,
  0xff, 0xff, 0xff, 0xff, 0xfd, 0x0e, 0x00, 0x00, 0x00, 0x00, 0x94, 0xff, 0xff, 0xff, 0xff, 0xff,
  0xff, 0xff, 0xff, 0xff, 0xff, 0xff, 0xff, 0xff, 0xff, 0xff, 0xff, 0xff, 0xff, 0xff, 0xff, 0x48,
  0x00, 0x00, 0x00, 0x00, 0xd1, 0xff, 0xff, 0xff, 0xff, 0xf2, 0xb3, 0xb3, 0xb3, 0xb3, 0xb3, 0xb3,
  0xb3, 0xb3, 0xb3, 0xbc, 0xff, 0xff, 0xff, 0xff, 0xff, 0x86, 0x00, 0x00, 0x00, 0x10, 0xfd, 0xff,
  0xff, 0xff, 0xff, 0xac, 0x00, 0x00, 0x00, 0x00, 0x00, 0x00, 0x00, 0x00, 0x00, 0x03, 0xf4, 0xff,
  0xff, 0xff, 0xff, 0xc3, 0x00, 0x00, 0x00, 0x4b, 0xff, 0xff, 0xff, 0xff, 0xff, 0x72, 0x00, 0x00,
  0x00, 0x00, 0x00, 0x00, 0x00, 0x00, 0x00, 0x00, 0xbd, 0xff, 0xff, 0xff, 0xff, 0xf8, 0x07, 0x00,
  0x00, 0x89, 0xff, 0xff, 0xff, 0xff, 0xff, 0x38, 0x00, 0x00, 0x00, 0x00, 0x00, 0x00, 0x00, 0x00,
  0x00, 0x00, 0x83, 0xff, 0xff, 0xff, 0xff, 0xff, 0x3d, 0x00, 0x00, 0xc6, 0xff, 0xff, 0xff, 0xff,
  0xf7, 0x06, 0x00, 0x00, 0x00, 0x00, 0x00, 0x00, 0x00, 0x00, 0x00, 0x00, 0x49, 0xff, 0xff, 0xff,
  0xff, 0xff, 0x7a, 0x00, 0x09, 0xf9, 0xff, 0xff, 0xff, 0xff, 0xc4, 0x00, 0x00, 0x00, 0x00, 0x00,
  0x00, 0x00, 0x00, 0x00, 0x00, 0x00, 0x11, 0xfe, 0xff, 0xff, 0xff, 0xff, 0xb7, 0x00, 0x40, 0xff,
  0xff, 0xff, 0xff, 0xff, 0x8a, 0x00, 0x00, 0x00, 0x00, 0x00, 0x00, 0x00, 0x00, 0x00, 0x00, 0x00,
  0x00, 0xd5, 0xff, 0xff, 0xff, 0xff, 0xf1, 0x02, 0x00, 0x00, 0x00, 0x00, 0x00, 0x00, 0x00, 0x00,
  0x00, 0x2e, 0x38, 0x38, 0x38, 0x38, 0x38, 0x38, 0x1e, 0x00, 0x00, 0x00, 0x00, 0x00, 0x00, 0x00,
  0x00, 0x00, 0x00, 0x00, 0x00, 0x00, 0x00, 0x00, 0x00, 0x00, 0x36, 0xfd, 0xff, 0xff, 0xff, 0xff,
  0xff, 0xff, 0xde, 0x09, 0x00, 0x00, 0x00, 0x00, 0x00, 0x00, 0x00, 0x00, 0x00, 0x00, 0x00, 0x00,
  0x00, 0x00, 0x00, 0x03, 0xcf, 0xff, 0xff, 0xff, 0xe8, 0xf7, 0xff, 0xff, 0xff, 0x86, 0x00, 0x00,
  0x00, 0x00, 0x00, 0x00, 0x00, 0x00, 0x00, 0x00, 0x00, 0x00, 0x00, 0x00, 0x00, 0x70, 0xff, 0xff,
  0xff, 0xff, 0x41, 0x8d, 0xff, 0xff, 0xff, 0xfa, 0x2a, 0x00, 0x00, 0x00, 0x00, 0x00, 0x00, 0x00,
  0x00, 0x00, 0x00, 0x00, 0x00, 0x00, 0x1b, 0xf2, 0xff, 0xff, 0xff, 0xc4, 0x00, 0x18, 0xf7, 0xff,
  0xff, 0xff, 0xc1, 0x01, 0x00, 0x00, 0x00, 0x00, 0x00, 0x00, 0x00, 0x00, 0x00, 0x00, 0x00, 0x00,
  0xac, 0xff, 0xff, 0xff, 0xff, 0x47, 0x00, 0x00, 0x93, 0xff, 0xff, 0xff, 0xff, 0x61, 0x00, 0x00,
  0x00, 0x00, 0x00, 0x00, 0x00, 0x00, 0x00, 0x00, 0x00, 0x11, 0x7d, 0x7d, 0x7d, 0x7d, 0x72, 0x00,
  0x00, 0x00, 0x1a, 0x7d, 0x7d, 0x7d, 0x7d, 0x69, 0x00, 0x00, 0x00, 0x00, 0x00, 0x00, 0x00, 0x00,
  0x00, 0x00, 0x00, 0x00, 0x00, 0x00, 0x00, 0x00, 0x00, 0x00, 0x00, 0x00, 0x00, 0x00, 0x00, 0x00,
  0x00, 0x00, 0x00, 0x00, 0x00, 0x00, 0x00, 0x00, 0x00, 0x00, 0x00, 0x00, 0x00, 0x00, 0x00, 0x00,
  0x00, 0x00, 0x00, 0x00, 0x00, 0x00, 0x00, 0x00, 0x00, 0x00, 0x00, 0x00, 0x00, 0x00, 0x00, 0x00,
  0x00, 0x00, 0x00, 0x00, 0x00, 0x00, 0x00, 0x00, 0x00, 0x29, 0x66, 0x66, 0x66, 0x66, 0x66, 0x66,
  0x66, 0x66, 0x66, 0x66, 0x0b, 0x00, 0x00, 0x00, 0x00, 0x00, 0x00, 0x00, 0x00, 0x00, 0x00, 0x00,
  0x00, 0x00, 0x00, 0x92, 0xff, 0xff, 0xff, 0xff, 0xff, 0xff, 0xff, 0xff, 0xff, 0xff, 0x46, 0x00,
  0x00, 0x00, 0x00, 0x00, 0x00, 0x00, 0x00, 0x00, 0x00, 0x00, 0x00, 0x00, 0x00, 0xcf, 0xff, 0xff,
  0xff, 0xff, 0xff, 0xff, 0xff, 0xff, 0xff, 0xff, 0x83, 0x00, 0x00, 0x00, 0x00, 0x00, 0x00, 0x00,
  0x00, 0x00, 0x00, 0x00, 0x00, 0x00, 0x0f, 0xfd, 0xff, 0xff, 0xff, 0xff, 0x9f, 0xcf, 0xff, 0xff,
  0xff, 0xff, 0xc0, 0x00, 0x00, 0x00, 0x00, 0x00, 0x00, 0x00, 0x00, 0x00, 0x00, 0x00, 0x00, 0x00,
  0x49, 0xff, 0xff, 0xff, 0xff, 0xff, 0x37, 0x83, 0xff, 0xff, 0xff, 0xff, 0xf7, 0x06, 0x00, 0x00,
  0x00, 0x00, 0x00, 0x00, 0x00, 0x00, 0x00, 0x00, 0x00, 0x00, 0x86, 0xff, 0xff, 0xff, 0xff, 0xf6,
  0x05, 0x49, 0xff, 0xff, 0xff, 0xff, 0xff, 0x3a, 0x00, 0x00, 0x00, 0x00, 0x00, 0x00, 0x00, 0x00,
  0x00, 0x00, 0x00, 0x00, 0xc3, 0xff, 0xff, 0xff, 0xff, 0xc1, 0x00, 0x11, 0xfe, 0xff, 0xff, 0xff,
  0xff, 0x77, 0x00, 0x00, 0x00, 0x00, 0x00, 0x00, 0x00, 0x00, 0x00, 0x00, 0x00, 0x07, 0xf8, 0xff,
  0xff, 0xff, 0xff, 0x87, 0x00, 0x00, 0xd5, 0xff, 0xff, 0xff, 0xff, 0xb5, 0x00, 0x00, 0x00, 0x00,
  0x00, 0x00, 0x00, 0x00, 0x00, 0x00, 0x00, 0x3d, 0xff, 0xff, 0xff, 0xff, 0xff, 0x4c, 0x00, 0x00,
  0x9b, 0xff, 0xff, 0xff, 0xff, 0xef, 0x02, 0x00, 0x00, 0x00, 0x00, 0x00, 0x00, 0x00, 0x00, 0x00,
  0x00, 0x7a, 0xff, 0xff, 0xff, 0xff, 0xfe, 0x13, 0x00, 0x00, 0x61, 0xff, 0xff, 0xff, 0xff, 0xff,
  0x2f, 0x00, 0x00, 0x00, 0x00, 0x00, 0x00, 0x00, 0x00, 0x00, 0x00, 0xb8, 0xff, 0xff, 0xff, 0xff,
  0xd7, 0x00, 0x00, 0x00, 0x27, 0xff, 0xff, 0xff, 0xff, 0xff, 0x6c, 0x00, 0x00, 0x00, 0x00, 0x00,
  0x00, 0x00, 0x00, 0x00, 0x03, 0xf1, 0xff, 0xff, 0xff, 0xff, 0x9c, 0x00, 0x00, 0x00, 0x01, 0xed,
  0xff, 0xff, 0xff, 0xff, 0xa9, 0x00, 0x00, 0x00, 0x00, 0x00, 0x00, 0x00, 0x00, 0x00, 0x32, 0xff,
  0xff, 0xff, 0xff, 0xff, 0x62, 0x00, 0x00, 0x00, 0x00, 0xb4, 0xff, 0xff, 0xff, 0xff, 0xe6, 0x00,
  0x00, 0x00, 0x00, 0x00, 0x00, 0x00, 0x00, 0x00, 0x6f, 0xff, 0xff, 0xff, 0xff, 0xff, 0x27, 0x00,
  0x00, 0x00, 0x00, 0x7a, 0xff, 0xff, 0xff, 0xff, 0xff, 0x23, 0x00, 0x00, 0x00, 0x00, 0x00, 0x00,
  0x00, 0x00, 0xac, 0xff, 0xff, 0xff, 0xff, 0xeb, 0x00, 0x00, 0x00, 0x00, 0x00, 0x40, 0xff, 0xff,
  0xff, 0xff, 0xff, 0x60, 0x00, 0x00, 0x00, 0x00, 0x00, 0x00, 0x00, 0x00, 0xe8, 0xff, 0xff, 0xff,
  0xff, 0xb2, 0x00, 0x00, 0x00, 0x00, 0x00, 0x0a, 0xfb, 0xff, 0xff, 0xff, 0xff, 0x9d, 0x00, 0x00,
  0x00, 0x00, 0x00, 0x00, 0x00, 0x26, 0xff, 0xff, 0xff, 0xff, 0xff, 0x77, 0x00, 0x00, 0x00, 0x00,
  0x00, 0x00, 0xcc, 0xff, 0xff, 0xff, 0xff, 0xda, 0x00, 0x00, 0x00, 0x00, 0x00, 0x00, 0x00, 0x63,
  0xff, 0xff, 0xff, 0xff, 0xff, 0x3c, 0x00, 0x00, 0x00, 0x00, 0x00, 0x00, 0x92, 0xff, 0xff, 0xff,
  0xff, 0xff, 0x17, 0x00, 0x00, 0x00, 0x00, 0x00, 0x00, 0xa0, 0xff, 0xff, 0xff, 0xff, 0xff, 0x9f,
  0x97, 0x97, 0x97, 0x97, 0x97, 0x97, 0xc2, 0xff, 0xff, 0xff, 0xff, 0xff, 0x54, 0x00, 0x00, 0x00,
  0x00, 0x00, 0x00, 0xdd, 0xff, 0xff, 0xff, 0xff, 0xff, 0xff, 0xff, 0xff, 0xff, 0xff, 0xff, 0xff,
  0xff, 0xff, 0xff, 0xff, 0xff, 0xff, 0x91, 0x00, 0x00, 0x00, 0x00, 0x00, 0x1a, 0xff, 0xff, 0xff,
  0xff, 0xff, 0xff, 0xff, 0xff, 0xff, 0xff, 0xff, 0xff, 0xff, 0xff, 0xff, 0xff, 0xff, 0xff, 0xff,
  0xce, 0x00, 0x00, 0x00, 0x00, 0x00, 0x57, 0xff, 0xff, 0xff, 0xff, 0xff, 0xff, 0xff, 0xff, 0xff,
  0xff, 0xff, 0xff, 0xff, 0xff, 0xff, 0xff, 0xff, 0xff, 0xff, 0xfd, 0x0e, 0x00, 0x00, 0x00, 0x00,
  0x94, 0xff, 0xff, 0xff, 0xff, 0xff, 0xff, 0xff, 0xff, 0xff, 0xff, 0xff, 0xff, 0xff, 0xff, 0xff,
  0xff, 0xff, 0xff, 0xff, 0xff, 0x48, 0x00, 0x00, 0x00, 0x00, 0xd1, 0xff, 0xff, 0xff, 0xff, 0xf2,
  0xb3, 0xb3, 0xb3, 0xb3, 0xb3, 0xb3, 0xb3, 0xb3, 0xb3, 0xbc, 0xff, 0xff, 0xff, 0xff, 0xff, 0x86,
  0x00, 0x00, 0x00, 0x10, 0xfd, 0xff, 0xff, 0xff, 0xff, 0xac, 0x00, 0x00, 0x00, 0x00, 0x00, 0x00,
  0x00, 0x00, 0x00, 0x03, 0xf4, 0xff, 0xff, 0xff, 0xff, 0xc3, 0x00, 0x00, 0x00, 0x4b, 0xff, 0xff,
  0xff, 0xff, 0xff, 0x72, 0x00, 0x00, 0x00, 0x00, 0x00, 0x00, 0x00, 0x00, 0x00, 0x00, 0xbd, 0xff,
  0xff, 0xff, 0xff, 0xf8, 0x07, 0x00, 0x00, 0x89, 0xff, 0xff, 0xff, 0xff, 0xff, 0x38, 0x00, 0x00,
  0x00, 0x00, 0x00, 0x00, 0x00, 0x00, 0x00, 0x00, 0x83, 0xff, 0xff, 0xff, 0xff, 0xff, 0x3d, 0x00,
  0x00, 0xc6, 0xff, 0xff, 0xff, 0xff, 0xf7, 0x06, 0x00, 0x00, 0x00, 0x00, 0x00, 0x00, 0x00, 0x00,
  0x00, 0x00, 0x49, 0xff, 0xff, 0xff, 0xff, 0xff, 0x7a, 0x00, 0x09, 0xf9, 0xff, 0xff, 0xff, 0xff,
  0xc4, 0x00, 0x00, 0x00, 0x00, 0x00, 0x00, 0x00, 0x00, 0x00, 0x00, 0x00, 0x11, 0xfe, 0xff, 0xff,
  0xff, 0xff, 0xb7, 0x00, 0x40, 0xff, 0xff, 0xff, 0xff, 0xff, 0x8a, 0x00, 0x00, 0x00, 0x00, 0x00,
  0x00, 0x00, 0x00, 0x00, 0x00, 0x00, 0x00, 0xd5, 0xff, 0xff, 0xff, 0xff, 0xf1, 0x02, 0x00, 0x00,
  0x00, 0x00, 0x00, 0x00, 0x00, 0x01, 0x60, 0xb3, 0xc8, 0xa0, 0x2a, 0x00, 0x00, 0x00, 0x00, 0x37,
  0x77, 0x01, 0x00, 0x00, 0x00, 0x00, 0x00, 0x00, 0x00, 0x00, 0x00, 0x00, 0x00, 0x00, 0x03, 0xa9,
  0xff, 0xff, 0xff, 0xff, 0xf5, 0x43, 0x00, 0x00, 0x1b, 0xe5, 0xff, 0xb1, 0x10, 0x00, 0x00, 0x00,
  0x00, 0x00, 0x00, 0x00, 0x00, 0x00, 0x00, 0x00, 0x8b, 0xff, 0xff, 0xff, 0xff, 0xff, 0xff, 0xf6,
  0x72, 0x52, 0xda, 0xff, 0xff, 0xff, 0xd9, 0x07, 0x00, 0x00, 0x00, 0x00, 0x00, 0x00, 0x00, 0x00,
  0x00, 0x57, 0xff, 0xff, 0xff, 0xff, 0xff, 0xff, 0xff, 0xff, 0xff, 0xff, 0xff, 0xff, 0xff, 0xff,
  0x6f, 0x00, 0x00, 0x00, 0x00, 0x00, 0x00, 0x00, 0x00, 0x00, 0x24, 0xf4, 0xff, 0xff, 0xff, 0xf8,
  0xc4, 0xf3, 0xff, 0xff, 0xff, 0xff, 0xff, 0xff, 0xff, 0xa2, 0x00, 0x00, 0x00, 0x00, 0x00, 0x00,
  0x00, 0x00, 0x00, 0x00, 0x02, 0x85, 0xff, 0xff, 0xf0, 0x34, 0x00, 0x22, 0xe1, 0xff, 0xff, 0xff,
  0xff, 0xff, 0xc8, 0x08, 0x00, 0x00, 0x00, 0x00, 0x00, 0x00, 0x00, 0x00, 0x00, 0x00, 0x00, 0x00,
  0x55, 0xf3, 0x4e, 0x00, 0x00, 0x00, 0x1f, 0xc8, 0xff, 0xff, 0xfe, 0xac, 0x10, 0x00, 0x00, 0x00,
  0x00, 0x00, 0x00, 0x00, 0x00, 0x00, 0x00, 0x00, 0x00, 0x00, 0x00, 0x15, 0x00, 0x00, 0x00, 0x00,
  0x00, 0x00, 0x2d, 0x42, 0x1c, 0x00, 0x00, 0x00, 0x00, 0x00, 0x00, 0x00, 0x00, 0x00, 0x00, 0x00,
  0x00, 0x00, 0x00, 0x00, 0x00, 0x00, 0x00, 0x00, 0x00, 0x00, 0x00, 0x00, 0x00, 0x00, 0x00, 0x00,
  0x00, 0x00, 0x00, 0x00, 0x00, 0x00, 0x00, 0x00, 0x00, 0x00, 0x00, 0x00, 0x00, 0x00, 0x00, 0x29,
  0x66, 0x66, 0x66, 0x66, 0x66, 0x66, 0x66, 0x66, 0x66, 0x66, 0x0b, 0x00, 0x00, 0x00, 0x00, 0x00,
  0x00, 0x00, 0x00, 0x00, 0x00, 0x00, 0x00, 0x00, 0x00, 0x92, 0xff, 0xff, 0xff, 0xff, 0xff, 0xff,
  0xff, 0xff, 0xff, 0xff, 0x46, 0x00, 0x00, 0x00, 0x00, 0x00, 0x00, 0x00, 0x00, 0x00, 0x00, 0x00,
  0x00, 0x00, 0x00, 0xcf, 0xff, 0xff, 0xff, 0xff, 0xff, 0xff, 0xff, 0xff, 0xff, 0xff, 0x83, 0x00,
  0x00, 0x00, 0x00, 0x00, 0x00, 0x00, 0x00, 0x00, 0x00, 0x00, 0x00, 0x00, 0x0f, 0xfd, 0xff, 0xff,
  0xff, 0xff, 0x9f, 0xcf, 0xff, 0xff, 0xff, 0xff, 0xc0, 0x00, 0x00, 0x00, 0x00, 0x00, 0x00, 0x00,
  0x00, 0x00, 0x00, 0x00, 0x00, 0x00, 0x49, 0xff, 0xff, 0xff, 0xff, 0xff, 0x37, 0x83, 0xff, 0xff,
  0xff, 0xff, 0xf7, 0x06, 0x00, 0x00, 0x00, 0x00, 0x00, 0x00, 0x00, 0x00, 0x00, 0x00, 0x00, 0x00,
  0x86, 0xff, 0xff, 0xff, 0xff, 0xf6, 0x05, 0x49, 0xff, 0xff, 0xff, 0xff, 0xff, 0x3a, 0x00, 0x00,
  0x00, 0x00, 0x00, 0x00, 0x00, 0x00, 0x00, 0x00, 0x00, 0x00, 0xc3, 0xff, 0xff, 0xff, 0xff, 0xc1,
  0x00, 0x11, 0xfe, 0xff, 0xff, 0xff, 0xff, 0x77, 0x00, 0x00, 0x00, 0x00, 0x00, 0x00, 0x00, 0x00,
  0x00, 0x00, 0x00, 0x07, 0xf8, 0xff, 0xff, 0xff, 0xff, 0x87, 0x00, 0x00, 0xd5, 0xff, 0xff, 0xff,
  0xff, 0xb5, 0x00, 0x00, 0x00, 0x00, 0x00, 0x00, 0x00, 0x00, 0x00, 0x00, 0x00, 0x3d, 0xff, 0xff,
  0xff, 0xff, 0xff, 0x4c, 0x00, 0x00, 0x9b, 0xff, 0xff, 0xff, 0xff, 0xef, 0x02, 0x00, 0x00, 0x00,
  0x00, 0x00, 0x00, 0x00, 0x00, 0x00, 0x00, 0x7a, 0xff, 0xff, 0xff, 0xff, 0xfe, 0x13, 0x00, 0x00,
  0x61, 0xff, 0xff, 0xff, 0xff, 0xff, 0x2f, 0x00, 0x00, 0x00, 0x00, 0x00, 0x00, 0x00, 0x00, 0x00,
  0x00, 0xb8, 0xff, 0xff, 0xff, 0xff, 0xd7, 0x00, 0x00, 0x00, 0x27, 0xff, 0xff, 0xff, 0xff, 0xff,
  0x6c, 0x00, 0x00, 0x00, 0x00, 0x00, 0x00, 0x00, 0x00, 0x00, 0x03, 0xf1, 0xff, 0xff, 0xff, 0xff,
  0x9c, 0x00, 0x00, 0x00, 0x01, 0xed, 0xff, 0xff, 0xff, 0xff, 0xa9, 0x00, 0x00, 0x00, 0x00, 0x00,
  0x00, 0x00, 0x00, 0x00, 0x32, 0xff, 0xff, 0xff, 0xff, 0xff, 0x62, 0x00, 0x00, 0x00, 0x00, 0xb4,
  0xff, 0xff, 0xff, 0xff, 0xe6, 0x00, 0x00, 0x00, 0x00, 0x00, 0x00, 0x00, 0x00, 0x00, 0x6f, 0xff,
  0xff, 0xff, 0xff, 0xff, 0x27, 0x00, 0x00, 0x00, 0x00, 0x7a, 0xff, 0xff, 0xff, 0xff, 0xff, 0x23,
  0x00, 0x00, 0x00, 0x00, 0x00, 0x00, 0x00, 0x00, 0xac, 0xff, 0xff, 0xff, 0xff, 0xeb, 0x00, 0x00,
  0x00, 0x00, 0x00, 0x40, 0xff, 0xff, 0xff, 0xff, 0xff, 0x60, 0x00, 0x00, 0x00, 0x00, 0x00, 0x00,
  0x00, 0x00, 0xe8, 0xff, 0xff, 0xff, 0xff, 0xb2, 0x00, 0x00, 0x00, 0x00, 0x00, 0x0a, 0xfb, 0xff,
  0xff, 0xff, 0xff, 0x9d, 0x00, 0x00, 0x00, 0x00, 0x00, 0x00, 0x00, 0x26, 0xff, 0xff, 0xff, 0xff,
  0xff, 0x77, 0x00, 0x00, 0x00, 0x00, 0x00, 0x00, 0xcc, 0xff, 0xff, 0xff, 0xff, 0xda, 0x00, 0x00,
  0x00, 0x00, 0x00, 0x00, 0x00, 0x63, 0xff, 0xff, 0xff, 0xff, 0xff, 0x3c, 0x00, 0x00, 0x00, 0x00,
  0x00, 0x00, 0x92, 0xff, 0xff, 0xff, 0xff, 0xff, 0x17, 0x00, 0x00, 0x00, 0x00, 0x00, 0x00, 0xa0,
  0xff, 0xff, 0xff, 0xff, 0xff, 0x9f, 0x97, 0x97, 0x97, 0x97, 0x97, 0x97, 0xc2, 0xff, 0xff, 0xff,
  0xff, 0xff, 0x54, 0x00, 0x00, 0x00, 0x00, 0x00, 0x00, 0xdd, 0xff, 0xff, 0xff, 0xff, 0xff, 0xff,
  0xff, 0xff, 0xff, 0xff, 0xff, 0xff, 0xff, 0xff, 0xff, 0xff, 0xff, 0xff, 0x91, 0x00, 0x00, 0x00,
  0x00, 0x00, 0x1a, 0xff, 0xff, 0xff, 0xff, 0xff, 0xff, 0xff, 0xff, 0xff, 0xff, 0xff, 0xff, 0xff,
  0xff, 0xff, 0xff, 0xff, 0xff, 0xff, 0xce, 0x00, 0x00, 0x00, 0x00, 0x00, 0x57, 0xff, 0xff, 0xff,
  0xff, 0xff, 0xff, 0xff, 0xff, 0xff, 0xff, 0xff, 0xff, 0xff, 0xff, 0xff, 0xff, 0xff, 0xff, 0xff,
  0xfd, 0x0e, 0x00, 0x00, 0x00, 0x00, 0x94, 0xff, 0xff, 0xff, 0xff, 0xff, 0xff, 0xff, 0xff, 0xff,
  0xff, 0xff, 0xff, 0xff, 0xff, 0xff, 0xff, 0xff, 0xff, 0xff, 0xff, 0x48, 0x00, 0x00, 0x00, 0x00,
  0xd1, 0xff, 0xff, 0xff, 0xff, 0xf2, 0xb3, 0xb3, 0xb3, 0xb3, 0xb3, 0xb3, 0xb3, 0xb3, 0xb3, 0xbc,
  0xff, 0xff, 0xff, 0xff, 0xff, 0x86, 0x00, 0x00, 0x00, 0x10, 0xfd, 0xff, 0xff, 0xff, 0xff, 0xac,
  0x00, 0x00, 0x00, 0x00, 0x00, 0x00, 0x00, 0x00, 0x00, 0x03, 0xf4, 0xff, 0xff, 0xff, 0xff, 0xc3,
  0x00, 0x00, 0x00, 0x4b, 0xff, 0xff, 0xff, 0xff, 0xff, 0x72, 0x00, 0x00, 0x00, 0x00, 0x00, 0x00,
  0x00, 0x00, 0x00, 0x00, 0xbd, 0xff, 0xff, 0xff, 0xff, 0xf8, 0x07, 0x00, 0x00, 0x89, 0xff, 0xff,
  0xff, 0xff, 0xff, 0x38, 0x00, 0x00, 0x00, 0x00, 0x00, 0x00, 0x00, 0x00, 0x00, 0x00, 0x83, 0xff,
  0xff, 0xff, 0xff, 0xff, 0x3d, 0x00, 0x00, 0xc6, 0xff, 0xff, 0xff, 0xff, 0xf7, 0x06, 0x00, 0x00,
  0x00, 0x00, 0x00, 0x00, 0x00, 0x00, 0x00, 0x00, 0x49, 0xff, 0xff, 0xff, 0xff, 0xff, 0x7a, 0x00,
  0x09, 0xf9, 0xff, 0xff, 0xff, 0xff, 0xc4, 0x00, 0x00, 0x00, 0x00, 0x00, 0x00, 0x00, 0x00, 0x00,
  0x00, 0x00, 0x11, 0xfe, 0xff, 0xff, 0xff, 0xff, 0xb7, 0x00, 0x40, 0xff, 0xff, 0xff, 0xff, 0xff,
  0x8a, 0x00, 0x00, 0x00, 0x00, 0x00, 0x00, 0x00, 0x00, 0x00, 0x00, 0x00, 0x00, 0xd5, 0xff, 0xff,
  0xff, 0xff, 0xf1, 0x02, 0x00, 0x00, 0x00, 0x00, 0x00, 0x00, 0x2f, 0x67, 0x5d, 0x19, 0x00, 0x00,
  0x00, 0x00, 0x00, 0x00, 0x30, 0x67, 0x5d, 0x18, 0x00, 0x00, 0x00, 0x00, 0x00, 0x00, 0x00, 0x00,
  0x00, 0x00, 0x05, 0xa4, 0xff, 0xff, 0xff, 0xf7, 0x67, 0x00, 0x00, 0x00, 0x06, 0xa5, 0xff, 0xff,
  0xff, 0xf7, 0x66, 0x00, 0x00, 0x00, 0x00, 0x00, 0x00, 0x00, 0x00, 0x00, 0x8d, 0xff, 0xff, 0xff,
  0xff, 0xff, 0xfe, 0x43, 0x00, 0x00, 0x8e, 0xff, 0xff, 0xff, 0xff, 0xff, 0xfe, 0x43, 0x00, 0x00,
  0x00, 0x00, 0x00, 0x00, 0x00, 0x06, 0xf5, 0xff, 0xff, 0xff, 0xff, 0xff, 0xff, 0xb0, 0x00, 0x07,
  0xf5, 0xff, 0xff, 0xff, 0xff, 0xff, 0xff, 0xaf, 0x00, 0x00, 0x00, 0x00, 0x00, 0x00, 0x00, 0x1d,
  0xff, 0xff, 0xff, 0xff, 0xff, 0xff, 0xff, 0xd2, 0x00, 0x1e, 0xff, 0xff, 0xff, 0xff, 0xff, 0xff,
  0xff, 0xd1, 0x00, 0x00, 0x00, 0x00, 0x00, 0x00, 0x00, 0x09, 0xf8, 0xff, 0xff, 0xff, 0xff, 0xff,
  0xff, 0xb7, 0x00, 0x09, 0xf9, 0xff, 0xff, 0xff, 0xff, 0xff, 0xff, 0xb6, 0x00, 0x00, 0x00, 0x00,
  0x00, 0x00, 0x00, 0x00, 0x9d, 0xff, 0xff, 0xff, 0xff, 0xff, 0xff, 0x52, 0x00, 0x00, 0x9e, 0xff,
  0xff, 0xff, 0xff, 0xff, 0xff, 0x51, 0x00, 0x00, 0x00, 0x00, 0x00, 0x00, 0x00, 0x00, 0x0c, 0xbd,
  0xff, 0xff, 0xff, 0xfe, 0x80, 0x00, 0x00, 0x00, 0x0c, 0xbe, 0xff, 0xff, 0xff, 0xfe, 0x80, 0x00,
  0x00, 0x00, 0x00, 0x00, 0x00, 0x00, 0x00, 0x00, 0x00, 0x01, 0x4a, 0x81, 0x78, 0x2d, 0x00, 0x00,
  0x00, 0x00, 0x00, 0x01, 0x4a, 0x81, 0x78, 0x2c, 0x00, 0x00, 0x00, 0x00, 0x00, 0x00, 0x00, 0x00,
  0x00, 0x00, 0x00, 0x00, 0x00, 0x00, 0x00, 0x00, 0x00, 0x00, 0x00, 0x00, 0x00, 0x00, 0x00, 0x00,
  0x00, 0x00, 0x00, 0x00, 0x00, 0x00, 0x00, 0x00, 0x00, 0x00, 0x00, 0x00, 0x00, 0x00, 0x00, 0x29,
  0x66, 0x66, 0x66, 0x66, 0x66, 0x66, 0x66, 0x66, 0x66, 0x66, 0x0b, 0x00, 0x00, 0x00, 0x00, 0x00,
  0x00, 0x00, 0x00, 0x00, 0x00, 0x00, 0x00, 0x00, 0x00, 0x92, 0xff, 0xff, 0xff, 0xff, 0xff, 0xff,
  0xff, 0xff, 0xff, 0xff, 0x46, 0x00, 0x00, 0x00, 0x00, 0x00, 0x00, 0x00, 0x00, 0x00, 0x00, 0x00,
  0x00, 0x00, 0x00, 0xcf, 0xff, 0xff, 0xff, 0xff, 0xff, 0xff, 0xff, 0xff, 0xff, 0xff, 0x83, 0x00,
  0x00, 0x00, 0x00, 0x00, 0x00, 0x00, 0x00, 0x00, 0x00, 0x00, 0x00, 0x00, 0x0f, 0xfd, 0xff, 0xff,
  0xff, 0xff, 0x9f, 0xcf, 0xff, 0xff, 0xff, 0xff, 0xc0, 0x00, 0x00, 0x00, 0x00, 0x00, 0x00, 0x00,
  0x00, 0x00, 0x00, 0x00, 0x00, 0x00, 0x49, 0xff, 0xff, 0xff, 0xff, 0xff, 0x37, 0x83, 0xff, 0xff,
  0xff, 0xff, 0xf7, 0x06, 0x00, 0x00, 0x00, 0x00, 0x00, 0x00, 0x00, 0x00, 0x00, 0x00, 0x00, 0x00,
  0x86, 0xff, 0xff, 0xff, 0xff, 0xf6, 0x05, 0x49, 0xff, 0xff, 0xff, 0xff, 0xff, 0x3a, 0x00, 0x00,
  0x00, 0x00, 0x00, 0x00, 0x00, 0x00, 0x00, 0x00, 0x00, 0x00, 0xc3, 0xff, 0xff, 0xff, 0xff, 0xc1,
  0x00, 0x11, 0xfe, 0xff, 0xff, 0xff, 0xff, 0x77, 0x00, 0x00, 0x00, 0x00, 0x00, 0x00, 0x00, 0x00,
  0x00, 0x00, 0x00, 0x07, 0xf8, 0xff, 0xff, 0xff, 0xff, 0x87, 0x00, 0x00, 0xd5, 0xff, 0xff, 0xff,
  0xff, 0xb5, 0x00, 0x00, 0x00, 0x00, 0x00, 0x00, 0x00, 0x00, 0x00, 0x00, 0x00, 0x3d, 0xff, 0xff,
  0xff, 0xff, 0xff, 0x4c, 0x00, 0x00, 0x9b, 0xff, 0xff, 0xff, 0xff, 0xef, 0x02, 0x00, 0x00, 0x00,
  0x00, 0x00, 0x00, 0x00, 0x00, 0x00, 0x00, 0x7a, 0xff, 0xff, 0xff, 0xff, 0xfe, 0x13, 0x00, 0x00,
  0x61, 0xff, 0xff, 0xff, 0xff, 0xff, 0x2f, 0x00, 0x00, 0x00, 0x00, 0x00, 0x00, 0x00, 0x00, 0x00,
  0x00, 0xb8, 0xff, 0xff, 0xff, 0xff, 0xd7, 0x00, 0x00, 0x00, 0x27, 0xff, 0xff, 0xff, 0xff, 0xff,
  0x6c, 0x00, 0x00, 0x00, 0x00, 0x00, 0x00, 0x00, 0x00, 0x00, 0x03, 0xf1, 0xff, 0xff, 0xff, 0xff,
  0x9c, 0x00, 0x00, 0x00, 0x01, 0xed, 0xff, 0xff, 0xff, 0xff, 0xa9, 0x00, 0x00, 0x00, 0x00, 0x00,
  0x00, 0x00, 0x00, 0x00, 0x32, 0xff, 0xff, 0xff, 0xff, 0xff, 0x62, 0x00, 0x00, 0x00, 0x00, 0xb4,
  0xff, 0xff, 0xff, 0xff, 0xe6, 0x00, 0x00, 0x00, 0x00, 0x00, 0x00, 0x00, 0x00, 0x00, 0x6f, 0xff,
  0xff, 0xff, 0xff, 0xff, 0x27, 0x00, 0x00, 0x00, 0x00, 0x7a, 0xff, 0xff, 0xff, 0xff, 0xff, 0x23,
  0x00, 0x00, 0x00, 0x00, 0x00, 0x00, 0x00, 0x00, 0xac, 0xff, 0xff, 0xff, 0xff, 0xeb, 0x00, 0x00,
  0x00, 0x00, 0x00, 0x40, 0xff, 0xff, 0xff, 0xff, 0xff, 0x60, 0x00, 0x00, 0x00, 0x00, 0x00, 0x00,
  0x00, 0x00, 0xe8, 0xff, 0xff, 0xff, 0xff, 0xb2, 0x00, 0x00, 0x00, 0x00, 0x00, 0x0a, 0xfb, 0xff,
  0xff, 0xff, 0xff, 0x9d, 0x00, 0x00, 0x00, 0x00, 0x00, 0x00, 0x00, 0x26, 0xff, 0xff, 0xff, 0xff,
  0xff, 0x77, 0x00, 0x00, 0x00, 0x00, 0x00, 0x00, 0xcc, 0xff, 0xff, 0xff, 0xff, 0xda, 0x00, 0x00,
  0x00, 0x00, 0x00, 0x00, 0x00, 0x63, 0xff, 0xff, 0xff, 0xff, 0xff, 0x3c, 0x00, 0x00, 0x00, 0x00,
  0x00, 0x00, 0x92, 0xff, 0xff, 0xff, 0xff, 0xff, 0x17, 0x00, 0x00, 0x00, 0x00, 0x00, 0x00, 0xa0,
  0xff, 0xff, 0xff, 0xff, 0xff, 0x9f, 0x97, 0x97, 0x97, 0x97, 0x97, 0x97, 0xc2, 0xff, 0xff, 0xff,
  0xff, 0xff, 0x54, 0x00, 0x00, 0x00, 0x00, 0x00, 0x00, 0xdd, 0xff, 0xff, 0xff, 0xff, 0xff, 0xff,
  0xff, 0xff, 0xff, 0xff, 0xff, 0xff, 0xff, 0xff, 0xff, 0xff, 0xff, 0xff, 0x91, 0x00, 0x00, 0x00,
  0x00, 0x00, 0x1a, 0xff, 0xff, 0xff, 0xff, 0xff, 0xff, 0xff, 0xff, 0xff, 0xff, 0xff, 0xff, 0xff,
  0xff, 0xff, 0xff, 0xff, 0xff, 0xff, 0xce, 0x00, 0x00, 0x00, 0x00, 0x00, 0x57, 0xff, 0xff, 0xff,
  0xff, 0xff, 0xff, 0xff, 0xff, 0xff, 0xff, 0xff, 0xff, 0xff, 0xff, 0xff, 0xff, 0xff, 0xff, 0xff,
  0xfd, 0x0e, 0x00, 0x00, 0x00, 0x00, 0x94, 0xff, 0xff, 0xff, 0xff, 0xff, 0xff, 0xff, 0xff, 0xff,
  0xff, 0xff, 0xff, 0xff, 0xff, 0xff, 0xff, 0xff, 0xff, 0xff, 0xff, 0x48, 0x00, 0x00, 0x00, 0x00,
  0xd1, 0xff, 0xff, 0xff, 0xff, 0xf2, 0xb3, 0xb3, 0xb3, 0xb3, 0xb3, 0xb3, 0xb3, 0xb3, 0xb3, 0xbc,
  0xff, 0xff, 0xff, 0xff, 0xff, 0x86, 0x00, 0x00, 0x00, 0x10, 0xfd, 0xff, 0xff, 0xff, 0xff, 0xac,
  0x00, 0x00, 0x00, 0x00, 0x00, 0x00, 0x00, 0x00, 0x00, 0x03, 0xf4, 0xff, 0xff, 0xff, 0xff, 0xc3,
  0x00, 0x00, 0x00, 0x4b, 0xff, 0xff, 0xff, 0xff, 0xff, 0x72, 0x00, 0x00, 0x00, 0x00, 0x00, 0x00,
  0x00, 0x00, 0x00, 0x00, 0xbd, 0xff, 0xff, 0xff, 0xff, 0xf8, 0x07, 0x00, 0x00, 0x89, 0xff, 0xff,
  0xff, 0xff, 0xff, 0x38, 0x00, 0x00, 0x00, 0x00, 0x00, 0x00, 0x00, 0x00, 0x00, 0x00, 0x83, 0xff,
  0xff, 0xff, 0xff, 0xff, 0x3d, 0x00, 0x00, 0xc6, 0xff, 0xff, 0xff, 0xff, 0xf7, 0x06, 0x00, 0x00,
  0x00, 0x00, 0x00, 0x00, 0x00, 0x00, 0x00, 0x00, 0x49, 0xff, 0xff, 0xff, 0xff, 0xff, 0x7a, 0x00,
  0x09, 0xf9, 0xff, 0xff, 0xff, 0xff, 0xc4, 0x00, 0x00, 0x00, 0x00, 0x00, 0x00, 0x00, 0x00, 0x00,
  0x00, 0x00, 0x11, 0xfe, 0xff, 0xff, 0xff, 0xff, 0xb7, 0x00, 0x40, 0xff, 0xff, 0xff, 0xff, 0xff,
  0x8a, 0x00, 0x00, 0x00, 0x00, 0x00, 0x00, 0x00, 0x00, 0x00, 0x00, 0x00, 0x00, 0xd5, 0xff, 0xff,
  0xff, 0xff, 0xf1, 0x02, 0x00, 0x00, 0x00, 0x00, 0x00, 0x00, 0x00, 0x00, 0x00, 0x00, 0x02, 0x47,
  0x76, 0x6e, 0x2d, 0x00, 0x00, 0x00, 0x00, 0x00, 0x00, 0x00, 0x00, 0x00, 0x00, 0x00, 0x00, 0x00,
  0x00, 0x00, 0x00, 0x00, 0x00, 0x00, 0x00, 0x21, 0xd0, 0xff, 0xff, 0xff, 0xff, 0x9f, 0x06, 0x00,
  0x00, 0x00, 0x00, 0x00, 0x00, 0x00, 0x00, 0x00, 0x00, 0x00, 0x00, 0x00, 0x00, 0x00, 0x00, 0x00,
  0x09, 0xd9, 0xff, 0xff, 0xff, 0xff, 0xff, 0xff, 0x97, 0x00, 0x00, 0x00, 0x00, 0x00, 0x00, 0x00,
  0x00, 0x00, 0x00, 0x00, 0x00, 0x00, 0x00, 0x00, 0x00, 0x00, 0x67, 0xff, 0xff, 0xff, 0xde, 0xee,
  0xff, 0xff, 0xfd, 0x1e, 0x00, 0x00, 0x00, 0x00, 0x00, 0x00, 0x00, 0x00, 0x00, 0x00, 0x00, 0x00,
  0x00, 0x00, 0x00, 0x00, 0xa2, 0xff, 0xff, 0xc2, 0x02, 0x17, 0xf8, 0xff, 0xff, 0x56, 0x00, 0x00,
  0x00, 0x00, 0x00, 0x00, 0x00, 0x00, 0x00, 0x00, 0x00, 0x00, 0x00, 0x00, 0x00, 0x00, 0xa4, 0xff,
  0xff, 0xba, 0x00, 0x0f, 0xf6, 0xff, 0xff, 0x58, 0x00, 0x00, 0x00, 0x00, 0x00, 0x00, 0x00, 0x00,
  0x00, 0x00, 0x00, 0x00, 0x00, 0x00, 0x00, 0x00, 0x6f, 0xff, 0xff, 0xff, 0xcb, 0xe1, 0xff, 0xff,
  0xff, 0x23, 0x00, 0x00, 0x00, 0x00, 0x00, 0x00, 0x00, 0x00, 0x00, 0x00, 0x00, 0x00, 0x00, 0x00,
  0x00, 0x00, 0x0d, 0xe3, 0xff, 0xff, 0xff, 0xff, 0xff, 0xff, 0xa5, 0x00, 0x00, 0x00, 0x00, 0x00,
  0x00, 0x00, 0x00, 0x00, 0x00, 0x00, 0x00, 0x00, 0x00, 0x00, 0x00, 0x00, 0x00, 0x2c, 0xde, 0xff,
  0xff, 0xff, 0xff, 0xb3, 0x0b, 0x00, 0x00, 0x00, 0x00, 0x00, 0x00, 0x00, 0x00, 0x00, 0x00, 0x00,
  0x00, 0x00, 0x00, 0x00, 0x00, 0x00, 0x00, 0x00, 0x08, 0x5c, 0x8a, 0x82, 0x41, 0x00, 0x00, 0x00,
  0x00, 0x00, 0x00, 0x00, 0x00, 0x00, 0x00, 0x00, 0x00, 0x00, 0x00, 0x00, 0x00, 0x00, 0x00, 0x00,
  0x00, 0x00, 0x00, 0x00, 0x00, 0x00, 0x00, 0x00, 0x00, 0x00, 0x00, 0x00, 0x00, 0x00, 0x00, 0x00,
  0x00, 0x00, 0x00, 0x00, 0x00, 0x00, 0x00, 0x00, 0x00, 0x00, 0x00, 0x00, 0x00, 0x00, 0x00, 0x00,
  0x00, 0x00, 0x00, 0x00, 0x00, 0x00, 0x00, 0x00, 0x00, 0x00, 0x00, 0x00, 0x00, 0x00, 0x00, 0x00,
  0x00, 0x00, 0x00, 0x29, 0x66, 0x66, 0x66, 0x66, 0x66, 0x66, 0x66, 0x66, 0x66, 0x66, 0x0b, 0x00,
  0x00, 0x00, 0x00, 0x00, 0x00, 0x00, 0x00, 0x00, 0x00, 0x00, 0x00, 0x00, 0x00, 0x92, 0xff, 0xff,
  0xff, 0xff, 0xff, 0xff, 0xff, 0xff, 0xff, 0xff, 0x46, 0x00, 0x00, 0x00, 0x00, 0x00, 0x00, 0x00,
  0x00, 0x00, 0x00, 0x00, 0x00, 0x00, 0x00, 0xcf, 0xff, 0xff, 0xff, 0xff, 0xff, 0xff, 0xff, 0xff,
  0xff, 0xff, 0x83, 0x00, 0x00, 0x00, 0x00, 0x00, 0x00, 0x00, 0x00, 0x00, 0x00, 0x00, 0x00, 0x00,
  0x0f, 0xfd, 0xff, 0xff, 0xff, 0xff, 0x9f, 0xcf, 0xff, 0xff, 0xff, 0xff, 0xc0, 0x00, 0x00, 0x00,
  0x00, 0x00, 0x00, 0x00, 0x00, 0x00, 0x00, 0x00, 0x00, 0x00, 0x49, 0xff, 0xff, 0xff, 0xff, 0xff,
  0x37, 0x83, 0xff, 0xff, 0xff, 0xff, 0xf7, 0x06, 0x00, 0x00, 0x00, 0x00, 0x00, 0x00, 0x00, 0x00,
  0x00, 0x00, 0x00, 0x00, 0x86, 0xff, 0xff, 0xff, 0xff, 0xf6, 0x05, 0x49, 0xff, 0xff, 0xff, 0xff,
  0xff, 0x3a, 0x00, 0x00, 0x00, 0x00, 0x00, 0x00, 0x00, 0x00, 0x00, 0x00, 0x00, 0x00, 0xc3, 0xff,
  0xff, 0xff, 0xff, 0xc1, 0x00, 0x11, 0xfe, 0xff, 0xff, 0xff, 0xff, 0x77, 0x00, 0x00, 0x00, 0x00,
  0x00, 0x00, 0x00, 0x00, 0x00, 0x00, 0x00, 0x07, 0xf8, 0xff, 0xff, 0xff, 0xff, 0x87, 0x00, 0x00,
  0xd5, 0xff, 0xff, 0xff, 0xff, 0xb5, 0x00, 0x00, 0x00, 0x00, 0x00, 0x00, 0x00, 0x00, 0x00, 0x00,
  0x00, 0x3d, 0xff, 0xff, 0xff, 0xff, 0xff, 0x4c, 0x00, 0x00, 0x9b, 0xff, 0xff, 0xff, 0xff, 0xef,
  0x02, 0x00, 0x00, 0x00, 0x00, 0x00, 0x00, 0x00, 0x00, 0x00, 0x00, 0x7a, 0xff, 0xff, 0xff, 0xff,
  0xfe, 0x13, 0x00, 0x00, 0x61, 0xff, 0xff, 0xff, 0xff, 0xff, 0x2f, 0x00, 0x00, 0x00, 0x00, 0x00,
  0x00, 0x00, 0x00, 0x00, 0x00, 0xb8, 0xff, 0xff, 0xff, 0xff, 0xd7, 0x00, 0x00, 0x00, 0x27, 0xff,
  0xff, 0xff, 0xff, 0xff, 0x6c, 0x00, 0x00, 0x00, 0x00, 0x00, 0x00, 0x00, 0x00, 0x00, 0x03, 0xf1,
  0xff, 0xff, 0xff, 0xff, 0x9c, 0x00, 0x00, 0x00, 0x01, 0xed, 0xff, 0xff, 0xff, 0xff, 0xa9, 0x00,
  0x00, 0x00, 0x00, 0x00, 0x00, 0x00, 0x00, 0x00, 0x32, 0xff, 0xff, 0xff, 0xff, 0xff, 0x62, 0x00,
  0x00, 0x00, 0x00, 0xb4, 0xff, 0xff, 0xff, 0xff, 0xe6, 0x00, 0x00, 0x00, 0x00, 0x00, 0x00, 0x00,
  0x00, 0x00, 0x6f, 0xff, 0xff, 0xff, 0xff, 0xff, 0x27, 0x00, 0x00, 0x00, 0x00, 0x7a, 0xff, 0xff,
  0xff, 0xff, 0xff, 0x23, 0x00, 0x00, 0x00, 0x00, 0x00, 0x00, 0x00, 0x00, 0xac, 0xff, 0xff, 0xff,
  0xff, 0xeb, 0x00, 0x00, 0x00, 0x00, 0x00, 0x40, 0xff, 0xff, 0xff, 0xff, 0xff, 0x60, 0x00, 0x00,
  0x00, 0x00, 0x00, 0x00, 0x00, 0x00, 0xe8, 0xff, 0xff, 0xff, 0xff, 0xb2, 0x00, 0x00, 0x00, 0x00,
  0x00, 0x0a, 0xfb, 0xff, 0xff, 0xff, 0xff, 0x9d, 0x00, 0x00, 0x00, 0x00, 0x00, 0x00, 0x00, 0x26,
  0xff, 0xff, 0xff, 0xff, 0xff, 0x77, 0x00, 0x00, 0x00, 0x00, 0x00, 0x00, 0xcc, 0xff, 0xff, 0xff,
  0xff, 0xda, 0x00, 0x00, 0x00, 0x00, 0x00, 0x00, 0x00, 0x63, 0xff, 0xff, 0xff, 0xff, 0xff, 0x3c,
  0x00, 0x00, 0x00, 0x00, 0x00, 0x00, 0x92, 0xff, 0xff, 0xff, 0xff, 0xff, 0x17, 0x00, 0x00, 0x00,
  0x00, 0x00, 0x00, 0xa0, 0xff, 0xff, 0xff, 0xff, 0xff, 0x9f, 0x97, 0x97, 0x97, 0x97, 0x97, 0x97,
  0xc2, 0xff, 0xff, 0xff, 0xff, 0xff, 0x54, 0x00, 0x00, 0x00, 0x00, 0x00, 0x00, 0xdd, 0xff, 0xff,
  0xff, 0xff, 0xff, 0xff, 0xff, 0xff, 0xff, 0xff, 0xff, 0xff, 0xff, 0xff, 0xff, 0xff, 0xff, 0xff,
  0x91, 0x00, 0x00, 0x00, 0x00, 0x00, 0x1a, 0xff, 0xff, 0xff, 0xff, 0xff, 0xff, 0xff, 0xff, 0xff,
  0xff, 0xff, 0xff, 0xff, 0xff, 0xff, 0xff, 0xff, 0xff, 0xff, 0xce, 0x00, 0x00, 0x00, 0x00, 0x00,
  0x57, 0xff, 0xff, 0xff, 0xff, 0xff, 0xff, 0xff, 0xff, 0xff, 0xff, 0xff, 0xff, 0xff, 0xff, 0xff,
  0xff, 0xff, 0xff, 0xff, 0xfd, 0x0e, 0x00, 0x00, 0x00, 0x00, 0x94, 0xff, 0xff, 0xff, 0xff, 0xff,
  0xff, 0xff, 0xff, 0xff, 0xff, 0xff, 0xff, 0xff, 0xff, 0xff, 0xff, 0xff, 0xff, 0xff, 0xff, 0x48,
  0x00, 0x00, 0x00, 0x00, 0xd1, 0xff, 0xff, 0xff, 0xff, 0xf2, 0xb3, 0xb3, 0xb3, 0xb3, 0xb3, 0xb3,
  0xb3, 0xb3, 0xb3, 0xbc, 0xff, 0xff, 0xff, 0xff, 0xff, 0x86, 0x00, 0x00, 0x00, 0x10, 0xfd, 0xff,
  0xff, 0xff, 0xff, 0xac, 0x00, 0x00, 0x00, 0x00, 0x00, 0x00, 0x00, 0x00, 0x00, 0x03, 0xf4, 0xff,
  0xff, 0xff, 0xff, 0xc3, 0x00, 0x00, 0x00, 0x4b, 0xff, 0xff, 0xff, 0xff, 0xff, 0x72, 0x00, 0x00,
  0x00, 0x00, 0x00, 0x00, 0x00, 0x00, 0x00, 0x00, 0xbd, 0xff, 0xff, 0xff, 0xff, 0xf8, 0x07, 0x00,
  0x00, 0x89, 0xff, 0xff, 0xff, 0xff, 0xff, 0x38, 0x00, 0x00, 0x00, 0x00, 0x00, 0x00, 0x00, 0x00,
  0x00, 0x00, 0x83, 0xff, 0xff, 0xff, 0xff, 0xff, 0x3d, 0x00, 0x00, 0xc6, 0xff, 0xff, 0xff, 0xff,
  0xf7, 0x06, 0x00, 0x00, 0x00, 0x00, 0x00, 0x00, 0x00, 0x00, 0x00, 0x00, 0x49, 0xff, 0xff, 0xff,
  0xff, 0xff, 0x7a, 0x00, 0x09, 0xf9, 0xff, 0xff, 0xff, 0xff, 0xc4, 0x00, 0x00, 0x00, 0x00, 0x00,
  0x00, 0x00, 0x00, 0x00, 0x00, 0x00, 0x11, 0xfe, 0xff, 0xff, 0xff, 0xff, 0xb7, 0x00, 0x40, 0xff,
  0xff, 0xff, 0xff, 0xff, 0x8a, 0x00, 0x00, 0x00, 0x00, 0x00, 0x00, 0x00, 0x00, 0x00, 0x00, 0x00,
  0x00, 0xd5, 0xff, 0xff, 0xff, 0xff, 0xf1, 0x02, 0x00, 0x00, 0x00, 0x00, 0x00, 0x00, 0x03, 0x66,
  0x66, 0x66, 0x66, 0x66, 0x66, 0x66, 0x66, 0x66, 0x66, 0x66, 0x66, 0x66, 0x66, 0x66, 0x66, 0x66,
  0x4f, 0x00, 0x00, 0x00, 0x00, 0x00, 0x00, 0x00, 0x33, 0xff, 0xff, 0xff, 0xff, 0xff, 0xff, 0xff,
  0xff, 0xff, 0xff, 0xff, 0xff, 0xff, 0xff, 0xff, 0xff, 0xff, 0xc7, 0x00, 0x00, 0x00, 0x00, 0x00,
  0x00, 0x00, 0x70, 0xff, 0xff, 0xff, 0xff, 0xff, 0xff, 0xff, 0xff, 0xff, 0xff, 0xff, 0xff, 0xff,
  0xff, 0xff, 0xff, 0xff, 0xc7, 0x00, 0x00, 0x00, 0x00, 0x00, 0x00, 0x00, 0xad, 0xff, 0xff, 0xff,
  0xff, 0xff, 0xff, 0xff, 0xff, 0xff, 0xff, 0xff, 0xff, 0xff, 0xff, 0xff, 0xff, 0xff, 0xc7, 0x00,
  0x00, 0x00, 0x00, 0x00, 0x00, 0x00, 0xea, 0xff, 0xff, 0xff, 0xff, 0xff, 0xff, 0xff, 0xff, 0xff,
  0xff, 0xff, 0xff, 0xff, 0xff, 0xff, 0xff, 0xff, 0xc7, 0x00, 0x00, 0x00, 0x00, 0x00, 0x00, 0x28,
  0xff, 0xff, 0xff, 0xff, 0xff, 0xeb, 0xff, 0xff, 0xff, 0xff, 0xff, 0xf3, 0xe4, 0xe4, 0xe4, 0xe4,
  0xe4, 0xe4, 0xb2, 0x00, 0x00, 0x00, 0x00, 0x00, 0x00, 0x65, 0xff, 0xff, 0xff, 0xff, 0xff, 0x1d,
  0xfc, 0xff, 0xff, 0xff, 0xff, 0x8e, 0x00, 0x00, 0x00, 0x00, 0x00, 0x00, 0x00, 0x00, 0x00, 0x00,
  0x00, 0x00, 0x00, 0xa2, 0xff, 0xff, 0xff, 0xff, 0xe3, 0x00, 0xfc, 0xff, 0xff, 0xff, 0xff, 0x8e,
  0x00, 0x00, 0x00, 0x00, 0x00, 0x00, 0x00, 0x00, 0x00, 0x00, 0x00, 0x00, 0x00, 0xdf, 0xff, 0xff,
  0xff, 0xff, 0xa8, 0x00, 0xfc, 0xff, 0xff, 0xff, 0xff, 0x8e, 0x00, 0x00, 0x00, 0x00, 0x00, 0x00,
  0x00, 0x00, 0x00, 0x00, 0x00, 0x00, 0x1c, 0xff, 0xff, 0xff, 0xff, 0xff, 0x6e, 0x00, 0xfc, 0xff,
  0xff, 0xff, 0xff, 0x8e, 0x00, 0x00, 0x00, 0x00, 0x00, 0x00, 0x00, 0x00, 0x00, 0x00, 0x00, 0x00,
  0x59, 0xff, 0xff, 0xff, 0xff, 0xff, 0x34, 0x00, 0xfc, 0xff, 0xff, 0xff, 0xff, 0x8e, 0x00, 0x00,
  0x00, 0x00, 0x00, 0x00, 0x00, 0x00, 0x00, 0x00, 0x00, 0x00, 0x96, 0xff, 0xff, 0xff, 0xff, 0xf5,
  0x04, 0x00, 0xfc, 0xff, 0xff, 0xff, 0xff, 0x8e, 0x00, 0x00, 0x00, 0x00, 0x00, 0x00, 0x00, 0x00,
  0x00, 0x00, 0x00, 0x00, 0xd3, 0xff, 0xff, 0xff, 0xff, 0xbf, 0x00, 0x00, 0xfd, 0xff, 0xff, 0xff,
  0xff, 0xba, 0x63, 0x63, 0x63, 0x63, 0x63, 0x63, 0x34, 0x00, 0x00, 0x00, 0x00, 0x12, 0xfe, 0xff,
  0xff, 0xff, 0xff, 0x84, 0x00, 0x00, 0xfc, 0xff, 0xff, 0xff, 0xff, 0xff, 0xff, 0xff, 0xff, 0xff,
  0xff, 0xff, 0x87, 0x00, 0x00, 0x00, 0x00, 0x4d, 0xff, 0xff, 0xff, 0xff, 0xff, 0x4a, 0x00, 0x00,
  0xfc, 0xff, 0xff, 0xff, 0xff, 0xff, 0xff, 0xff, 0xff, 0xff, 0xff, 0xff, 0x87, 0x00, 0x00, 0x00,
  0x00, 0x8a, 0xff, 0xff, 0xff, 0xff, 0xfe, 0x11, 0x00, 0x00, 0xfc, 0xff, 0xff, 0xff, 0xff, 0xff,
  0xff, 0xff, 0xff, 0xff, 0xff, 0xff, 0x87, 0x00, 0x00, 0x00, 0x00, 0xc7, 0xff, 0xff, 0xff, 0xff,
  0xd5, 0x00, 0x00, 0x00, 0xfc, 0xff, 0xff, 0xff, 0xff, 0xff, 0xff, 0xff, 0xff, 0xff, 0xff, 0xff,
  0x87, 0x00, 0x00, 0x00, 0x0a, 0xfa, 0xff, 0xff, 0xff, 0xff, 0x9b, 0x00, 0x00, 0x00, 0xfd, 0xff,
  0xff, 0xff, 0xff, 0xf5, 0xe7, 0xe7, 0xe7, 0xe7, 0xe7, 0xe7, 0x7a, 0x00, 0x00, 0x00, 0x41, 0xff,
  0xff, 0xff, 0xff, 0xff, 0xc6, 0x97, 0x97, 0x97, 0xfe, 0xff, 0xff, 0xff, 0xff, 0x8e, 0x00, 0x00,
  0x00, 0x00, 0x00, 0x00, 0x00, 0x00, 0x00, 0x00, 0x7e, 0xff, 0xff, 0xff, 0xff, 0xff, 0xff, 0xff,
  0xff, 0xff, 0xff, 0xff, 0xff, 0xff, 0xff, 0x8e, 0x00, 0x00, 0x00, 0x00, 0x00, 0x00, 0x00, 0x00,
  0x00, 0x00, 0xbb, 0xff, 0xff, 0xff, 0xff, 0xff, 0xff, 0xff, 0xff, 0xff, 0xff, 0xff, 0xff, 0xff,
  0xff, 0x8e, 0x00, 0x00, 0x00, 0x00, 0x00, 0x00, 0x00, 0x00, 0x00, 0x04, 0xf4, 0xff, 0xff, 0xff,
  0xff, 0xff, 0xff, 0xff, 0xff, 0xff, 0xff, 0xff, 0xff, 0xff, 0xff, 0x8e, 0x00, 0x00, 0x00, 0x00,
  0x00, 0x00, 0x00, 0x00, 0x00, 0x36, 0xff, 0xff, 0xff, 0xff, 0xff, 0xff, 0xff, 0xff, 0xff, 0xff,
  0xff, 0xff, 0xff, 0xff, 0xff, 0x8e, 0x00, 0x00, 0x00, 0x00, 0x00, 0x00, 0x00, 0x00, 0x00, 0x73,
  0xff, 0xff, 0xff, 0xff, 0xff, 0xc1, 0xb3, 0xb3, 0xb3, 0xb3, 0xff, 0xff, 0xff, 0xff, 0xff, 0x8e,
  0x00, 0x00, 0x00, 0x00, 0x00, 0x00, 0x00, 0x00, 0x00, 0xb0, 0xff, 0xff, 0xff, 0xff, 0xfd, 0x0d,
  0x00, 0x00, 0x00, 0x00, 0xfd, 0xff, 0xff, 0xff, 0xff, 0xaf, 0x4a, 0x4a, 0x4a, 0x4a, 0x4a, 0x4a,
  0x4a, 0x02, 0x01, 0xec, 0xff, 0xff, 0xff, 0xff, 0xd0, 0x00, 0x00, 0x00, 0x00, 0x00, 0xfc, 0xff,
  0xff, 0xff, 0xff, 0xff, 0xff, 0xff, 0xff, 0xff, 0xff, 0xff, 0xff, 0x08, 0x2a, 0xff, 0xff, 0xff,
  0xff, 0xff, 0x96, 0x00, 0x00, 0x00, 0x00, 0x00, 0xfc, 0xff, 0xff, 0xff, 0xff, 0xff, 0xff, 0xff,
  0xff, 0xff, 0xff, 0xff, 0xff, 0x08, 0x67, 0xff, 0xff, 0xff, 0xff, 0xff, 0x5c, 0x00, 0x00, 0x00,
  0x00, 0x00, 0xfc, 0xff, 0xff, 0xff, 0xff, 0xff, 0xff, 0xff, 0xff, 0xff, 0xff, 0xff, 0xff, 0x08,
  0xa4, 0xff, 0xff, 0xff, 0xff, 0xff, 0x22, 0x00, 0x00, 0x00, 0x00, 0x00, 0xfc, 0xff, 0xff, 0xff,
  0xff, 0xff, 0xff, 0xff, 0xff, 0xff, 0xff, 0xff, 0xff, 0x08, 0xe1, 0xff, 0xff, 0xff, 0xff, 0xe8,
  0x00, 0x00, 0x00, 0x00, 0x00, 0x00, 0xfc, 0xff, 0xff, 0xff, 0xff, 0xff, 0xff, 0xff, 0xff, 0xff,
  0xff, 0xff, 0xff, 0x08, 0x00, 0x00, 0x00, 0x00, 0x00, 0x00, 0x32, 0x7f, 0xc1, 0xde, 0xf3, 0xf2,
  0xdf, 0xc3, 0x86, 0x3e, 0x00, 0x00, 0x00, 0x00, 0x00, 0x00, 0x00, 0x00, 0x00, 0x00, 0x2a, 0xb4,
  0xff, 0xff, 0xff, 0xff, 0xff, 0xff, 0xff, 0xff, 0xff, 0xff, 0xc8, 0x3e, 0x00, 0x00, 0x00, 0x00,
  0x00, 0x00, 0x00, 0x4c, 0xf4, 0xff, 0xff, 0xff, 0xff, 0xff, 0xff, 0xff, 0xff, 0xff, 0xff, 0xff,
  0xff, 0xfb, 0x6a, 0x00, 0x00, 0x00, 0x00, 0x00, 0x48, 0xfc, 0xff, 0xff, 0xff, 0xff, 0xff, 0xff,
  0xff, 0xff, 0xff, 0xff, 0xff, 0xff, 0xff, 0xff, 0xff, 0x59, 0x00, 0x00, 0x00, 0x19, 0xea, 0xff,
  0xff, 0xff, 0xff, 0xff, 0xff, 0xff, 0xff, 0xff, 0xff, 0xff, 0xff, 0xff, 0xff, 0xff, 0xff, 0xf3,
  0x1f, 0x00, 0x00, 0x96, 0xff, 0xff, 0xff, 0xff, 0xff, 0xfd, 0x9a, 0x3b, 0x14, 0x15, 0x3b, 0x98,
  0xfd, 0xff, 0xff, 0xff, 0xff, 0xff, 0x93, 0x00, 0x13, 0xf5, 0xff, 0xff, 0xff, 0xff, 0xfd, 0x5c,
  0x00, 0x00, 0x00, 0x00, 0x00, 0x00, 0x60, 0xfe, 0xff, 0xff, 0xff, 0xff, 0xf5, 0x0a, 0x5e, 0xff,
  0xff, 0xff, 0xff, 0xff, 0x95, 0x00, 0x00, 0x00, 0x00, 0x00, 0x00, 0x00, 0x00, 0xa9, 0xff, 0xff,
  0xff, 0xff, 0xff, 0x43, 0x9a, 0xff, 0xff, 0xff, 0xff, 0xfe, 0x1b, 0x00, 0x00, 0x00, 0x00, 0x00,
  0x00, 0x00, 0x00, 0x3d, 0xff, 0xff, 0xff, 0xff, 0xff, 0x7c, 0xcd, 0xff, 0xff, 0xff, 0xff, 0xd0,
  0x00, 0x00, 0x00, 0x00, 0x00, 0x00, 0x00, 0x00, 0x00, 0x06, 0xfa, 0xff, 0xff, 0xff, 0xff, 0x95,
  0xe1, 0xff, 0xff, 0xff, 0xff, 0xa6, 0x00, 0x00, 0x00, 0x00, 0x00, 0x00, 0x00, 0x00, 0x00, 0x00,
  0xe4, 0xff, 0xff, 0xff, 0xff, 0xa8, 0xf2, 0xff, 0xff, 0xff, 0xff, 0x93, 0x00, 0x00, 0x00, 0x00,
  0x00, 0x00, 0x00, 0x00, 0x00, 0x00, 0x96, 0xb0, 0xb0, 0xb0, 0xb0, 0x79, 0xfb, 0xff, 0xff, 0xff,
  0xff, 0x8f, 0x00, 0x00, 0x00, 0x00, 0x00, 0x00, 0x00, 0x00, 0x00, 0x00, 0x00, 0x00, 0x00, 0x00,
  0x00, 0x00, 0xfb, 0xff, 0xff, 0xff, 0xff, 0x8f, 0x00, 0x00, 0x00, 0x00, 0x00, 0x00, 0x00, 0x00,
  0x00, 0x00, 0x00, 0x00, 0x00, 0x00, 0x00, 0x00, 0xfb, 0xff, 0xff, 0xff, 0xff, 0x8f, 0x00, 0x00,
  0x00, 0x00, 0x00, 0x00, 0x00, 0x00, 0x00, 0x00, 0x00, 0x00, 0x00, 0x00, 0x00, 0x00, 0xfb, 0xff,
  0xff, 0xff, 0xff, 0x8f, 0x00, 0x00, 0x00, 0x00, 0x00, 0x00, 0x00, 0x00, 0x00, 0x00, 0x00, 0x00,
  0x00, 0x00, 0x00, 0x00, 0xfb, 0xff, 0xff, 0xff, 0xff, 0x8f, 0x00, 0x00, 0x00, 0x00, 0x00, 0x00,
  0x00, 0x00, 0x00, 0x00, 0x00, 0x00, 0x00, 0x00, 0x00, 0x00, 0xfb, 0xff, 0xff, 0xff, 0xff, 0x8f,
  0x00, 0x00, 0x00, 0x00, 0x00, 0x00, 0x00, 0x00, 0x00, 0x00, 0x00, 0x00, 0x00, 0x00, 0x00, 0x00,
  0xfa, 0xff, 0xff, 0xff, 0xff, 0x8f, 0x00, 0x00, 0x00, 0x00, 0x00, 0x00, 0x00, 0x00, 0x00, 0x00,
  0x13, 0x16, 0x16, 0x16, 0x16, 0x0f, 0xed, 0xff, 0xff, 0xff, 0xff, 0x96, 0x00, 0x00, 0x00, 0x00,
  0x00, 0x00, 0x00, 0x00, 0x00, 0x00, 0xdc, 0xff, 0xff, 0xff, 0xff, 0xaf, 0xdd, 0xff, 0xff, 0xff,
  0xff, 0xab, 0x00, 0x00, 0x00, 0x00, 0x00, 0x00, 0x00, 0x00, 0x00, 0x00, 0xe9, 0xff, 0xff, 0xff,
  0xff, 0xa2, 0xbf, 0xff, 0xff, 0xff, 0xff, 0xdb, 0x00, 0x00, 0x00, 0x00, 0x00, 0x00, 0x00, 0x00,
  0x00, 0x0b, 0xfd, 0xff, 0xff, 0xff, 0xff, 0x91, 0x8a, 0xff, 0xff, 0xff, 0xff, 0xff, 0x2e, 0x00,
  0x00, 0x00, 0x00, 0x00, 0x00, 0x00, 0x00, 0x47, 0xff, 0xff, 0xff, 0xff, 0xff, 0x6b, 0x4b, 0xff,
  0xff, 0xff, 0xff, 0xff, 0xaf, 0x00, 0x00, 0x00, 0x00, 0x00, 0x00, 0x00, 0x01, 0xbc, 0xff, 0xff,
  0xff, 0xff, 0xff, 0x33, 0x03, 0xe4, 0xff, 0xff, 0xff, 0xff, 0xff, 0x8c, 0x06, 0x00, 0x00, 0x00,
  0x00, 0x06, 0x97, 0xff, 0xff, 0xff, 0xff, 0xff, 0xdf, 0x02, 0x00, 0x74, 0xff, 0xff, 0xff, 0xff,
  0xff, 0xff, 0xe5, 0x9b, 0x7d, 0x7b, 0x9b, 0xe4, 0xff, 0xff, 0xff, 0xff, 0xff, 0xff, 0x75, 0x00,
  0x00, 0x03, 0xcb, 0xff, 0xff, 0xff, 0xff, 0xff, 0xff, 0xff, 0xff, 0xff, 0xff, 0xff, 0xff, 0xff,
  0xff, 0xff, 0xff, 0xd4, 0x07, 0x00, 0x00, 0x00, 0x1d, 0xdd, 0xff, 0xff, 0xff, 0xff, 0xff, 0xff,
  0xff, 0xff, 0xff, 0xff, 0xff, 0xff, 0xff, 0xff, 0xeb, 0x2c, 0x00, 0x00, 0x00, 0x00, 0x00, 0x1c,
  0xc1, 0xff, 0xff, 0xff, 0xff, 0xff, 0xff, 0xff, 0xff, 0xff, 0xff, 0xff, 0xff, 0xd7, 0x28, 0x00,
  0x00, 0x00, 0x00, 0x00, 0x00, 0x00, 0x01, 0x61, 0xcd, 0xff, 0xff, 0xff, 0xff, 0xff, 0xff, 0xff,
  0xff, 0xd6, 0x70, 0x05, 0x00, 0x00, 0x00, 0x00, 0x00, 0x00, 0x00, 0x00, 0x00, 0x00, 0x00, 0x24,
  0x57, 0xd8, 0xff, 0xff, 0x9c, 0x5a, 0x2a, 0x00, 0x00, 0x00, 0x00, 0x00, 0x00, 0x00, 0x00, 0x00,
  0x00, 0x00, 0x00, 0x00, 0x00, 0x00, 0x00, 0xdf, 0xff, 0xff, 0x4c, 0xd4, 0xf8, 0xd6, 0x5b, 0x00,
  0x00, 0x00, 0x00, 0x00, 0x00, 0x00, 0x00, 0x00, 0x00, 0x00, 0x00, 0x00, 0x15, 0xff, 0xff, 0xff,
  0xff, 0xff, 0xff, 0xff, 0xff, 0x48, 0x00, 0x00, 0x00, 0x00, 0x00, 0x00, 0x00, 0x00, 0x00, 0x00,
  0x00, 0x00, 0x4b, 0xff, 0xff, 0xff, 0xff, 0xd7, 0xff, 0xff, 0xff, 0xba, 0x00, 0x00, 0x00, 0x00,
  0x00, 0x00, 0x00, 0x00, 0x00, 0x00, 0x00, 0x00, 0x23, 0x5e, 0x5e, 0x5e, 0x4d, 0x00, 0xb1, 0xff,
  0xff, 0xe2, 0x00, 0x00, 0x00, 0x00, 0x00, 0x00, 0x00, 0x00, 0x00, 0x00, 0x00, 0x00, 0x00, 0x00,
  0x3b, 0x82, 0x43, 0x50, 0xe8, 0xff, 0xff, 0xd2, 0x00, 0x00, 0x00, 0x00, 0x00, 0x00, 0x00, 0x00,
  0x00, 0x00, 0x00, 0x00, 0x00, 0x00, 0xa4, 0xff, 0xff, 0xff, 0xff, 0xff, 0xff, 0x83, 0x00, 0x00,
  0x00, 0x00, 0x00, 0x00, 0x00, 0x00, 0x00, 0x00, 0x00, 0x00, 0x00, 0x0f, 0xf6, 0xff, 0xff, 0xff,
  0xff, 0xff, 0xc6, 0x0b, 0x00, 0x00, 0x00, 0x00, 0x00, 0x00, 0x00, 0x00, 0x00, 0x00, 0x00, 0x00,
  0x00, 0x06, 0x5b, 0xb4, 0xdc, 0xe2, 0xc3, 0x6f, 0x06, 0x00, 0x00, 0x00, 0x00, 0x00, 0x00, 0x00,
  0x00, 0x00, 0x2a, 0x38, 0x38, 0x38, 0x38, 0x2f, 0x00, 0x00, 0x00, 0x00, 0x00, 0x00, 0x00, 0x00,
  0x00, 0x00, 0x00, 0x00, 0x00, 0x00, 0x5f, 0xff, 0xff, 0xff, 0xff, 0xfc, 0x19, 0x00, 0x00, 0x00,
  0x00, 0x00, 0x00, 0x00, 0x00, 0x00, 0x00, 0x00, 0x00, 0x00, 0x00, 0xc0, 0xff, 0xff, 0xff, 0xff,
  0x77, 0x00, 0x00, 0x00, 0x00, 0x00, 0x00, 0x00, 0x00, 0x00, 0x00, 0x00, 0x00, 0x00, 0x00, 0x29,
  0xf9, 0xff, 0xff, 0xff, 0xd9, 0x00, 0x00, 0x00, 0x00, 0x00, 0x00, 0x00, 0x00, 0x00, 0x00, 0x00,
  0x00, 0x00, 0x00, 0x00, 0x85, 0xff, 0xff, 0xff, 0xff, 0x3b, 0x00, 0x00, 0x00, 0x00, 0x00, 0x00,
  0x00, 0x00, 0x00, 0x00, 0x00, 0x00, 0x00, 0x00, 0x09, 0xdd, 0xff, 0xff, 0xff, 0x9d, 0x00, 0x00,
  0x00, 0x00, 0x00, 0x00, 0x00, 0x00, 0x00, 0x00, 0x00, 0x00, 0x00, 0x00, 0x00, 0x37, 0x7d, 0x7d,
  0x7d, 0x71, 0x00, 0x00, 0x00, 0x00, 0x00, 0x00, 0x00, 0x00, 0x00, 0x00, 0x00, 0x00, 0x00, 0x00,
  0x00, 0x00, 0x00, 0x00, 0x00, 0x00, 0x00, 0x00, 0x00, 0x00, 0x00, 0x00, 0x00, 0x00, 0x00, 0x00,
  0x00, 0x00, 0x00, 0x00, 0x00, 0x00, 0x00, 0x00, 0x00, 0x00, 0x00, 0x00, 0x00, 0x00, 0x00, 0x00,
  0x00, 0x00, 0x38, 0x66, 0x66, 0x66, 0x66, 0x66, 0x66, 0x66, 0x66, 0x66, 0x66, 0x66, 0x66, 0x66,
  0x66, 0x66, 0x66, 0x66, 0x66, 0x00, 0x8e, 0xff, 0xff, 0xff, 0xff, 0xff, 0xff, 0xff, 0xff, 0xff,
  0xff, 0xff, 0xff, 0xff, 0xff, 0xff, 0xff, 0xff, 0xff, 0x02, 0x8e, 0xff, 0xff, 0xff, 0xff, 0xff,
  0xff, 0xff, 0xff, 0xff, 0xff, 0xff, 0xff, 0xff, 0xff, 0xff, 0xff, 0xff, 0xff, 0x02, 0x8e, 0xff,
  0xff, 0xff, 0xff, 0xff, 0xff, 0xff, 0xff, 0xff, 0xff, 0xff, 0xff, 0xff, 0xff, 0xff, 0xff, 0xff,
  0xff, 0x02, 0x8e, 0xff, 0xff, 0xff, 0xff, 0xff, 0xff, 0xff, 0xff, 0xff, 0xff, 0xff, 0xff, 0xff,
  0xff, 0xff, 0xff, 0xff, 0xff, 0x02, 0x8e, 0xff, 0xff, 0xff, 0xff, 0xff, 0xe4, 0xe4, 0xe4, 0xe4,
  0xe4, 0xe4, 0xe4, 0xe4, 0xe4, 0xe4, 0xe4, 0xe4, 0xe4, 0x01, 0x8e, 0xff, 0xff, 0xff, 0xff, 0xfc,
  0x00, 0x00, 0x00, 0x00, 0x00, 0x00, 0x00, 0x00, 0x00, 0x00, 0x00, 0x00, 0x00, 0x00, 0x8e, 0xff,
  0xff, 0xff, 0xff, 0xfc, 0x00, 0x00, 0x00, 0x00, 0x00, 0x00, 0x00, 0x00, 0x00, 0x00, 0x00, 0x00,
  0x00, 0x00, 0x8e, 0xff, 0xff, 0xff, 0xff, 0xfc, 0x00, 0x00, 0x00, 0x00, 0x00, 0x00, 0x00, 0x00,
  0x00, 0x00, 0x00, 0x00, 0x00, 0x00, 0x8e, 0xff, 0xff, 0xff, 0xff, 0xfc, 0x00, 0x00, 0x00, 0x00,
  0x00, 0x00, 0x00, 0x00, 0x00, 0x00, 0x00, 0x00, 0x00, 0x00, 0x8e, 0xff, 0xff, 0xff, 0xff, 0xfc,
  0x00, 0x00, 0x00, 0x00, 0x00, 0x00, 0x00, 0x00, 0x00, 0x00, 0x00, 0x00, 0x00, 0x00, 0x8e, 0xff,
  0xff, 0xff, 0xff, 0xfc, 0x00, 0x00, 0x00, 0x00, 0x00, 0x00, 0x00, 0x00, 0x00, 0x00, 0x00, 0x00,
  0x00, 0x00, 0x8e, 0xff, 0xff, 0xff, 0xff, 0xfe, 0x63, 0x63, 0x63, 0x63, 0x63, 0x63, 0x63, 0x63,
  0x63, 0x63, 0x63, 0x63, 0x32, 0x00, 0x8e, 0xff, 0xff, 0xff, 0xff, 0xff, 0xff, 0xff, 0xff, 0xff,
  0xff, 0xff, 0xff, 0xff, 0xff, 0xff, 0xff, 0xff, 0x81, 0x00, 0x8e, 0xff, 0xff, 0xff, 0xff, 0xff,
  0xff, 0xff, 0xff, 0xff, 0xff, 0xff, 0xff, 0xff, 0xff, 0xff, 0xff, 0xff, 0x81, 0x00, 0x8e, 0xff,
  0xff, 0xff, 0xff, 0xff, 0xff, 0xff, 0xff, 0xff, 0xff, 0xff, 0xff, 0xff, 0xff, 0xff, 0xff, 0xff,
  0x81, 0x00, 0x8e, 0xff, 0xff, 0xff, 0xff, 0xff, 0xff, 0xff, 0xff, 0xff, 0xff, 0xff, 0xff, 0xff,
  0xff, 0xff, 0xff, 0xff, 0x81, 0x00, 0x8e, 0xff, 0xff, 0xff, 0xff, 0xff, 0xe7, 0xe7, 0xe7, 0xe7,
  0xe7, 0xe7, 0xe7, 0xe7, 0xe7, 0xe7, 0xe7, 0xe7, 0x74, 0x00, 0x8e, 0xff, 0xff, 0xff, 0xff, 0xfc,
  0x00, 0x00, 0x00, 0x00, 0x00, 0x00, 0x00, 0x00, 0x00, 0x00, 0x00, 0x00, 0x00, 0x00, 0x8e, 0xff,
  0xff, 0xff, 0xff, 0xfc, 0x00, 0x00, 0x00, 0x00, 0x00, 0x00, 0x00, 0x00, 0x00, 0x00, 0x00, 0x00,
  0x00, 0x00, 0x8e, 0xff, 0xff, 0xff, 0xff, 0xfc, 0x00, 0x00, 0x00, 0x00, 0x00, 0x00, 0x00, 0x00,
  0x00, 0x00, 0x00, 0x00, 0x00, 0x00, 0x8e, 0xff, 0xff, 0xff, 0xff, 0xfc, 0x00, 0x00, 0x00, 0x00,
  0x00, 0x00, 0x00, 0x00, 0x00, 0x00, 0x00, 0x00, 0x00, 0x00, 0x8e, 0xff, 0xff, 0xff, 0xff, 0xfc,
  0x00, 0x00, 0x00, 0x00, 0x00, 0x00, 0x00, 0x00, 0x00, 0x00, 0x00, 0x00, 0x00, 0x00, 0x8e, 0xff,
  0xff, 0xff, 0xff, 0xfc, 0x00, 0x00, 0x00, 0x00, 0x00, 0x00, 0x00, 0x00, 0x00, 0x00, 0x00, 0x00,
  0x00, 0x00, 0x8e, 0xff, 0xff, 0xff, 0xff, 0xfd, 0x4a, 0x4a, 0x4a, 0x4a, 0x4a, 0x4a, 0x4a, 0x4a,
  0x4a, 0x4a, 0x4a, 0x4a, 0x4a, 0x26, 0x8e, 0xff, 0xff, 0xff, 0xff, 0xff, 0xff, 0xff, 0xff, 0xff,
  0xff, 0xff, 0xff, 0xff, 0xff, 0xff, 0xff, 0xff, 0xff, 0x83, 0x8e, 0xff, 0xff, 0xff, 0xff, 0xff,
  0xff, 0xff, 0xff, 0xff, 0xff, 0xff, 0xff, 0xff, 0xff, 0xff, 0xff, 0xff, 0xff, 0x83, 0x8e, 0xff,
  0xff, 0xff, 0xff, 0xff, 0xff, 0xff, 0xff, 0xff, 0xff, 0xff, 0xff, 0xff, 0xff, 0xff, 0xff, 0xff,
  0xff, 0x83, 0x8e, 0xff, 0xff, 0xff, 0xff, 0xff, 0xff, 0xff, 0xff, 0xff, 0xff, 0xff, 0xff, 0xff,
  0xff, 0xff, 0xff, 0xff, 0xff, 0x83, 0x8e, 0xff, 0xff, 0xff, 0xff, 0xff, 0xff, 0xff, 0xff, 0xff,
  0xff, 0xff, 0xff, 0xff, 0xff, 0xff, 0xff, 0xff, 0xff, 0x83, 0x00, 0x00, 0x00, 0x00, 0x00, 0x00,
  0x00, 0x00, 0x00, 0x0a, 0x38, 0x38, 0x38, 0x38, 0x38, 0x17, 0x00, 0x00, 0x00, 0x00, 0x00, 0x00,
  0x00, 0x00, 0x00, 0x00, 0x00, 0x00, 0x00, 0x6c, 0xff, 0xff, 0xff, 0xff, 0xf0, 0x18, 0x00, 0x00,
  0x00, 0x00, 0x00, 0x00, 0x00, 0x00, 0x00, 0x00, 0x00, 0x00, 0x00, 0xce, 0xff, 0xff, 0xff, 0xff,
  0x6a, 0x00, 0x00, 0x00, 0x00, 0x00, 0x00, 0x00, 0x00, 0x00, 0x00, 0x00, 0x00, 0x00, 0x30, 0xff,
  0xff, 0xff, 0xff, 0xca, 0x02, 0x00, 0x00, 0x00, 0x00, 0x00, 0x00, 0x00, 0x00, 0x00, 0x00, 0x00,
  0x00, 0x00, 0x92, 0xff, 0xff, 0xff, 0xfc, 0x31, 0x00, 0x00, 0x00, 0x00, 0x00, 0x00, 0x00, 0x00,
  0x00, 0x00, 0x00, 0x00, 0x00, 0x06, 0xec, 0xff, 0xff, 0xff, 0x90, 0x00, 0x00, 0x00, 0x00, 0x00,
  0x00, 0x00, 0x00, 0x00, 0x00, 0x00, 0x00, 0x00, 0x00, 0x1e, 0x7d, 0x7d, 0x7d, 0x7d, 0x0d, 0x00,
  0x00, 0x00, 0x00, 0x00, 0x00, 0x00, 0x00, 0x00, 0x00, 0x00, 0x00, 0x00, 0x00, 0x00, 0x00, 0x00,
  0x00, 0x00, 0x00, 0x00, 0x00, 0x00, 0x00, 0x00, 0x00, 0x00, 0x00, 0x00, 0x00, 0x00, 0x00, 0x00,
  0x00, 0x00, 0x00, 0x00, 0x00, 0x00, 0x00, 0x00, 0x00, 0x00, 0x00, 0x00, 0x00, 0x00, 0x38, 0x66,
  0x66, 0x66, 0x66, 0x66, 0x66, 0x66, 0x66, 0x66, 0x66, 0x66, 0x66, 0x66, 0x66, 0x66, 0x66, 0x66,
  0x66, 0x00, 0x8e, 0xff, 0xff, 0xff, 0xff, 0xff, 0xff, 0xff, 0xff, 0xff, 0xff, 0xff, 0xff, 0xff,
  0xff, 0xff, 0xff, 0xff, 0xff, 0x02, 0x8e, 0xff, 0xff, 0xff, 0xff, 0xff, 0xff, 0xff, 0xff, 0xff,
  0xff, 0xff, 0xff, 0xff, 0xff, 0xff, 0xff, 0xff, 0xff, 0x02, 0x8e, 0xff, 0xff, 0xff, 0xff, 0xff,
  0xff, 0xff, 0xff, 0xff, 0xff, 0xff, 0xff, 0xff, 0xff, 0xff, 0xff, 0xff, 0xff, 0x02, 0x8e, 0xff,
  0xff, 0xff, 0xff, 0xff, 0xff, 0xff, 0xff, 0xff, 0xff, 0xff, 0xff, 0xff, 0xff, 0xff, 0xff, 0xff,
  0xff, 0x02, 0x8e, 0xff, 0xff, 0xff, 0xff, 0xff, 0xe4, 0xe4, 0xe4, 0xe4, 0xe4, 0xe4, 0xe4, 0xe4,
  0xe4, 0xe4, 0xe4, 0xe4, 0xe4, 0x01, 0x8e, 0xff, 0xff, 0xff, 0xff, 0xfc, 0x00, 0x00, 0x00, 0x00,
  0x00, 0x00, 0x00, 0x00, 0x00, 0x00, 0x00, 0x00, 0x00, 0x00, 0x8e, 0xff, 0xff, 0xff, 0xff, 0xfc,
  0x00, 0x00, 0x00, 0x00, 0x00, 0x00, 0x00, 0x00, 0x00, 0x00, 0x00, 0x00, 0x00, 0x00, 0x8e, 0xff,
  0xff, 0xff, 0xff, 0xfc, 0x00, 0x00, 0x00, 0x00, 0x00, 0x00, 0x00, 0x00, 0x00, 0x00, 0x00, 0x00,
  0x00, 0x00, 0x8e, 0xff, 0xff, 0xff, 0xff, 0xfc, 0x00, 0x00, 0x00, 0x00, 0x00, 0x00, 0x00, 0x00,
  0x00, 0x00, 0x00, 0x00, 0x00, 0x00, 0x8e, 0xff, 0xff, 0xff, 0xff, 0xfc, 0x00, 0x00, 0x00, 0x00,
  0x00, 0x00, 0x00, 0x00, 0x00, 0x00, 0x00, 0x00, 0x00, 0x00, 0x8e, 0xff, 0xff, 0xff, 0xff, 0xfc,
  0x00, 0x00, 0x00, 0x00, 0x00, 0x00, 0x00, 0x00, 0x00, 0x00, 0x00, 0x00, 0x00, 0x00, 0x8e, 0xff,
  0xff, 0xff, 0xff, 0xfe, 0x63, 0x63, 0x63, 0x63, 0x63, 0x63, 0x63, 0x63, 0x63, 0x63, 0x63, 0x63,
  0x32, 0x00, 0x8e, 0xff, 0xff, 0xff, 0xff, 0xff, 0xff, 0xff, 0xff, 0xff, 0xff, 0xff, 0xff, 0xff,
  0xff, 0xff, 0xff, 0xff, 0x81, 0x00, 0x8e, 0xff, 0xff, 0xff, 0xff, 0xff, 0xff, 0xff, 0xff, 0xff,
  0xff, 0xff, 0xff, 0xff, 0xff, 0xff, 0xff, 0xff, 0x81, 0x00, 0x8e, 0xff, 0xff, 0xff, 0xff, 0xff,
  0xff, 0xff, 0xff, 0xff, 0xff, 0xff, 0xff, 0xff, 0xff, 0xff, 0xff, 0xff, 0x81, 0x00, 0x8e, 0xff,
  0xff, 0xff, 0xff, 0xff, 0xff, 0xff, 0xff, 0xff, 0xff, 0xff, 0xff, 0xff, 0xff, 0xff, 0xff, 0xff,
  0x81, 0x00, 0x8e, 0xff, 0xff, 0xff, 0xff, 0xff, 0xe7, 0xe7, 0xe7, 0xe7, 0xe7, 0xe7, 0xe7, 0xe7,
  0xe7, 0xe7, 0xe7, 0xe7, 0x74, 0x00, 0x8e, 0xff, 0xff, 0xff, 0xff, 0xfc, 0x00, 0x00, 0x00, 0x00,
  0x00, 0x00, 0x00, 0x00, 0x00, 0x00, 0x00, 0x00, 0x00, 0x00, 0x8e, 0xff, 0xff, 0xff, 0xff, 0xfc,
  0x00, 0x00, 0x00, 0x00, 0x00, 0x00, 0x00, 0x00, 0x00, 0x00, 0x00, 0x00, 0x00, 0x00, 0x8e, 0xff,
  0xff, 0xff, 0xff, 0xfc, 0x00, 0x00, 0x00, 0x00, 0x00, 0x00, 0x00, 0x00, 0x00, 0x00, 0x00, 0x00,
  0x00, 0x00, 0x8e, 0xff, 0xff, 0xff, 0xff, 0xfc, 0x00, 0x00, 0x00, 0x00, 0x00, 0x00, 0x00, 0x00,
  0x00, 0x00, 0x00, 0x00, 0x00, 0x00, 0x8e, 0xff, 0xff, 0xff, 0xff, 0xfc, 0x00, 0x00, 0x00, 0x00,
  0x00, 0x00, 0x00, 0x00, 0x00, 0x00, 0x00, 0x00, 0x00, 0x00, 0x8e, 0xff, 0xff, 0xff, 0xff, 0xfc,
  0x00, 0x00, 0x00, 0x00, 0x00, 0x00, 0x00, 0x00, 0x00, 0x00, 0x00, 0x00, 0x00, 0x00, 0x8e, 0xff,
  0xff, 0xff, 0xff, 0xfd, 0x4a, 0x4a, 0x4a, 0x4a, 0x4a, 0x4a, 0x4a, 0x4a, 0x4a, 0x4a, 0x4a, 0x4a,
  0x4a, 0x26, 0x8e, 0xff, 0xff, 0xff, 0xff, 0xff, 0xff, 0xff, 0xff, 0xff, 0xff, 0xff, 0xff, 0xff,
  0xff, 0xff, 0xff, 0xff, 0xff, 0x83, 0x8e, 0xff, 0xff, 0xff, 0xff, 0xff, 0xff, 0xff, 0xff, 0xff,
  0xff, 0xff, 0xff, 0xff, 0xff, 0xff, 0xff, 0xff, 0xff, 0x83, 0x8e, 0xff, 0xff, 0xff, 0xff, 0xff,
  0xff, 0xff, 0xff, 0xff, 0xff, 0xff, 0xff, 0xff, 0xff, 0xff, 0xff, 0xff, 0xff, 0x83, 0x8e, 0xff,
  0xff, 0xff, 0xff, 0xff, 0xff, 0xff, 0xff, 0xff, 0xff, 0xff, 0xff, 0xff, 0xff, 0xff, 0xff, 0xff,
  0xff, 0x83, 0x8e, 0xff, 0xff, 0xff, 0xff, 0xff, 0xff, 0xff, 0xff, 0xff, 0xff, 0xff, 0xff, 0xff,
  0xff, 0xff, 0xff, 0xff, 0xff, 0x83, 0x00, 0x00, 0x00, 0x00, 0x00, 0x00, 0x2c, 0x38, 0x38, 0x38,
  0x38, 0x38, 0x38, 0x20, 0x00, 0x00, 0x00, 0x00, 0x00, 0x00, 0x00, 0x00, 0x00, 0x00, 0x00, 0x2e,
  0xfb, 0xff, 0xff, 0xff, 0xff, 0xff, 0xff, 0xe5, 0x0d, 0x00, 0x00, 0x00, 0x00, 0x00, 0x00, 0x00,
  0x00, 0x00, 0x01, 0xc6, 0xff, 0xff, 0xff, 0xea, 0xf5, 0xff, 0xff, 0xff, 0x91, 0x00, 0x00, 0x00,
  0x00, 0x00, 0x00, 0x00, 0x00, 0x00, 0x66, 0xff, 0xff, 0xff, 0xff, 0x4c, 0x82, 0xff, 0xff, 0xff,
  0xfc, 0x32, 0x00, 0x00, 0x00, 0x00, 0x00, 0x00, 0x00, 0x15, 0xee, 0xff, 0xff, 0xff, 0xce, 0x00,
  0x12, 0xf2, 0xff, 0xff, 0xff, 0xcb, 0x02, 0x00, 0x00, 0x00, 0x00, 0x00, 0x00, 0xa2, 0xff, 0xff,
  0xff, 0xff, 0x52, 0x00, 0x00, 0x88, 0xff, 0xff, 0xff, 0xff, 0x6b, 0x00, 0x00, 0x00, 0x00, 0x00,
  0x0c, 0x7d, 0x7d, 0x7d, 0x7d, 0x76, 0x01, 0x00, 0x00, 0x15, 0x7d, 0x7d, 0x7d, 0x7d, 0x6e, 0x00,
  0x00, 0x00, 0x00, 0x00, 0x00, 0x00, 0x00, 0x00, 0x00, 0x00, 0x00, 0x00, 0x00, 0x00, 0x00, 0x00,
  0x00, 0x00, 0x00, 0x00, 0x00, 0x00, 0x00, 0x00, 0x00, 0x00, 0x00, 0x00, 0x00, 0x00, 0x00, 0x00,
  0x00, 0x00, 0x00, 0x00, 0x00, 0x00, 0x00, 0x00, 0x00, 0x00, 0x38, 0x66, 0x66, 0x66, 0x66, 0x66,
  0x66, 0x66, 0x66, 0x66, 0x66, 0x66, 0x66, 0x66, 0x66, 0x66, 0x66, 0x66, 0x66, 0x00, 0x8e, 0xff,
  0xff, 0xff, 0xff, 0xff, 0xff, 0xff, 0xff, 0xff, 0xff, 0xff, 0xff, 0xff, 0xff, 0xff, 0xff, 0xff,
  0xff, 0x02, 0x8e, 0xff, 0xff, 0xff, 0xff, 0xff, 0xff, 0xff, 0xff, 0xff, 0xff, 0xff, 0xff, 0xff,
  0xff, 0xff, 0xff, 0xff, 0xff, 0x02, 0x8e, 0xff, 0xff, 0xff, 0xff, 0xff, 0xff, 0xff, 0xff, 0xff,
  0xff, 0xff, 0xff, 0xff, 0xff, 0xff, 0xff, 0xff, 0xff, 0x02, 0x8e, 0xff, 0xff, 0xff, 0xff, 0xff,
  0xff, 0xff, 0xff, 0xff, 0xff, 0xff, 0xff, 0xff, 0xff, 0xff, 0xff, 0xff, 0xff, 0x02, 0x8e, 0xff,
  0xff, 0xff, 0xff, 0xff, 0xe4, 0xe4, 0xe4, 0xe4, 0xe4, 0xe4, 0xe4, 0xe4, 0xe4, 0xe4, 0xe4, 0xe4,
  0xe4, 0x01, 0x8e, 0xff, 0xff, 0xff, 0xff, 0xfc, 0x00, 0x00, 0x00, 0x00, 0x00, 0x00, 0x00, 0x00,
  0x00, 0x00, 0x00, 0x00, 0x00, 0x00, 0x8e, 0xff, 0xff, 0xff, 0xff, 0xfc, 0x00, 0x00, 0x00, 0x00,
  0x00, 0x00, 0x00, 0x00, 0x00, 0x00, 0x00, 0x00, 0x00, 0x00, 0x8e, 0xff, 0xff, 0xff, 0xff, 0xfc,
  0x00, 0x00, 0x00, 0x00, 0x00, 0x00, 0x00, 0x00, 0x00, 0x00, 0x00, 0x00, 0x00, 0x00, 0x8e, 0xff,
  0xff, 0xff, 0xff, 0xfc, 0x00, 0x00, 0x00, 0x00, 0x00, 0x00, 0x00, 0x00, 0x00, 0x00, 0x00, 0x00,
  0x00, 0x00, 0x8e, 0xff, 0xff, 0xff, 0xff, 0xfc, 0x00, 0x00, 0x00, 0x00, 0x00, 0x00, 0x00, 0x00,
  0x00, 0x00, 0x00, 0x00, 0x00, 0x00, 0x8e, 0xff, 0xff, 0xff, 0xff, 0xfc, 0x00, 0x00, 0x00, 0x00,
  0x00, 0x00, 0x00, 0x00, 0x00, 0x00, 0x00, 0x00, 0x00, 0x00, 0x8e, 0xff, 0xff, 0xff, 0xff, 0xfe,
  0x63, 0x63, 0x63, 0x63, 0x63, 0x63, 0x63, 0x63, 0x63, 0x63, 0x63, 0x63, 0x32, 0x00, 0x8e, 0xff,
  0xff, 0xff, 0xff, 0xff, 0xff, 0xff, 0xff, 0xff, 0xff, 0xff, 0xff, 0xff, 0xff, 0xff, 0xff, 0xff,
  0x81, 0x00, 0x8e, 0xff, 0xff, 0xff, 0xff, 0xff, 0xff, 0xff, 0xff, 0xff, 0xff, 0xff, 0xff, 0xff,
  0xff, 0xff, 0xff, 0xff, 0x81, 0x00, 0x8e, 0xff, 0xff, 0xff, 0xff, 0xff, 0xff, 0xff, 0xff, 0xff,
  0xff, 0xff, 0xff, 0xff, 0xff, 0xff, 0xff, 0xff, 0x81, 0x00, 0x8e, 0xff, 0xff, 0xff, 0xff, 0xff,
  0xff, 0xff, 0xff, 0xff, 0xff, 0xff, 0xff, 0xff, 0xff, 0xff, 0xff, 0xff, 0x81, 0x00, 0x8e, 0xff,
  0xff, 0xff, 0xff, 0xff, 0xe7, 0xe7, 0xe7, 0xe7, 0xe7, 0xe7, 0xe7, 0xe7, 0xe7, 0xe7, 0xe7, 0xe7,
  0x74, 0x00, 0x8e, 0xff, 0xff, 0xff, 0xff, 0xfc, 0x00, 0x00, 0x00, 0x00, 0x00, 0x00, 0x00, 0x00,
  0x00, 0x00, 0x00, 0x00, 0x00, 0x00, 0x8e, 0xff, 0xff, 0xff, 0xff, 0xfc, 0x00, 0x00, 0x00, 0x00,
  0x00, 0x00, 0x00, 0x00, 0x00, 0x00, 0x00, 0x00, 0x00, 0x00, 0x8e, 0xff, 0xff, 0xff, 0xff, 0xfc,
  0x00, 0x00, 0x00, 0x00, 0x00, 0x00, 0x00, 0x00, 0x00, 0x00, 0x00, 0x00, 0x00, 0x00, 0x8e, 0xff,
  0xff, 0xff, 0xff, 0xfc, 0x00, 0x00, 0x00, 0x00, 0x00, 0x00, 0x00, 0x00, 0x00, 0x00, 0x00, 0x00,
  0x00, 0x00, 0x8e, 0xff, 0xff, 0xff, 0xff, 0xfc, 0x00, 0x00, 0x00, 0x00, 0x00, 0x00, 0x00, 0x00,
  0x00, 0x00, 0x00, 0x00, 0x00, 0x00, 0x8e, 0xff, 0xff, 0xff, 0xff, 0xfc, 0x00, 0x00, 0x00, 0x00,
  0x00, 0x00, 0x00, 0x00, 0x00, 0x00, 0x00, 0x00, 0x00, 0x00, 0x8e, 0xff, 0xff, 0xff, 0xff, 0xfd,
  0x4a, 0x4a, 0x4a, 0x4a, 0x4a, 0x4a, 0x4a, 0x4a, 0x4a, 0x4a, 0x4a, 0x4a, 0x4a, 0x26, 0x8e, 0xff,
  0xff, 0xff, 0xff, 0xff, 0xff, 0xff, 0xff, 0xff, 0xff, 0xff, 0xff, 0xff, 0xff, 0xff, 0xff, 0xff,
  0xff, 0x83, 0x8e, 0xff, 0xff, 0xff, 0xff, 0xff, 0xff, 0xff, 0xff, 0xff, 0xff, 0xff, 0xff, 0xff,
  0xff, 0xff, 0xff, 0xff, 0xff, 0x83, 0x8e, 0xff, 0xff, 0xff, 0xff, 0xff, 0xff, 0xff, 0xff, 0xff,
  0xff, 0xff, 0xff, 0xff, 0xff, 0xff, 0xff, 0xff, 0xff, 0x83, 0x8e, 0xff, 0xff, 0xff, 0xff, 0xff,
  0xff, 0xff, 0xff, 0xff, 0xff, 0xff, 0xff, 0xff, 0xff, 0xff, 0xff, 0xff, 0xff, 0x83, 0x8e, 0xff,
  0xff, 0xff, 0xff, 0xff, 0xff, 0xff, 0xff, 0xff, 0xff, 0xff, 0xff, 0xff, 0xff, 0xff, 0xff, 0xff,
  0xff, 0x83, 0x00, 0x00, 0x00, 0x2c, 0x66, 0x5f, 0x1b, 0x00, 0x00, 0x00, 0x00, 0x00, 0x00, 0x2c,
  0x66, 0x5f, 0x1b, 0x00, 0x00, 0x00, 0x00, 0x03, 0x9c, 0xff, 0xff, 0xff, 0xf9, 0x70, 0x00, 0x00,
  0x00, 0x03, 0x9d, 0xff, 0xff, 0xff, 0xf9, 0x6f, 0x00, 0x00, 0x00, 0x82, 0xff, 0xff, 0xff, 0xff,
  0xff, 0xff, 0x4d, 0x00, 0x00, 0x83, 0xff, 0xff, 0xff, 0xff, 0xff, 0xff, 0x4c, 0x00, 0x02, 0xee,
  0xff, 0xff, 0xff, 0xff, 0xff, 0xff, 0xbb, 0x00, 0x02, 0xef, 0xff, 0xff, 0xff, 0xff, 0xff, 0xff,
  0xba, 0x00, 0x12, 0xff, 0xff, 0xff, 0xff, 0xff, 0xff, 0xff, 0xdc, 0x00, 0x13, 0xff, 0xff, 0xff,
  0xff, 0xff, 0xff, 0xff, 0xdb, 0x00, 0x03, 0xf3, 0xff, 0xff, 0xff, 0xff, 0xff, 0xff, 0xc1, 0x00,
  0x04, 0xf4, 0xff, 0xff, 0xff, 0xff, 0xff, 0xff, 0xc0, 0x00, 0x00, 0x93, 0xff, 0xff, 0xff, 0xff,
  0xff, 0xff, 0x5d, 0x00, 0x00, 0x94, 0xff, 0xff, 0xff, 0xff, 0xff, 0xff, 0x5c, 0x00, 0x00, 0x09,
  0xb6, 0xff, 0xff, 0xff, 0xff, 0x8a, 0x00, 0x00, 0x00, 0x09, 0xb7, 0xff, 0xff, 0xff, 0xff, 0x89,
  0x00, 0x00, 0x00, 0x00, 0x00, 0x46, 0x80, 0x7a, 0x31, 0x00, 0x00, 0x00, 0x00, 0x00, 0x00, 0x46,
  0x81, 0x79, 0x30, 0x00, 0x00, 0x00, 0x00, 0x00, 0x00, 0x00, 0x00, 0x00, 0x00, 0x00, 0x00, 0x00,
  0x00, 0x00, 0x00, 0x00, 0x00, 0x00, 0x00, 0x00, 0x00, 0x00, 0x38, 0x66, 0x66, 0x66, 0x66, 0x66,
  0x66, 0x66, 0x66, 0x66, 0x66, 0x66, 0x66, 0x66, 0x66, 0x66, 0x66, 0x66, 0x66, 0x00, 0x8e, 0xff,
  0xff, 0xff, 0xff, 0xff, 0xff, 0xff, 0xff, 0xff, 0xff, 0xff, 0xff, 0xff, 0xff, 0xff, 0xff, 0xff,
  0xff, 0x02, 0x8e, 0xff, 0xff, 0xff, 0xff, 0xff, 0xff, 0xff, 0xff, 0xff, 0xff, 0xff, 0xff, 0xff,
  0xff, 0xff, 0xff, 0xff, 0xff, 0x02, 0x8e, 0xff, 0xff, 0xff, 0xff, 0xff, 0xff, 0xff, 0xff, 0xff,
  0xff, 0xff, 0xff, 0xff, 0xff, 0xff, 0xff, 0xff, 0xff, 0x02, 0x8e, 0xff, 0xff, 0xff, 0xff, 0xff,
  0xff, 0xff, 0xff, 0xff, 0xff, 0xff, 0xff, 0xff, 0xff, 0xff, 0xff, 0xff, 0xff, 0x02, 0x8e, 0xff,
  0xff, 0xff, 0xff, 0xff, 0xe4, 0xe4, 0xe4, 0xe4, 0xe4, 0xe4, 0xe4, 0xe4, 0xe4, 0xe4, 0xe4, 0xe4,
  0xe4, 0x01, 0x8e, 0xff, 0xff, 0xff, 0xff, 0xfc, 0x00, 0x00, 0x00, 0x00, 0x00, 0x00, 0x00, 0x00,
  0x00, 0x00, 0x00, 0x00, 0x00, 0x00, 0x8e, 0xff, 0xff, 0xff, 0xff, 0xfc, 0x00, 0x00, 0x00, 0x00,
  0x00, 0x00, 0x00, 0x00, 0x00, 0x00, 0x00, 0x00, 0x00, 0x00, 0x8e, 0xff, 0xff, 0xff, 0xff, 0xfc,
  0x00, 0x00, 0x00, 0x00, 0x00, 0x00, 0x00, 0x00, 0x00, 0x00, 0x00, 0x00, 0x00, 0x00, 0x8e, 0xff,
  0xff, 0xff, 0xff, 0xfc, 0x00, 0x00, 0x00, 0x00, 0x00, 0x00, 0x00, 0x00, 0x00, 0x00, 0x00, 0x00,
  0x00, 0x00, 0x8e, 0xff, 0xff, 0xff, 0xff, 0xfc, 0x00, 0x00, 0x00, 0x00, 0x00, 0x00, 0x00, 0x00,
  0x00, 0x00, 0x00, 0x00, 0x00, 0x00, 0x8e, 0xff, 0xff, 0xff, 0xff, 0xfc, 0x00, 0x00, 0x00, 0x00,
  0x00, 0x00, 0x00, 0x00, 0x00, 0x00, 0x00, 0x00, 0x00, 0x00, 0x8e, 0xff, 0xff, 0xff, 0xff, 0xfe,
  0x63, 0x63, 0x63, 0x63, 0x63, 0x63, 0x63, 0x63, 0x63, 0x63, 0x63, 0x63, 0x32, 0x00, 0x8e, 0xff,
  0xff, 0xff, 0xff, 0xff, 0xff, 0xff, 0xff, 0xff, 0xff, 0xff, 0xff, 0xff, 0xff, 0xff, 0xff, 0xff,
  0x81, 0x00, 0x8e, 0xff, 0xff, 0xff, 0xff, 0xff, 0xff, 0xff, 0xff, 0xff, 0xff, 0xff, 0xff, 0xff,
  0xff, 0xff, 0xff, 0xff, 0x81, 0x00, 0x8e, 0xff, 0xff, 0xff, 0xff, 0xff, 0xff, 0xff, 0xff, 0xff,
  0xff, 0xff, 0xff, 0xff, 0xff, 0xff, 0xff, 0xff, 0x81, 0x00, 0x8e, 0xff, 0xff, 0xff, 0xff, 0xff,
  0xff, 0xff, 0xff, 0xff, 0xff, 0xff, 0xff, 0xff, 0xff, 0xff, 0xff, 0xff, 0x81, 0x00, 0x8e, 0xff,
  0xff, 0xff, 0xff, 0xff, 0xe7, 0xe7, 0xe7, 0xe7, 0xe7, 0xe7, 0xe7, 0xe7, 0xe7, 0xe7, 0xe7, 0xe7,
  0x74, 0x00, 0x8e, 0xff, 0xff, 0xff, 0xff, 0xfc, 0x00, 0x00, 0x00, 0x00, 0x00, 0x00, 0x00, 0x00,
  0x00, 0x00, 0x00, 0x00, 0x00, 0x00, 0x8e, 0xff, 0xff, 0xff, 0xff, 0xfc, 0x00, 0x00, 0x00, 0x00,
  0x00, 0x00, 0x00, 0x00, 0x00, 0x00, 0x00, 0x00, 0x00, 0x00, 0x8e, 0xff, 0xff, 0xff, 0xff, 0xfc,
  0x00, 0x00, 0x00, 0x00, 0x00, 0x00, 0x00, 0x00, 0x00, 0x00, 0x00, 0x00, 0x00, 0x00, 0x8e, 0xff,
  0xff, 0xff, 0xff, 0xfc, 0x00, 0x00, 0x00, 0x00, 0x00, 0x00, 0x00, 0x00, 0x00, 0x00, 0x00, 0x00,
  0x00, 0x00, 0x8e, 0xff, 0xff, 0xff, 0xff, 0xfc, 0x00, 0x00, 0x00, 0x00, 0x00, 0x00, 0x00, 0x00,
  0x00, 0x00, 0x00, 0x00, 0x00, 0x00, 0x8e, 0xff, 0xff, 0xff, 0xff, 0xfc, 0x00, 0x00, 0x00, 0x00,
  0x00, 0x00, 0x00, 0x00, 0x00, 0x00, 0x00, 0x00, 0x00, 0x00, 0x8e, 0xff, 0xff, 0xff, 0xff, 0xfd,
  0x4a, 0x4a, 0x4a, 0x4a, 0x4a, 0x4a, 0x4a, 0x4a, 0x4a, 0x4a, 0x4a, 0x4a, 0x4a, 0x26, 0x8e, 0xff,
  0xff, 0xff, 0xff, 0xff, 0xff, 0xff, 0xff, 0xff, 0xff, 0xff, 0xff, 0xff, 0xff, 0xff, 0xff, 0xff,
  0xff, 0x83, 0x8e, 0xff, 0xff, 0xff, 0xff, 0xff, 0xff, 0xff, 0xff, 0xff, 0xff, 0xff, 0xff, 0xff,
  0xff, 0xff, 0xff, 0xff, 0xff, 0x83, 0x8e, 0xff, 0xff, 0xff, 0xff, 0xff, 0xff, 0xff, 0xff, 0xff,
  0xff, 0xff, 0xff, 0xff, 0xff, 0xff, 0xff, 0xff, 0xff, 0x83, 0x8e, 0xff, 0xff, 0xff, 0xff, 0xff,
  0xff, 0xff, 0xff, 0xff, 0xff, 0xff, 0xff, 0xff, 0xff, 0xff, 0xff, 0xff, 0xff, 0x83, 0x8e, 0xff,
  0xff, 0xff, 0xff, 0xff, 0xff, 0xff, 0xff, 0xff, 0xff, 0xff, 0xff, 0xff, 0xff, 0xff, 0xff, 0xff,
  0xff, 0x83, 0x00, 0x00, 0x00, 0x00, 0x2c, 0x38, 0x38, 0x38, 0x38, 0x2d, 0x00, 0x00, 0x00, 0x00,
  0x00, 0x00, 0x00, 0x00, 0x00, 0x00, 0x00, 0x00, 0x00, 0x00, 0x6a, 0xff, 0xff, 0xff, 0xff, 0xf8,
  0x12, 0x00, 0x00, 0x00, 0x00, 0x00, 0x00, 0x00, 0x00, 0x00, 0x00, 0x00, 0x00, 0x00, 0x02, 0xc9,
  0xff, 0xff, 0xff, 0xff, 0x6c, 0x00, 0x00, 0x00, 0x00, 0x00, 0x00, 0x00, 0x00, 0x00, 0x00, 0x00,
  0x00, 0x00, 0x00, 0x31, 0xfc, 0xff, 0xff, 0xff, 0xce, 0x00, 0x00, 0x00, 0x00, 0x00, 0x00, 0x00,
  0x00, 0x00, 0x00, 0x00, 0x00, 0x00, 0x00, 0x00, 0x8f, 0xff, 0xff, 0xff, 0xff, 0x30, 0x00, 0x00,
  0x00, 0x00, 0x00, 0x00, 0x00, 0x00, 0x00, 0x00, 0x00, 0x00, 0x00, 0x00, 0x0d, 0xe4, 0xff, 0xff,
  0xff, 0x92, 0x00, 0x00, 0x00, 0x00, 0x00, 0x00, 0x00, 0x00, 0x00, 0x00, 0x00, 0x00, 0x00, 0x00,
  0x00, 0x3c, 0x7d, 0x7d, 0x7d, 0x6c, 0x00, 0x00, 0x00, 0x00, 0x00, 0x00, 0x00, 0x00, 0x00, 0x00,
  0x00, 0x00, 0x00, 0x00, 0x00, 0x00, 0x00, 0x00, 0x00, 0x00, 0x00, 0x00, 0x00, 0x00, 0x00, 0x00,
  0x00, 0x00, 0x00, 0x00, 0x00, 0x00, 0x00, 0x00, 0x00, 0x00, 0x00, 0x00, 0x00, 0x00, 0x00, 0x00,
  0x00, 0x00, 0x00, 0x00, 0x00, 0x00, 0x63, 0x66, 0x66, 0x66, 0x66, 0x66, 0x66, 0x66, 0x66, 0x66,
  0x66, 0x66, 0x66, 0x66, 0x66, 0x66, 0x66, 0x66, 0x66, 0x45, 0xf9, 0xff, 0xff, 0xff, 0xff, 0xff,
  0xff, 0xff, 0xff, 0xff, 0xff, 0xff, 0xff, 0xff, 0xff, 0xff, 0xff, 0xff, 0xff, 0xae, 0xf9, 0xff,
  0xff, 0xff, 0xff, 0xff, 0xff, 0xff, 0xff, 0xff, 0xff, 0xff, 0xff, 0xff, 0xff, 0xff, 0xff, 0xff,
  0xff, 0xae, 0xf9, 0xff, 0xff, 0xff, 0xff, 0xff, 0xff, 0xff, 0xff, 0xff, 0xff, 0xff, 0xff, 0xff,
  0xff, 0xff, 0xff, 0xff, 0xff, 0xae, 0xf9, 0xff, 0xff, 0xff, 0xff, 0xff, 0xff, 0xff, 0xff, 0xff,
  0xff, 0xff, 0xff, 0xff, 0xff, 0xff, 0xff, 0xff, 0xff, 0xae, 0xde, 0xe4, 0xe4, 0xe4, 0xe4, 0xe4,
  0xe4, 0xfd, 0xff, 0xff, 0xff, 0xff, 0xf5, 0xe4, 0xe4, 0xe4, 0xe4, 0xe4, 0xe4, 0x9b, 0x00, 0x00,
  0x00, 0x00, 0x00, 0x00, 0x00, 0xeb, 0xff, 0xff, 0xff, 0xff, 0x9f, 0x00, 0x00, 0x00, 0x00, 0x00,
  0x00, 0x00, 0x00, 0x00, 0x00, 0x00, 0x00, 0x00, 0x00, 0xeb, 0xff, 0xff, 0xff, 0xff, 0x9f, 0x00,
  0x00, 0x00, 0x00, 0x00, 0x00, 0x00, 0x00, 0x00, 0x00, 0x00, 0x00, 0x00, 0x00, 0xeb, 0xff, 0xff,
  0xff, 0xff, 0x9f, 0x00, 0x00, 0x00, 0x00, 0x00, 0x00, 0x00, 0x00, 0x00, 0x00, 0x00, 0x00, 0x00,
  0x00, 0xeb, 0xff, 0xff, 0xff, 0xff, 0x9f, 0x00, 0x00, 0x00, 0x00, 0x00, 0x00, 0x00, 0x00, 0x00,
  0x00, 0x00, 0x00, 0x00, 0x00, 0xeb, 0xff, 0xff, 0xff, 0xff, 0x9f, 0x00, 0x00, 0x00, 0x00, 0x00,
  0x00, 0x00, 0x00, 0x00, 0x00, 0x00, 0x00, 0x00, 0x00, 0xeb, 0xff, 0xff, 0xff, 0xff, 0x9f, 0x00,
  0x00, 0x00, 0x00, 0x00, 0x00, 0x00, 0x00, 0x00, 0x00, 0x00, 0x00, 0x00, 0x00, 0xeb, 0xff, 0xff,
  0xff, 0xff, 0x9f, 0x00, 0x00, 0x00, 0x00, 0x00, 0x00, 0x00, 0x00, 0x00, 0x00, 0x00, 0x00, 0x00,
  0x00, 0xeb, 0xff, 0xff, 0xff, 0xff, 0x9f, 0x00, 0x00, 0x00, 0x00, 0x00, 0x00, 0x00, 0x00, 0x00,
  0x00, 0x00, 0x00, 0x00, 0x00, 0xeb, 0xff, 0xff, 0xff, 0xff, 0x9f, 0x00, 0x00, 0x00, 0x00, 0x00,
  0x00, 0x00, 0x00, 0x00, 0x00, 0x00, 0x00, 0x00, 0x00, 0xeb, 0xff, 0xff, 0xff, 0xff, 0x9f, 0x00,
  0x00, 0x00, 0x00, 0x00, 0x00, 0x00, 0x00, 0x00, 0x00, 0x00, 0x00, 0x00, 0x00, 0xeb, 0xff, 0xff,
  0xff, 0xff, 0x9f, 0x00, 0x00, 0x00, 0x00, 0x00, 0x00, 0x00, 0x00, 0x00, 0x00, 0x00, 0x00, 0x00,
  0x00, 0xeb, 0xff, 0xff, 0xff, 0xff, 0x9f, 0x00, 0x00, 0x00, 0x00, 0x00, 0x00, 0x00, 0x00, 0x00,
  0x00, 0x00, 0x00, 0x00, 0x00, 0xeb, 0xff, 0xff, 0xff, 0xff, 0x9f, 0x00, 0x00, 0x00, 0x00, 0x00,
  0x00, 0x00, 0x00, 0x00, 0x00, 0x00, 0x00, 0x00, 0x00, 0xeb, 0xff, 0xff, 0xff, 0xff, 0x9f, 0x00,
  0x00, 0x00, 0x00, 0x00, 0x00, 0x00, 0x00, 0x00, 0x00, 0x00, 0x00, 0x00, 0x00, 0xeb, 0xff, 0xff,
  0xff, 0xff, 0x9f, 0x00, 0x00, 0x00, 0x00, 0x00, 0x00, 0x00, 0x00, 0x00, 0x00, 0x00, 0x00, 0x00,
  0x00, 0xeb, 0xff, 0xff, 0xff, 0xff, 0x9f, 0x00, 0x00, 0x00, 0x00, 0x00, 0x00, 0x00, 0x00, 0x00,
  0x00, 0x00, 0x00, 0x00, 0x00, 0xeb, 0xff, 0xff, 0xff, 0xff, 0x9f, 0x00, 0x00, 0x00, 0x00, 0x00,
  0x00, 0x00, 0x00, 0x00, 0x00, 0x00, 0x00, 0x00, 0x00, 0xeb, 0xff, 0xff, 0xff, 0xff, 0x9f, 0x00,
  0x00, 0x00, 0x00, 0x00, 0x00, 0x00, 0x49, 0x4a, 0x4a, 0x4a, 0x4a, 0x4a, 0x4a, 0xf1, 0xff, 0xff,
  0xff, 0xff, 0xbb, 0x4a, 0x4a, 0x4a, 0x4a, 0x4a, 0x4a, 0x32, 0xf9, 0xff, 0xff, 0xff, 0xff, 0xff,
  0xff, 0xff, 0xff, 0xff, 0xff, 0xff, 0xff, 0xff, 0xff, 0xff, 0xff, 0xff, 0xff, 0xae, 0xf9, 0xff,
  0xff, 0xff, 0xff, 0xff, 0xff, 0xff, 0xff, 0xff, 0xff, 0xff, 0xff, 0xff, 0xff, 0xff, 0xff, 0xff,
  0xff, 0xae, 0xf9, 0xff, 0xff, 0xff, 0xff, 0xff, 0xff, 0xff, 0xff, 0xff, 0xff, 0xff, 0xff, 0xff,
  0xff, 0xff, 0xff, 0xff, 0xff, 0xae, 0xf9, 0xff, 0xff, 0xff, 0xff, 0xff, 0xff, 0xff, 0xff, 0xff,
  0xff, 0xff, 0xff, 0xff, 0xff, 0xff, 0xff, 0xff, 0xff, 0xae, 0xf9, 0xff, 0xff, 0xff, 0xff, 0xff,
  0xff, 0xff, 0xff, 0xff, 0xff, 0xff, 0xff, 0xff, 0xff, 0xff, 0xff, 0xff, 0xff, 0xae, 0x00, 0x00,
  0x00, 0x00, 0x00, 0x00, 0x00, 0x00, 0x00, 0x0d, 0x38, 0x38, 0x38, 0x38, 0x38, 0x14, 0x00, 0x00,
  0x00, 0x00, 0x00, 0x00, 0x00, 0x00, 0x00, 0x00, 0x00, 0x00, 0x00, 0x77, 0xff, 0xff, 0xff, 0xff,
  0xeb, 0x12, 0x00, 0x00, 0x00, 0x00, 0x00, 0x00, 0x00, 0x00, 0x00, 0x00, 0x00, 0x00, 0x00, 0xd8,
  0xff, 0xff, 0xff, 0xff, 0x5f, 0x00, 0x00, 0x00, 0x00, 0x00, 0x00, 0x00, 0x00, 0x00, 0x00, 0x00,
  0x00, 0x00, 0x3a, 0xff, 0xff, 0xff, 0xff, 0xc1, 0x00, 0x00, 0x00, 0x00, 0x00, 0x00, 0x00, 0x00,
  0x00, 0x00, 0x00, 0x00, 0x00, 0x00, 0x9c, 0xff, 0xff, 0xff, 0xfa, 0x29, 0x00, 0x00, 0x00, 0x00,
  0x00, 0x00, 0x00, 0x00, 0x00, 0x00, 0x00, 0x00, 0x00, 0x0b, 0xf3, 0xff, 0xff, 0xff, 0x85, 0x00,
  0x00, 0x00, 0x00, 0x00, 0x00, 0x00, 0x00, 0x00, 0x00, 0x00, 0x00, 0x00, 0x00, 0x23, 0x7d, 0x7d,
  0x7d, 0x7c, 0x09, 0x00, 0x00, 0x00, 0x00, 0x00, 0x00, 0x00, 0x00, 0x00, 0x00, 0x00, 0x00, 0x00,
  0x00, 0x00, 0x00, 0x00, 0x00, 0x00, 0x00, 0x00, 0x00, 0x00, 0x00, 0x00, 0x00, 0x00, 0x00, 0x00,
  0x00, 0x00, 0x00, 0x00, 0x00, 0x00, 0x00, 0x00, 0x00, 0x00, 0x00, 0x00, 0x00, 0x00, 0x00, 0x00,
  0x00, 0x00, 0x63, 0x66, 0x66, 0x66, 0x66, 0x66, 0x66, 0x66, 0x66, 0x66, 0x66, 0x66, 0x66, 0x66,
  0x66, 0x66, 0x66, 0x66, 0x66, 0x45, 0xf9, 0xff, 0xff, 0xff, 0xff, 0xff, 0xff, 0xff, 0xff, 0xff,
  0xff, 0xff, 0xff, 0xff, 0xff, 0xff, 0xff, 0xff, 0xff, 0xae, 0xf9, 0xff, 0xff, 0xff, 0xff, 0xff,
  0xff, 0xff, 0xff, 0xff, 0xff, 0xff, 0xff, 0xff, 0xff, 0xff, 0xff, 0xff, 0xff, 0xae, 0xf9, 0xff,
  0xff, 0xff, 0xff, 0xff, 0xff, 0xff, 0xff, 0xff, 0xff, 0xff, 0xff, 0xff, 0xff, 0xff, 0xff, 0xff,
  0xff, 0xae, 0xf9, 0xff, 0xff, 0xff, 0xff, 0xff, 0xff, 0xff, 0xff, 0xff, 0xff, 0xff, 0xff, 0xff,
  0xff, 0xff, 0xff, 0xff, 0xff, 0xae, 0xde, 0xe4, 0xe4, 0xe4, 0xe4, 0xe4, 0xe4, 0xfd, 0xff, 0xff,
  0xff, 0xff, 0xf5, 0xe4, 0xe4, 0xe4, 0xe4, 0xe4, 0xe4, 0x9b, 0x00, 0x00, 0x00, 0x00, 0x00, 0x00,
  0x00, 0xeb, 0xff, 0xff, 0xff, 0xff, 0x9f, 0x00, 0x00, 0x00, 0x00, 0x00, 0x00, 0x00, 0x00, 0x00,
  0x00, 0x00, 0x00, 0x00, 0x00, 0xeb, 0xff, 0xff, 0xff, 0xff, 0x9f, 0x00, 0x00, 0x00, 0x00, 0x00,
  0x00, 0x00, 0x00, 0x00, 0x00, 0x00, 0x00, 0x00, 0x00, 0xeb, 0xff, 0xff, 0xff, 0xff, 0x9f, 0x00,
  0x00, 0x00, 0x00, 0x00, 0x00, 0x00, 0x00, 0x00, 0x00, 0x00, 0x00, 0x00, 0x00, 0xeb, 0xff, 0xff,
  0xff, 0xff, 0x9f, 0x00, 0x00, 0x00, 0x00, 0x00, 0x00, 0x00, 0x00, 0x00, 0x00, 0x00, 0x00, 0x00,
  0x00, 0xeb, 0xff, 0xff, 0xff, 0xff, 0x9f, 0x00, 0x00, 0x00, 0x00, 0x00, 0x00, 0x00, 0x00, 0x00,
  0x00, 0x00, 0x00, 0x00, 0x00, 0xeb, 0xff, 0xff, 0xff, 0xff, 0x9f, 0x00, 0x00, 0x00, 0x00, 0x00,
  0x00, 0x00, 0x00, 0x00, 0x00, 0x00, 0x00, 0x00, 0x00, 0xeb, 0xff, 0xff, 0xff, 0xff, 0x9f, 0x00,
  0x00, 0x00, 0x00, 0x00, 0x00, 0x00, 0x00, 0x00, 0x00, 0x00, 0x00, 0x00, 0x00, 0xeb, 0xff, 0xff,
  0xff, 0xff, 0x9f, 0x00, 0x00, 0x00, 0x00, 0x00, 0x00, 0x00, 0x00, 0x00, 0x00, 0x00, 0x00, 0x00,
  0x00, 0xeb, 0xff, 0xff, 0xff, 0xff, 0x9f, 0x00, 0x00, 0x00, 0x00, 0x00, 0x00, 0x00, 0x00, 0x00,
  0x00, 0x00, 0x00, 0x00, 0x00, 0xeb, 0xff, 0xff, 0xff, 0xff, 0x9f, 0x00, 0x00, 0x00, 0x00, 0x00,
  0x00, 0x00, 0x00, 0x00, 0x00, 0x00, 0x00, 0x00, 0x00, 0xeb, 0xff, 0xff, 0xff, 0xff, 0x9f, 0x00,
  0x00, 0x00, 0x00, 0x00, 0x00, 0x00, 0x00, 0x00, 0x00, 0x00, 0x00, 0x00, 0x00, 0xeb, 0xff, 0xff,
  0xff, 0xff, 0x9f, 0x00, 0x00, 0x00, 0x00, 0x00, 0x00, 0x00, 0x00, 0x00, 0x00, 0x00, 0x00, 0x00,
  0x00, 0xeb, 0xff, 0xff, 0xff, 0xff, 0x9f, 0x00, 0x00, 0x00, 0x00, 0x00, 0x00, 0x00, 0x00, 0x00,
  0x00, 0x00, 0x00, 0x00, 0x00, 0xeb, 0xff, 0xff, 0xff, 0xff, 0x9f, 0x00, 0x00, 0x00, 0x00, 0x00,
  0x00, 0x00, 0x00, 0x00, 0x00, 0x00, 0x00, 0x00, 0x00, 0xeb, 0xff, 0xff, 0xff, 0xff, 0x9f, 0x00,
  0x00, 0x00, 0x00, 0x00, 0x00, 0x00, 0x00, 0x00, 0x00, 0x00, 0x00, 0x00, 0x00, 0xeb, 0xff, 0xff,
  0xff, 0xff, 0x9f, 0x00, 0x00, 0x00, 0x00, 0x00, 0x00, 0x00, 0x00, 0x00, 0x00, 0x00, 0x00, 0x00,
  0x00, 0xeb, 0xff, 0xff, 0xff, 0xff, 0x9f, 0x00, 0x00, 0x00, 0x00, 0x00, 0x00, 0x00, 0x00, 0x00,
  0x00, 0x00, 0x00, 0x00, 0x00, 0xeb, 0xff, 0xff, 0xff, 0xff, 0x9f, 0x00, 0x00, 0x00, 0x00, 0x00,
  0x00, 0x00, 0x49, 0x4a, 0x4a, 0x4a, 0x4a, 0x4a, 0x4a, 0xf1, 0xff, 0xff, 0xff, 0xff, 0xbb, 0x4a,
  0x4a, 0x4a, 0x4a, 0x4a, 0x4a, 0x32, 0xf9, 0xff, 0xff, 0xff, 0xff, 0xff, 0xff, 0xff, 0xff, 0xff,
  0xff, 0xff, 0xff, 0xff, 0xff, 0xff, 0xff, 0xff, 0xff, 0xae, 0xf9, 0xff, 0xff, 0xff, 0xff, 0xff,
  0xff, 0xff, 0xff, 0xff, 0xff, 0xff, 0xff, 0xff, 0xff, 0xff, 0xff, 0xff, 0xff, 0xae, 0xf9, 0xff,
  0xff, 0xff, 0xff, 0xff, 0xff, 0xff, 0xff, 0xff, 0xff, 0xff, 0xff, 0xff, 0xff, 0xff, 0xff, 0xff,
  0xff, 0xae, 0xf9, 0xff, 0xff, 0xff, 0xff, 0xff, 0xff, 0xff, 0xff, 0xff, 0xff, 0xff, 0xff, 0xff,
  0xff, 0xff, 0xff, 0xff, 0xff, 0xae, 0xf9, 0xff, 0xff, 0xff, 0xff, 0xff, 0xff, 0xff, 0xff, 0xff,
  0xff, 0xff, 0xff, 0xff, 0xff, 0xff, 0xff, 0xff, 0xff, 0xae, 0x00, 0x00, 0x00, 0x00, 0x00, 0x00,
  0x2e, 0x38, 0x38, 0x38, 0x38, 0x38, 0x38, 0x1e, 0x00, 0x00, 0x00, 0x00, 0x00, 0x00, 0x00, 0x00,
  0x00, 0x00, 0x00, 0x36, 0xfd, 0xff, 0xff, 0xff, 0xff, 0xff, 0xff, 0xde, 0x09, 0x00, 0x00, 0x00,
  0x00, 0x00, 0x00, 0x00, 0x00, 0x00, 0x03, 0xcf, 0xff, 0xff, 0xff, 0xe8, 0xf7, 0xff, 0xff, 0xff,
  0x86, 0x00, 0x00, 0x00, 0x00, 0x00, 0x00, 0x00, 0x00, 0x00, 0x70, 0xff, 0xff, 0xff, 0xff, 0x41,
  0x8d, 0xff, 0xff, 0xff, 0xfa, 0x2a, 0x00, 0x00, 0x00, 0x00, 0x00, 0x00, 0x00, 0x1b, 0xf2, 0xff,
  0xff, 0xff, 0xc4, 0x00, 0x18, 0xf7, 0xff, 0xff, 0xff, 0xc1, 0x01, 0x00, 0x00, 0x00, 0x00, 0x00,
  0x00, 0xac, 0xff, 0xff, 0xff, 0xff, 0x47, 0x00, 0x00, 0x93, 0xff, 0xff, 0xff, 0xff, 0x61, 0x00,
  0x00, 0x00, 0x00, 0x00, 0x11, 0x7d, 0x7d, 0x7d, 0x7d, 0x72, 0x00, 0x00, 0x00, 0x1a, 0x7d, 0x7d,
  0x7d, 0x7d, 0x69, 0x00, 0x00, 0x00, 0x00, 0x00, 0x00, 0x00, 0x00, 0x00, 0x00, 0x00, 0x00, 0x00,
  0x00, 0x00, 0x00, 0x00, 0x00, 0x00, 0x00, 0x00, 0x00, 0x00, 0x00, 0x00, 0x00, 0x00, 0x00, 0x00,
  0x00, 0x00, 0x00, 0x00, 0x00, 0x00, 0x00, 0x00, 0x00, 0x00, 0x00, 0x00, 0x00, 0x00, 0x63, 0x66,
  0x66, 0x66, 0x66, 0x66, 0x66, 0x66, 0x66, 0x66, 0x66, 0x66, 0x66, 0x66, 0x66, 0x66, 0x66, 0x66,
  0x66, 0x45, 0xf9, 0xff, 0xff, 0xff, 0xff, 0xff, 0xff, 0xff, 0xff, 0xff, 0xff, 0xff, 0xff, 0xff,
  0xff, 0xff, 0xff, 0xff, 0xff, 0xae, 0xf9, 0xff, 0xff, 0xff, 0xff, 0xff, 0xff, 0xff, 0xff, 0xff,
  0xff, 0xff, 0xff, 0xff, 0xff, 0xff, 0xff, 0xff, 0xff, 0xae, 0xf9, 0xff, 0xff, 0xff, 0xff, 0xff,
  0xff, 0xff, 0xff, 0xff, 0xff, 0xff, 0xff, 0xff, 0xff, 0xff, 0xff, 0xff, 0xff, 0xae, 0xf9, 0xff,
  0xff, 0xff, 0xff, 0xff, 0xff, 0xff, 0xff, 0xff, 0xff, 0xff, 0xff, 0xff, 0xff, 0xff, 0xff, 0xff,
  0xff, 0xae, 0xde, 0xe4, 0xe4, 0xe4, 0xe4, 0xe4, 0xe4, 0xfd, 0xff, 0xff, 0xff, 0xff, 0xf5, 0xe4,
  0xe4, 0xe4, 0xe4, 0xe4, 0xe4, 0x9b, 0x00, 0x00, 0x00, 0x00, 0x00, 0x00, 0x00, 0xeb, 0xff, 0xff,
  0xff, 0xff, 0x9f, 0x00, 0x00, 0x00, 0x00, 0x00, 0x00, 0x00, 0x00, 0x00, 0x00, 0x00, 0x00, 0x00,
  0x00, 0xeb, 0xff, 0xff, 0xff, 0xff, 0x9f, 0x00, 0x00, 0x00, 0x00, 0x00, 0x00, 0x00, 0x00, 0x00,
  0x00, 0x00, 0x00, 0x00, 0x00, 0xeb, 0xff, 0xff, 0xff, 0xff, 0x9f, 0x00, 0x00, 0x00, 0x00, 0x00,
  0x00, 0x00, 0x00, 0x00, 0x00, 0x00, 0x00, 0x00, 0x00, 0xeb, 0xff, 0xff, 0xff, 0xff, 0x9f, 0x00,
  0x00, 0x00, 0x00, 0x00, 0x00, 0x00, 0x00, 0x00, 0x00, 0x00, 0x00, 0x00, 0x00, 0xeb, 0xff, 0xff,
  0xff, 0xff, 0x9f, 0x00, 0x00, 0x00, 0x00, 0x00, 0x00, 0x00, 0x00, 0x00, 0x00, 0x00, 0x00, 0x00,
  0x00, 0xeb, 0xff, 0xff, 0xff, 0xff, 0x9f, 0x00, 0x00, 0x00, 0x00, 0x00, 0x00, 0x00, 0x00, 0x00,
  0x00, 0x00, 0x00, 0x00, 0x00, 0xeb, 0xff, 0xff, 0xff, 0xff, 0x9f, 0x00, 0x00, 0x00, 0x00, 0x00,
  0x00, 0x00, 0x00, 0x00, 0x00, 0x00, 0x00, 0x00, 0x00, 0xeb, 0xff, 0xff, 0xff, 0xff, 0x9f, 0x00,
  0x00, 0x00, 0x00, 0x00, 0x00, 0x00, 0x00, 0x00, 0x00, 0x00, 0x00, 0x00, 0x00, 0xeb, 0xff, 0xff,
  0xff, 0xff, 0x9f, 0x00, 0x00, 0x00, 0x00, 0x00, 0x00, 0x00, 0x00, 0x00, 0x00, 0x00, 0x00, 0x00,
  0x00, 0xeb, 0xff, 0xff, 0xff, 0xff, 0x9f, 0x00, 0x00, 0x00, 0x00, 0x00, 0x00, 0x00, 0x00, 0x00,
  0x00, 0x00, 0x00, 0x00, 0x00, 0xeb, 0xff, 0xff, 0xff, 0xff, 0x9f, 0x00, 0x00, 0x00, 0x00, 0x00,
  0x00, 0x00, 0x00, 0x00, 0x00, 0x00, 0x00, 0x00, 0x00, 0xeb, 0xff, 0xff, 0xff, 0xff, 0x9f, 0x00,
  0x00, 0x00, 0x00, 0x00, 0x00, 0x00, 0x00, 0x00, 0x00, 0x00, 0x00, 0x00, 0x00, 0xeb, 0xff, 0xff,
  0xff, 0xff, 0x9f, 0x00, 0x00, 0x00, 0x00, 0x00, 0x00, 0x00, 0x00, 0x00, 0x00, 0x00, 0x00, 0x00,
  0x00, 0xeb, 0xff, 0xff, 0xff, 0xff, 0x9f, 0x00, 0x00, 0x00, 0x00, 0x00, 0x00, 0x00, 0x00, 0x00,
  0x00, 0x00, 0x00, 0x00, 0x00, 0xeb, 0xff, 0xff, 0xff, 0xff, 0x9f, 0x00, 0x00, 0x00, 0x00, 0x00,
  0x00, 0x00, 0x00, 0x00, 0x00, 0x00, 0x00, 0x00, 0x00, 0xeb, 0xff, 0xff, 0xff, 0xff, 0x9f, 0x00,
  0x00, 0x00, 0x00, 0x00, 0x00, 0x00, 0x00, 0x00, 0x00, 0x00, 0x00, 0x00, 0x00, 0xeb, 0xff, 0xff,
  0xff, 0xff, 0x9f, 0x00, 0x00, 0x00, 0x00, 0x00, 0x00, 0x00, 0x00, 0x00, 0x00, 0x00, 0x00, 0x00,
  0x00, 0xeb, 0xff, 0xff, 0xff, 0xff, 0x9f, 0x00, 0x00, 0x00, 0x00, 0x00, 0x00, 0x00, 0x49, 0x4a,
  0x4a, 0x4a, 0x4a, 0x4a, 0x4a, 0xf1, 0xff, 0xff, 0xff, 0xff, 0xbb, 0x4a, 0x4a, 0x4a, 0x4a, 0x4a,
  0x4a, 0x32, 0xf9, 0xff, 0xff, 0xff, 0xff, 0xff, 0xff, 0xff, 0xff, 0xff, 0xff, 0xff, 0xff, 0xff,
  0xff, 0xff, 0xff, 0xff, 0xff, 0xae, 0xf9, 0xff, 0xff, 0xff, 0xff, 0xff, 0xff, 0xff, 0xff, 0xff,
  0xff, 0xff, 0xff, 0xff, 0xff, 0xff, 0xff, 0xff, 0xff, 0xae, 0xf9, 0xff, 0xff, 0xff, 0xff, 0xff,
  0xff, 0xff, 0xff, 0xff, 0xff, 0xff, 0xff, 0xff, 0xff, 0xff, 0xff, 0xff, 0xff, 0xae, 0xf9, 0xff,
  0xff, 0xff, 0xff, 0xff, 0xff, 0xff, 0xff, 0xff, 0xff, 0xff, 0xff, 0xff, 0xff, 0xff, 0xff, 0xff,
  0xff, 0xae, 0xf9, 0xff, 0xff, 0xff, 0xff, 0xff, 0xff, 0xff, 0xff, 0xff, 0xff, 0xff, 0xff, 0xff,
  0xff, 0xff, 0xff, 0xff, 0xff, 0xae, 0x00, 0x00, 0x00, 0x2f, 0x67, 0x5d, 0x19, 0x00, 0x00, 0x00,
  0x00, 0x00, 0x00, 0x30, 0x67, 0x5d, 0x18, 0x00, 0x00, 0x00, 0x00, 0x05, 0xa4, 0xff, 0xff, 0xff,
  0xf7, 0x67, 0x00, 0x00, 0x00, 0x06, 0xa5, 0xff, 0xff, 0xff, 0xf7, 0x66, 0x00, 0x00, 0x00, 0x8d,
  0xff, 0xff, 0xff, 0xff, 0xff, 0xfe, 0x43, 0x00, 0x00, 0x8e, 0xff, 0xff, 0xff, 0xff, 0xff, 0xfe,
  0x43, 0x00, 0x06, 0xf5, 0xff, 0xff, 0xff, 0xff, 0xff, 0xff, 0xb0, 0x00, 0x07, 0xf5, 0xff, 0xff,
  0xff, 0xff, 0xff, 0xff, 0xaf, 0x00, 0x1d, 0xff, 0xff, 0xff, 0xff, 0xff, 0xff, 0xff, 0xd2, 0x00,
  0x1e, 0xff, 0xff, 0xff, 0xff, 0xff, 0xff, 0xff, 0xd1, 0x00, 0x09, 0xf8, 0xff, 0xff, 0xff, 0xff,
  0xff, 0xff, 0xb7, 0x00, 0x09, 0xf9, 0xff, 0xff, 0xff, 0xff, 0xff, 0xff, 0xb6, 0x00, 0x00, 0x9d,
  0xff, 0xff, 0xff, 0xff, 0xff, 0xff, 0x52, 0x00, 0x00, 0x9e, 0xff, 0xff, 0xff, 0xff, 0xff, 0xff,
  0x51, 0x00, 0x00, 0x0c, 0xbd, 0xff, 0xff, 0xff, 0xfe, 0x80, 0x00, 0x00, 0x00, 0x0c, 0xbe, 0xff,
  0xff, 0xff, 0xfe, 0x80, 0x00, 0x00, 0x00, 0x00, 0x01, 0x4a, 0x81, 0x78, 0x2d, 0x00, 0x00, 0x00,
  0x00, 0x00, 0x01, 0x4a, 0x81, 0x78, 0x2c, 0x00, 0x00, 0x00, 0x00, 0x00, 0x00, 0x00, 0x00, 0x00,
  0x00, 0x00, 0x00, 0x00, 0x00, 0x00, 0x00, 0x00, 0x00, 0x00, 0x00, 0x00, 0x00, 0x00, 0x63, 0x66,
  0x66, 0x66, 0x66, 0x66, 0x66, 0x66, 0x66, 0x66, 0x66, 0x66, 0x66, 0x66, 0x66, 0x66, 0x66, 0x66,
  0x66, 0x45, 0xf9, 0xff, 0xff, 0xff, 0xff, 0xff, 0xff, 0xff, 0xff, 0xff, 0xff, 0xff, 0xff, 0xff,
  0xff, 0xff, 0xff, 0xff, 0xff, 0xae, 0xf9, 0xff, 0xff, 0xff, 0xff, 0xff, 0xff, 0xff, 0xff, 0xff,
  0xff, 0xff, 0xff, 0xff, 0xff, 0xff, 0xff, 0xff, 0xff, 0xae, 0xf9, 0xff, 0xff, 0xff, 0xff, 0xff,
  0xff, 0xff, 0xff, 0xff, 0xff, 0xff, 0xff, 0xff, 0xff, 0xff, 0xff, 0xff, 0xff, 0xae, 0xf9, 0xff,
  0xff, 0xff, 0xff, 0xff, 0xff, 0xff, 0xff, 0xff, 0xff, 0xff, 0xff, 0xff, 0xff, 0xff, 0xff, 0xff,
  0xff, 0xae, 0xde, 0xe4, 0xe4, 0xe4, 0xe4, 0xe4, 0xe4, 0xfd, 0xff, 0xff, 0xff, 0xff, 0xf5, 0xe4,
  0xe4, 0xe4, 0xe4, 0xe4, 0xe4, 0x9b, 0x00, 0x00, 0x00, 0x00, 0x00, 0x00, 0x00, 0xeb, 0xff, 0xff,
  0xff, 0xff, 0x9f, 0x00, 0x00, 0x00, 0x00, 0x00, 0x00, 0x00, 0x00, 0x00, 0x00, 0x00, 0x00, 0x00,
  0x00, 0xeb, 0xff, 0xff, 0xff, 0xff, 0x9f, 0x00, 0x00, 0x00, 0x00, 0x00, 0x00, 0x00, 0x00, 0x00,
  0x00, 0x00, 0x00, 0x00, 0x00, 0xeb, 0xff, 0xff, 0xff, 0xff, 0x9f, 0x00, 0x00, 0x00, 0x00, 0x00,
  0x00, 0x00, 0x00, 0x00, 0x00, 0x00, 0x00, 0x00, 0x00, 0xeb, 0xff, 0xff, 0xff, 0xff, 0x9f, 0x00,
  0x00, 0x00, 0x00, 0x00, 0x00, 0x00, 0x00, 0x00, 0x00, 0x00, 0x00, 0x00, 0x00, 0xeb, 0xff, 0xff,
  0xff, 0xff, 0x9f, 0x00, 0x00, 0x00, 0x00, 0x00, 0x00, 0x00, 0x00, 0x00, 0x00, 0x00, 0x00, 0x00,
  0x00, 0xeb, 0xff, 0xff, 0xff, 0xff, 0x9f, 0x00, 0x00, 0x00, 0x00, 0x00, 0x00, 0x00, 0x00, 0x00,
  0x00, 0x00, 0x00, 0x00, 0x00, 0xeb, 0xff, 0xff, 0xff, 0xff, 0x9f, 0x00, 0x00, 0x00, 0x00, 0x00,
  0x00, 0x00, 0x00, 0x00, 0x00, 0x00, 0x00, 0x00, 0x00, 0xeb, 0xff, 0xff, 0xff, 0xff, 0x9f, 0x00,
  0x00, 0x00, 0x00, 0x00, 0x00, 0x00, 0x00, 0x00, 0x00, 0x00, 0x00, 0x00, 0x00, 0xeb, 0xff, 0xff,
  0xff, 0xff, 0x9f, 0x00, 0x00, 0x00, 0x00, 0x00, 0x00, 0x00, 0x00, 0x00, 0x00, 0x00, 0x00, 0x00,
  0x00, 0xeb, 0xff, 0xff, 0xff, 0xff, 0x9f, 0x00, 0x00, 0x00, 0x00, 0x00, 0x00, 0x00, 0x00, 0x00,
  0x00, 0x00, 0x00, 0x00, 0x00, 0xeb, 0xff, 0xff, 0xff, 0xff, 0x9f, 0x00, 0x00, 0x00, 0x00, 0x00,
  0x00, 0x00, 0x00, 0x00, 0x00, 0x00, 0x00, 0x00, 0x00, 0xeb, 0xff, 0xff, 0xff, 0xff, 0x9f, 0x00,
  0x00, 0x00, 0x00, 0x00, 0x00, 0x00, 0x00, 0x00, 0x00, 0x00, 0x00, 0x00, 0x00, 0xeb, 0xff, 0xff,
  0xff, 0xff, 0x9f, 0x00, 0x00, 0x00, 0x00, 0x00, 0x00, 0x00, 0x00, 0x00, 0x00, 0x00, 0x00, 0x00,
  0x00, 0xeb, 0xff, 0xff, 0xff, 0xff, 0x9f, 0x00, 0x00, 0x00, 0x00, 0x00, 0x00, 0x00, 0x00, 0x00,
  0x00, 0x00, 0x00, 0x00, 0x00, 0xeb, 0xff, 0xff, 0xff, 0xff, 0x9f, 0x00, 0x00, 0x00, 0x00, 0x00,
  0x00, 0x00, 0x00, 0x00, 0x00, 0x00, 0x00, 0x00, 0x00, 0xeb, 0xff, 0xff, 0xff, 0xff, 0x9f, 0x00,
  0x00, 0x00, 0x00, 0x00, 0x00, 0x00, 0x00, 0x00, 0x00, 0x00, 0x00, 0x00, 0x00, 0xeb, 0xff, 0xff,
  0xff, 0xff, 0x9f, 0x00, 0x00, 0x00, 0x00, 0x00, 0x00, 0x00, 0x00, 0x00, 0x00, 0x00, 0x00, 0x00,
  0x00, 0xeb, 0xff, 0xff, 0xff, 0xff, 0x9f, 0x00, 0x00, 0x00, 0x00, 0x00, 0x00, 0x00, 0x49, 0x4a,
  0x4a, 0x4a, 0x4a, 0x4a, 0x4a, 0xf1, 0xff, 0xff, 0xff, 0xff, 0xbb, 0x4a, 0x4a, 0x4a, 0x4a, 0x4a,
  0x4a, 0x32, 0xf9, 0xff, 0xff, 0xff, 0xff, 0xff, 0xff, 0xff, 0xff, 0xff, 0xff, 0xff, 0xff, 0xff,
  0xff, 0xff, 0xff, 0xff, 0xff, 0xae, 0xf9, 0xff, 0xff, 0xff, 0xff, 0xff, 0xff, 0xff, 0xff, 0xff,
  0xff, 0xff, 0xff, 0xff, 0xff, 0xff, 0xff, 0xff, 0xff, 0xae, 0xf9, 0xff, 0xff, 0xff, 0xff, 0xff,
  0xff, 0xff, 0xff, 0xff, 0xff, 0xff, 0xff, 0xff, 0xff, 0xff, 0xff, 0xff, 0xff, 0xae, 0xf9, 0xff,
  0xff, 0xff, 0xff, 0xff, 0xff, 0xff, 0xff, 0xff, 0xff, 0xff, 0xff, 0xff, 0xff, 0xff, 0xff, 0xff,
  0xff, 0xae, 0xf9, 0xff, 0xff, 0xff, 0xff, 0xff, 0xff, 0xff, 0xff, 0xff, 0xff, 0xff, 0xff, 0xff,
  0xff, 0xff, 0xff, 0xff, 0xff, 0xae, 0x07, 0x66, 0x66, 0x66, 0x66, 0x66, 0x66, 0x66, 0x66, 0x66,
  0x66, 0x65, 0x57, 0x47, 0x28, 0x01, 0x00, 0x00, 0x00, 0x00, 0x00, 0x00, 0x00, 0x11, 0xff, 0xff,
  0xff, 0xff, 0xff, 0xff, 0xff, 0xff, 0xff, 0xff, 0xff, 0xff, 0xff, 0xff, 0xef, 0xac, 0x40, 0x00,
  0x00, 0x00, 0x00, 0x00, 0x11, 0xff, 0xff, 0xff, 0xff, 0xff, 0xff, 0xff, 0xff, 0xff, 0xff, 0xff,
  0xff, 0xff, 0xff, 0xff, 0xff, 0xff, 0xb6, 0x14, 0x00, 0x00, 0x00, 0x11, 0xff, 0xff, 0xff, 0xff,
  0xff, 0xff, 0xff, 0xff, 0xff, 0xff, 0xff, 0xff, 0xff, 0xff, 0xff, 0xff, 0xff, 0xff, 0xde, 0x14,
  0x00, 0x00, 0x11, 0xff, 0xff, 0xff, 0xff, 0xff, 0xff, 0xff, 0xff, 0xff, 0xff, 0xff, 0xff, 0xff,
  0xff, 0xff, 0xff, 0xff, 0xff, 0xff, 0xbb, 0x00, 0x00, 0x0f, 0xe4, 0xe4, 0xec, 0xff, 0xff, 0xff,
  0xff, 0xff, 0xeb, 0xe4, 0xe5, 0xf2, 0xff, 0xff, 0xff, 0xff, 0xff, 0xff, 0xff, 0xff, 0x43, 0x00,
  0x00, 0x00, 0x00, 0x4b, 0xff, 0xff, 0xff, 0xff, 0xff, 0x3f, 0x00, 0x00, 0x00, 0x18, 0x6a, 0xed,
  0xff, 0xff, 0xff, 0xff, 0xff, 0xb0, 0x00, 0x00, 0x00, 0x00, 0x4b, 0xff, 0xff, 0xff, 0xff, 0xff,
  0x3f, 0x00, 0x00, 0x00, 0x00, 0x00, 0x2d, 0xf7, 0xff, 0xff, 0xff, 0xff, 0xef, 0x01, 0x00, 0x00,
  0x00, 0x4b, 0xff, 0xff, 0xff, 0xff, 0xff, 0x3f, 0x00, 0x00, 0x00, 0x00, 0x00, 0x00, 0x9b, 0xff,
  0xff, 0xff, 0xff, 0xff, 0x28, 0x00, 0x00, 0x00, 0x4b, 0xff, 0xff, 0xff, 0xff, 0xff, 0x3f, 0x00,
  0x00, 0x00, 0x00, 0x00, 0x00, 0x56, 0xff, 0xff, 0xff, 0xff, 0xff, 0x40, 0x00, 0x00, 0x00, 0x4b,
  0xff, 0xff, 0xff, 0xff, 0xff, 0x3f, 0x00, 0x00, 0x00, 0x00, 0x00, 0x00, 0x39, 0xff, 0xff, 0xff,
  0xff, 0xff, 0x51, 0x00, 0x00, 0x00, 0x4b, 0xff, 0xff, 0xff, 0xff, 0xff, 0x3f, 0x00, 0x00, 0x00,
  0x00, 0x00, 0x00, 0x31, 0xff, 0xff, 0xff, 0xff, 0xff, 0x5a, 0x03, 0x38, 0x38, 0x73, 0xff, 0xff,
  0xff, 0xff, 0xff, 0x69, 0x38, 0x38, 0x38, 0x14, 0x00, 0x00, 0x31, 0xff, 0xff, 0xff, 0xff, 0xff,
  0x5a, 0x11, 0xff, 0xff, 0xff, 0xff, 0xff, 0xff, 0xff, 0xff, 0xff, 0xff, 0xff, 0xff, 0x5d, 0x00,
  0x00, 0x31, 0xff, 0xff, 0xff, 0xff, 0xff, 0x5a, 0x11, 0xff, 0xff, 0xff, 0xff, 0xff, 0xff, 0xff,
  0xff, 0xff, 0xff, 0xff, 0xff, 0x5d, 0x00, 0x00, 0x31, 0xff, 0xff, 0xff, 0xff, 0xff, 0x5a, 0x11,
  0xff, 0xff, 0xff, 0xff, 0xff, 0xff, 0xff, 0xff, 0xff, 0xff, 0xff, 0xff, 0x5d, 0x00, 0x00, 0x31,
  0xff, 0xff, 0xff, 0xff, 0xff, 0x5a, 0x11, 0xff, 0xff, 0xff, 0xff, 0xff, 0xff, 0xff, 0xff, 0xff,
  0xff, 0xff, 0xff, 0x5d, 0x00, 0x00, 0x31, 0xff, 0xff, 0xff, 0xff, 0xff, 0x5a, 0x0e, 0xd1, 0xd1,
  0xdf, 0xff, 0xff, 0xff, 0xff, 0xff, 0xdd, 0xd1, 0xd1, 0xd1, 0x4c, 0x00, 0x00, 0x31, 0xff, 0xff,
  0xff, 0xff, 0xff, 0x5a, 0x00, 0x00, 0x00, 0x4b, 0xff, 0xff, 0xff, 0xff, 0xff, 0x3f, 0x00, 0x00,
  0x00, 0x00, 0x00, 0x00, 0x31, 0xff, 0xff, 0xff, 0xff, 0xff, 0x5a, 0x00, 0x00, 0x00, 0x4b, 0xff,
  0xff, 0xff, 0xff, 0xff, 0x3f, 0x00, 0x00, 0x00, 0x00, 0x00, 0x00, 0x37, 0xff, 0xff, 0xff, 0xff,
  0xff, 0x58, 0x00, 0x00, 0x00, 0x4b, 0xff, 0xff, 0xff, 0xff, 0xff, 0x3f, 0x00, 0x00, 0x00, 0x00,
  0x00, 0x00, 0x4a, 0xff, 0xff, 0xff, 0xff, 0xff, 0x4a, 0x00, 0x00, 0x00, 0x4b, 0xff, 0xff, 0xff,
  0xff, 0xff, 0x3f, 0x00, 0x00, 0x00, 0x00, 0x00, 0x00, 0x7a, 0xff, 0xff, 0xff, 0xff, 0xff, 0x39,
  0x00, 0x00, 0x00, 0x4b, 0xff, 0xff, 0xff, 0xff, 0xff, 0x3f, 0x00, 0x00, 0x00, 0x00, 0x00, 0x03,
  0xd5, 0xff, 0xff, 0xff, 0xff, 0xff, 0x15, 0x00, 0x00, 0x00, 0x4b, 0xff, 0xff, 0xff, 0xff, 0xff,
  0x3f, 0x00, 0x00, 0x00, 0x00, 0x01, 0x8d, 0xff, 0xff, 0xff, 0xff, 0xff, 0xd8, 0x00, 0x05, 0x4a,
  0x4a, 0x80, 0xff, 0xff, 0xff, 0xff, 0xff, 0x77, 0x4a, 0x4c, 0x59, 0x81, 0xd5, 0xff, 0xff, 0xff,
  0xff, 0xff, 0xff, 0x89, 0x00, 0x11, 0xff, 0xff, 0xff, 0xff, 0xff, 0xff, 0xff, 0xff, 0xff, 0xff,
  0xff, 0xff, 0xff, 0xff, 0xff, 0xff, 0xff, 0xff, 0xff, 0xf9, 0x1a, 0x00, 0x11, 0xff, 0xff, 0xff,
  0xff, 0xff, 0xff, 0xff, 0xff, 0xff, 0xff, 0xff, 0xff, 0xff, 0xff, 0xff, 0xff, 0xff, 0xff, 0xff,
  0x70, 0x00, 0x00, 0x11, 0xff, 0xff, 0xff, 0xff, 0xff, 0xff, 0xff, 0xff, 0xff, 0xff, 0xff, 0xff,
  0xff, 0xff, 0xff, 0xff, 0xff, 0xff, 0x8d, 0x00, 0x00, 0x00, 0x11, 0xff, 0xff, 0xff, 0xff, 0xff,
  0xff, 0xff, 0xff, 0xff, 0xff, 0xff, 0xff, 0xff, 0xff, 0xff, 0xff, 0xd8, 0x51, 0x00, 0x00, 0x00,
  0x00, 0x11, 0xff, 0xff, 0xff, 0xff, 0xff, 0xff, 0xff, 0xff, 0xff, 0xff, 0xfe, 0xf1, 0xe1, 0xc2,
  0x8a, 0x46, 0x01, 0x00, 0x00, 0x00, 0x00, 0x00, 0x00, 0x00, 0x00, 0x00, 0x00, 0x00, 0x34, 0xa0,
  0xc7, 0xb5, 0x57, 0x00, 0x00, 0x00, 0x00, 0x0a, 0x92, 0x13, 0x00, 0x00, 0x00, 0x00, 0x00, 0x00,
  0x00, 0x00, 0x00, 0x5a, 0xfc, 0xff, 0xff, 0xff, 0xff, 0x8e, 0x00, 0x00, 0x01, 0xa8, 0xff, 0xe1,
  0x36, 0x00, 0x00, 0x00, 0x00, 0x00, 0x00, 0x00, 0x3b, 0xfa, 0xff, 0xff, 0xff, 0xff, 0xff, 0xff,
  0xa4, 0x49, 0xa8, 0xff, 0xff, 0xff, 0xf9, 0x3c, 0x00, 0x00, 0x00, 0x00, 0x00, 0x19, 0xe6, 0xff,
  0xff, 0xff, 0xff, 0xff, 0xff, 0xff, 0xff, 0xff, 0xff, 0xff, 0xff, 0xff, 0xc1, 0x04, 0x00, 0x00,
  0x00, 0x00, 0x00, 0xc2, 0xff, 0xff, 0xff, 0xff, 0xd1, 0xdf, 0xff, 0xff, 0xff, 0xff, 0xff, 0xff,
  0xff, 0xe2, 0x16, 0x00, 0x00, 0x00, 0x00, 0x00, 0x00, 0x44, 0xed, 0xff, 0xff, 0x7b, 0x00, 0x04,
  0xa9, 0xff, 0xff, 0xff, 0xff, 0xff, 0xf3, 0x33, 0x00, 0x00, 0x00, 0x00, 0x00, 0x00, 0x00, 0x00,
  0x22, 0xd2, 0xa2, 0x00, 0x00, 0x00, 0x03, 0x90, 0xfd, 0xff, 0xff, 0xda, 0x38, 0x00, 0x00, 0x00,
  0x00, 0x00, 0x00, 0x00, 0x00, 0x00, 0x00, 0x0b, 0x09, 0x00, 0x00, 0x00, 0x00, 0x00, 0x18, 0x42,
  0x2f, 0x01, 0x00, 0x00, 0x00, 0x00, 0x00, 0x00, 0x00, 0x00, 0x00, 0x00, 0x00, 0x00, 0x00, 0x00,
  0x00, 0x00, 0x00, 0x00, 0x00, 0x00, 0x00, 0x00, 0x00, 0x00, 0x00, 0x00, 0x00, 0x00, 0x2c, 0x66,
  0x66, 0x66, 0x66, 0x66, 0x66, 0x66, 0x66, 0x66, 0x66, 0x2b, 0x00, 0x00, 0x00, 0x29, 0x66, 0x66,
  0x66, 0x66, 0x66, 0x0e, 0x70, 0xff, 0xff, 0xff, 0xff, 0xff, 0xff, 0xff, 0xff, 0xff, 0xff, 0x84,
  0x00, 0x00, 0x00, 0x66, 0xff, 0xff, 0xff, 0xff, 0xff, 0x24, 0x70, 0xff, 0xff, 0xff, 0xff, 0xff,
  0xff, 0xff, 0xff, 0xff, 0xff, 0xa5, 0x00, 0x00, 0x00, 0x66, 0xff, 0xff, 0xff, 0xff, 0xff, 0x24,
  0x70, 0xff, 0xff, 0xff, 0xff, 0xff, 0x7f, 0xff, 0xff, 0xff, 0xff, 0xc7, 0x00, 0x00, 0x00, 0x67,
  0xff, 0xff, 0xff, 0xff, 0xff, 0x24, 0x70, 0xff, 0xff, 0xff, 0xff, 0xff, 0x1e, 0xfa, 0xff, 0xff,
  0xff, 0xe8, 0x00, 0x00, 0x00, 0x66, 0xff, 0xff, 0xff, 0xff, 0xff, 0x24, 0x70, 0xff, 0xff, 0xff,
  0xff, 0xff, 0x1b, 0xdb, 0xff, 0xff, 0xff, 0xff, 0x09, 0x00, 0x00, 0x66, 0xff, 0xff, 0xff, 0xff,
  0xff, 0x24, 0x70, 0xff, 0xff, 0xff, 0xff, 0xff, 0x1b, 0xba, 0xff, 0xff, 0xff, 0xff, 0x2a, 0x00,
  0x00, 0x66, 0xff, 0xff, 0xff, 0xff, 0xff, 0x24, 0x70, 0xff, 0xff, 0xff, 0xff, 0xff, 0x1b, 0x99,
  0xff, 0xff, 0xff, 0xff, 0x4b, 0x00, 0x00, 0x66, 0xff, 0xff, 0xff, 0xff, 0xff, 0x24, 0x70, 0xff,
  0xff, 0xff, 0xff, 0xff, 0x1b, 0x78, 0xff, 0xff, 0xff, 0xff, 0x6c, 0x00, 0x00, 0x66, 0xff, 0xff,
  0xff, 0xff, 0xff, 0x24, 0x70, 0xff, 0xff, 0xff, 0xff, 0xff, 0x1b, 0x57, 0xff, 0xff, 0xff, 0xff,
  0x8d, 0x00, 0x00, 0x66, 0xff, 0xff, 0xff, 0xff, 0xff, 0x24, 0x70, 0xff, 0xff, 0xff, 0xff, 0xff,
  0x1b, 0x36, 0xff, 0xff, 0xff, 0xff, 0xae, 0x00, 0x00, 0x66, 0xff, 0xff, 0xff, 0xff, 0xff, 0x24,
  0x70, 0xff, 0xff, 0xff, 0xff, 0xff, 0x1b, 0x15, 0xff, 0xff, 0xff, 0xff, 0xcf, 0x00, 0x00, 0x66,
  0xff, 0xff, 0xff, 0xff, 0xff, 0x24, 0x70, 0xff, 0xff, 0xff, 0xff, 0xff, 0x1b, 0x00, 0xf4, 0xff,
  0xff, 0xff, 0xf0, 0x00, 0x00, 0x66, 0xff, 0xff, 0xff, 0xff, 0xff, 0x24, 0x70, 0xff, 0xff, 0xff,
  0xff, 0xff, 0x1b, 0x00, 0xd3, 0xff, 0xff, 0xff, 0xff, 0x11, 0x00, 0x66, 0xff, 0xff, 0xff, 0xff,
  0xff, 0x24, 0x70, 0xff, 0xff, 0xff, 0xff, 0xff, 0x1b, 0x00, 0xb2, 0xff, 0xff, 0xff, 0xff, 0x32,
  0x00, 0x66, 0xff, 0xff, 0xff, 0xff, 0xff, 0x24, 0x70, 0xff, 0xff, 0xff, 0xff, 0xff, 0x1b, 0x00,
  0x91, 0xff, 0xff, 0xff, 0xff, 0x53, 0x00, 0x66, 0xff, 0xff, 0xff, 0xff, 0xff, 0x24, 0x70, 0xff,
  0xff, 0xff, 0xff, 0xff, 0x1b, 0x00, 0x70, 0xff, 0xff, 0xff, 0xff, 0x74, 0x00, 0x66, 0xff, 0xff,
  0xff, 0xff, 0xff, 0x24, 0x70, 0xff, 0xff, 0xff, 0xff, 0xff, 0x1b, 0x00, 0x4e, 0xff, 0xff, 0xff,
  0xff, 0x95, 0x00, 0x66, 0xff, 0xff, 0xff, 0xff, 0xff, 0x24, 0x70, 0xff, 0xff, 0xff, 0xff, 0xff,
  0x1b, 0x00, 0x2d, 0xff, 0xff, 0xff, 0xff, 0xb6, 0x00, 0x66, 0xff, 0xff, 0xff, 0xff, 0xff, 0x24,
  0x70, 0xff, 0xff, 0xff, 0xff, 0xff, 0x1b, 0x00, 0x0d, 0xff, 0xff, 0xff, 0xff, 0xd8, 0x00, 0x66,
  0xff, 0xff, 0xff, 0xff, 0xff, 0x24, 0x70, 0xff, 0xff, 0xff, 0xff, 0xff, 0x1b, 0x00, 0x00, 0xeb,
  0xff, 0xff, 0xff, 0xf7, 0x01, 0x66, 0xff, 0xff, 0xff, 0xff, 0xff, 0x24, 0x70, 0xff, 0xff, 0xff,
  0xff, 0xff, 0x1b, 0x00, 0x00, 0xca, 0xff, 0xff, 0xff, 0xff, 0x1a, 0x66, 0xff, 0xff, 0xff, 0xff,
  0xff, 0x24, 0x70, 0xff, 0xff, 0xff, 0xff, 0xff, 0x1b, 0x00, 0x00, 0xa9, 0xff, 0xff, 0xff, 0xff,
  0x3b, 0x66, 0xff, 0xff, 0xff, 0xff, 0xff, 0x24, 0x70, 0xff, 0xff, 0xff, 0xff, 0xff, 0x1b, 0x00,
  0x00, 0x88, 0xff, 0xff, 0xff, 0xff, 0x5c, 0x66, 0xff, 0xff, 0xff, 0xff, 0xff, 0x24, 0x70, 0xff,
  0xff, 0xff, 0xff, 0xff, 0x1b, 0x00, 0x00, 0x67, 0xff, 0xff, 0xff, 0xff, 0x7d, 0x66, 0xff, 0xff,
  0xff, 0xff, 0xff, 0x24, 0x70, 0xff, 0xff, 0xff, 0xff, 0xff, 0x1b, 0x00, 0x00, 0x46, 0xff, 0xff,
  0xff, 0xff, 0x9e, 0x66, 0xff, 0xff, 0xff, 0xff, 0xff, 0x24, 0x70, 0xff, 0xff, 0xff, 0xff, 0xff,
  0x1b, 0x00, 0x00, 0x25, 0xff, 0xff, 0xff, 0xff, 0xbf, 0x66, 0xff, 0xff, 0xff, 0xff, 0xff, 0x24,
  0x70, 0xff, 0xff, 0xff, 0xff, 0xff, 0x1b, 0x00, 0x00, 0x06, 0xfd, 0xff, 0xff, 0xff, 0xf5, 0xdd,
  0xff, 0xff, 0xff, 0xff, 0xff, 0x24, 0x70, 0xff, 0xff, 0xff, 0xff, 0xff, 0x1b, 0x00, 0x00, 0x00,
  0xe3, 0xff, 0xff, 0xff, 0xff, 0xff, 0xff, 0xff, 0xff, 0xff, 0xff, 0x24, 0x70, 0xff, 0xff, 0xff,
  0xff, 0xff, 0x1b, 0x00, 0x00, 0x00, 0xc2, 0xff, 0xff, 0xff, 0xff, 0xff, 0xff, 0xff, 0xff, 0xff,
  0xff, 0x24, 0x00, 0x00, 0x00, 0x00, 0x00, 0x2c, 0x38, 0x38, 0x38, 0x38, 0x2d, 0x00, 0x00, 0x00,
  0x00, 0x00, 0x00, 0x00, 0x00, 0x00, 0x00, 0x00, 0x00, 0x00, 0x00, 0x00, 0x00, 0x6a, 0xff, 0xff,
  0xff, 0xff, 0xf8, 0x12, 0x00, 0x00, 0x00, 0x00, 0x00, 0x00, 0x00, 0x00, 0x00, 0x00, 0x00, 0x00,
  0x00, 0x00, 0x00, 0x02, 0xc9, 0xff, 0xff, 0xff, 0xff, 0x6c, 0x00, 0x00, 0x00, 0x00, 0x00, 0x00,
  0x00, 0x00, 0x00, 0x00, 0x00, 0x00, 0x00, 0x00, 0x00, 0x00, 0x31, 0xfc, 0xff, 0xff, 0xff, 0xce,
  0x00, 0x00, 0x00, 0x00, 0x00, 0x00, 0x00, 0x00, 0x00, 0x00, 0x00, 0x00, 0x00, 0x00, 0x00, 0x00,
  0x00, 0x8f, 0xff, 0xff, 0xff, 0xff, 0x30, 0x00, 0x00, 0x00, 0x00, 0x00, 0x00, 0x00, 0x00, 0x00,
  0x00, 0x00, 0x00, 0x00, 0x00, 0x00, 0x00, 0x0d, 0xe4, 0xff, 0xff, 0xff, 0x92, 0x00, 0x00, 0x00,
  0x00, 0x00, 0x00, 0x00, 0x00, 0x00, 0x00, 0x00, 0x00, 0x00, 0x00, 0x00, 0x00, 0x00, 0x3c, 0x7d,
  0x7d, 0x7d, 0x6c, 0x00, 0x00, 0x00, 0x00, 0x00, 0x00, 0x00, 0x00, 0x00, 0x00, 0x00, 0x00, 0x00,
  0x00, 0x00, 0x00, 0x00, 0x00, 0x00, 0x00, 0x00, 0x00, 0x00, 0x00, 0x00, 0x00, 0x00, 0x00, 0x00,
  0x00, 0x00, 0x00, 0x00, 0x00, 0x00, 0x00, 0x00, 0x00, 0x00, 0x00, 0x00, 0x00, 0x00, 0x00, 0x00,
  0x00, 0x00, 0x00, 0x00, 0x00, 0x00, 0x00, 0x00, 0x00, 0x00, 0x00, 0x00, 0x00, 0x00, 0x39, 0x84,
  0xc5, 0xe0, 0xf4, 0xef, 0xd9, 0xb5, 0x6f, 0x1f, 0x00, 0x00, 0x00, 0x00, 0x00, 0x00, 0x00, 0x00,
  0x00, 0x00, 0x31, 0xbd, 0xff, 0xff, 0xff, 0xff, 0xff, 0xff, 0xff, 0xff, 0xff, 0xfa, 0x95, 0x13,
  0x00, 0x00, 0x00, 0x00, 0x00, 0x00, 0x00, 0x56, 0xf8, 0xff, 0xff, 0xff, 0xff, 0xff, 0xff, 0xff,
  0xff, 0xff, 0xff, 0xff, 0xff, 0xdc, 0x25, 0x00, 0x00, 0x00, 0x00, 0x00, 0x51, 0xfe, 0xff, 0xff,
  0xff, 0xff, 0xff, 0xff, 0xff, 0xff, 0xff, 0xff, 0xff, 0xff, 0xff, 0xff, 0xe9, 0x1a, 0x00, 0x00,
  0x00, 0x1d, 0xee, 0xff, 0xff, 0xff, 0xff, 0xff, 0xff, 0xff, 0xff, 0xff, 0xff, 0xff, 0xff, 0xff,
  0xff, 0xff, 0xff, 0xbd, 0x02, 0x00, 0x00, 0x9b, 0xff, 0xff, 0xff, 0xff, 0xff, 0xf8, 0x89, 0x33,
  0x13, 0x18, 0x47, 0xb2, 0xff, 0xff, 0xff, 0xff, 0xff, 0xff, 0x4f, 0x00, 0x15, 0xf7, 0xff, 0xff,
  0xff, 0xff, 0xf7, 0x44, 0x00, 0x00, 0x00, 0x00, 0x00, 0x00, 0x8e, 0xff, 0xff, 0xff, 0xff, 0xff,
  0xc0, 0x00, 0x61, 0xff, 0xff, 0xff, 0xff, 0xff, 0x81, 0x00, 0x00, 0x00, 0x00, 0x00, 0x00, 0x00,
  0x01, 0xd2, 0xff, 0xff, 0xff, 0xff, 0xff, 0x15, 0x9b, 0xff, 0xff, 0xff, 0xff, 0xfc, 0x11, 0x00,
  0x00, 0x00, 0x00, 0x00, 0x00, 0x00, 0x00, 0x5f, 0xff, 0xff, 0xff, 0xff, 0xff, 0x50, 0xce, 0xff,
  0xff, 0xff, 0xff, 0xcb, 0x00, 0x00, 0x00, 0x00, 0x00, 0x00, 0x00, 0x00, 0x00, 0x1a, 0xff, 0xff,
  0xff, 0xff, 0xff, 0x82, 0xe1, 0xff, 0xff, 0xff, 0xff, 0xa5, 0x00, 0x00, 0x00, 0x00, 0x00, 0x00,
  0x00, 0x00, 0x00, 0x00, 0xf2, 0xff, 0xff, 0xff, 0xff, 0x95, 0xf2, 0xff, 0xff, 0xff, 0xff, 0x93,
  0x00, 0x00, 0x00, 0x00, 0x00, 0x00, 0x00, 0x00, 0x00, 0x00, 0xdf, 0xff, 0xff, 0xff, 0xff, 0xa7,
  0xfb, 0xff, 0xff, 0xff, 0xff, 0x8f, 0x00, 0x00, 0x00, 0x00, 0x00, 0x00, 0x00, 0x00, 0x00, 0x00,
  0xdb, 0xff, 0xff, 0xff, 0xff, 0xb0, 0xfb, 0xff, 0xff, 0xff, 0xff, 0x8f, 0x00, 0x00, 0x00, 0x00,
  0x00, 0x00, 0x00, 0x00, 0x00, 0x00, 0xdb, 0xff, 0xff, 0xff, 0xff, 0xb0, 0xfb, 0xff, 0xff, 0xff,
  0xff, 0x8f, 0x00, 0x00, 0x00, 0x00, 0x00, 0x00, 0x00, 0x00, 0x00, 0x00, 0xdb, 0xff, 0xff, 0xff,
  0xff, 0xb0, 0xfb, 0xff, 0xff, 0xff, 0xff, 0x8f, 0x00, 0x00, 0x00, 0x00, 0x00, 0x00, 0x00, 0x00,
  0x00, 0x00, 0xdb, 0xff, 0xff, 0xff, 0xff, 0xb0, 0xfb, 0xff, 0xff, 0xff, 0xff, 0x8f, 0x00, 0x00,
  0x00, 0x00, 0x00, 0x00, 0x00, 0x00, 0x00, 0x00, 0xdb, 0xff, 0xff, 0xff, 0xff, 0xb0, 0xfb, 0xff,
  0xff, 0xff, 0xff, 0x8f, 0x00, 0x00, 0x00, 0x00, 0x00, 0x00, 0x00, 0x00, 0x00, 0x00, 0xdb, 0xff,
  0xff, 0xff, 0xff, 0xb0, 0xfa, 0xff, 0xff, 0xff, 0xff, 0x8f, 0x00, 0x00, 0x00, 0x00, 0x00, 0x00,
  0x00, 0x00, 0x00, 0x00, 0xdb, 0xff, 0xff, 0xff, 0xff, 0xae, 0xec, 0xff, 0xff, 0xff, 0xff, 0x97,
  0x00, 0x00, 0x00, 0x00, 0x00, 0x00, 0x00, 0x00, 0x00, 0x00, 0xe2, 0xff, 0xff, 0xff, 0xff, 0xa0,
  0xdb, 0xff, 0xff, 0xff, 0xff, 0xaa, 0x00, 0x00, 0x00, 0x00, 0x00, 0x00, 0x00, 0x00, 0x00, 0x01,
  0xf5, 0xff, 0xff, 0xff, 0xff, 0x8f, 0xc1, 0xff, 0xff, 0xff, 0xff, 0xd7, 0x00, 0x00, 0x00, 0x00,
  0x00, 0x00, 0x00, 0x00, 0x00, 0x23, 0xff, 0xff, 0xff, 0xff, 0xff, 0x75, 0x89, 0xff, 0xff, 0xff,
  0xff, 0xff, 0x24, 0x00, 0x00, 0x00, 0x00, 0x00, 0x00, 0x00, 0x00, 0x6f, 0xff, 0xff, 0xff, 0xff,
  0xff, 0x3d, 0x4d, 0xff, 0xff, 0xff, 0xff, 0xff, 0x9c, 0x00, 0x00, 0x00, 0x00, 0x00, 0x00, 0x00,
  0x09, 0xde, 0xff, 0xff, 0xff, 0xff, 0xf8, 0x09, 0x05, 0xe5, 0xff, 0xff, 0xff, 0xff, 0xff, 0x74,
  0x02, 0x00, 0x00, 0x00, 0x00, 0x10, 0xb1, 0xff, 0xff, 0xff, 0xff, 0xff, 0x9f, 0x00, 0x00, 0x79,
  0xff, 0xff, 0xff, 0xff, 0xff, 0xff, 0xdc, 0x96, 0x7b, 0x81, 0xa6, 0xef, 0xff, 0xff, 0xff, 0xff,
  0xff, 0xfe, 0x2e, 0x00, 0x00, 0x06, 0xcc, 0xff, 0xff, 0xff, 0xff, 0xff, 0xff, 0xff, 0xff, 0xff,
  0xff, 0xff, 0xff, 0xff, 0xff, 0xff, 0xff, 0x87, 0x00, 0x00, 0x00, 0x00, 0x23, 0xe4, 0xff, 0xff,
  0xff, 0xff, 0xff, 0xff, 0xff, 0xff, 0xff, 0xff, 0xff, 0xff, 0xff, 0xff, 0xb8, 0x04, 0x00, 0x00,
  0x00, 0x00, 0x00, 0x1b, 0xcc, 0xff, 0xff, 0xff, 0xff, 0xff, 0xff, 0xff, 0xff, 0xff, 0xff, 0xff,
  0xff, 0x98, 0x04, 0x00, 0x00, 0x00, 0x00, 0x00, 0x00, 0x00, 0x03, 0x5f, 0xd7, 0xff, 0xff, 0xff,
  0xff, 0xff, 0xff, 0xff, 0xfc, 0xb9, 0x38, 0x00, 0x00, 0x00, 0x00, 0x00, 0x00, 0x00, 0x00, 0x00,
  0x00, 0x00, 0x00, 0x21, 0x60, 0x7a, 0x8e, 0x89, 0x74, 0x51, 0x10, 0x00, 0x00, 0x00, 0x00, 0x00,
  0x00, 0x00, 0x00, 0x00, 0x00, 0x00, 0x00, 0x00, 0x00, 0x00, 0x00, 0x00, 0x0d, 0x38, 0x38, 0x38,
  0x38, 0x38, 0x14, 0x00, 0x00, 0x00, 0x00, 0x00, 0x00, 0x00, 0x00, 0x00, 0x00, 0x00, 0x00, 0x00,
  0x00, 0x00, 0x77, 0xff, 0xff, 0xff, 0xff, 0xeb, 0x12, 0x00, 0x00, 0x00, 0x00, 0x00, 0x00, 0x00,
  0x00, 0x00, 0x00, 0x00, 0x00, 0x00, 0x00, 0x00, 0xd8, 0xff, 0xff, 0xff, 0xff, 0x5f, 0x00, 0x00,
  0x00, 0x00, 0x00, 0x00, 0x00, 0x00, 0x00, 0x00, 0x00, 0x00, 0x00, 0x00, 0x00, 0x3a, 0xff, 0xff,
  0xff, 0xff, 0xc1, 0x00, 0x00, 0x00, 0x00, 0x00, 0x00, 0x00, 0x00, 0x00, 0x00, 0x00, 0x00, 0x00,
  0x00, 0x00, 0x00, 0x9c, 0xff, 0xff, 0xff, 0xfa, 0x29, 0x00, 0x00, 0x00, 0x00, 0x00, 0x00, 0x00,
  0x00, 0x00, 0x00, 0x00, 0x00, 0x00, 0x00, 0x00, 0x0b, 0xf3, 0xff, 0xff, 0xff, 0x85, 0x00, 0x00,
  0x00, 0x00, 0x00, 0x00, 0x00, 0x00, 0x00, 0x00, 0x00, 0x00, 0x00, 0x00, 0x00, 0x00, 0x23, 0x7d,
  0x7d, 0x7d, 0x7c, 0x09, 0x00, 0x00, 0x00, 0x00, 0x00, 0x00, 0x00, 0x00, 0x00, 0x00, 0x00, 0x00,
  0x00, 0x00, 0x00, 0x00, 0x00, 0x00, 0x00, 0x00, 0x00, 0x00, 0x00, 0x00, 0x00, 0x00, 0x00, 0x00,
  0x00, 0x00, 0x00, 0x00, 0x00, 0x00, 0x00, 0x00, 0x00, 0x00, 0x00, 0x00, 0x00, 0x00, 0x00, 0x00,
  0x00, 0x00, 0x00, 0x00, 0x00, 0x00, 0x00, 0x00, 0x00, 0x00, 0x00, 0x00, 0x00, 0x00, 0x39, 0x84,
  0xc5, 0xe0, 0xf4, 0xef, 0xd9, 0xb5, 0x6f, 0x1f, 0x00, 0x00, 0x00, 0x00, 0x00, 0x00, 0x00, 0x00,
  0x00, 0x00, 0x31, 0xbd, 0xff, 0xff, 0xff, 0xff, 0xff, 0xff, 0xff, 0xff, 0xff, 0xfa, 0x95, 0x13,
  0x00, 0x00, 0x00, 0x00, 0x00, 0x00, 0x00, 0x56, 0xf8, 0xff, 0xff, 0xff, 0xff, 0xff, 0xff, 0xff,
  0xff, 0xff, 0xff, 0xff, 0xff, 0xdc, 0x25, 0x00, 0x00, 0x00, 0x00, 0x00, 0x51, 0xfe, 0xff, 0xff,
  0xff, 0xff, 0xff, 0xff, 0xff, 0xff, 0xff, 0xff, 0xff, 0xff, 0xff, 0xff, 0xe9, 0x1a, 0x00, 0x00,
  0x00, 0x1d, 0xee, 0xff, 0xff, 0xff, 0xff, 0xff, 0xff, 0xff, 0xff, 0xff, 0xff, 0xff, 0xff, 0xff,
  0xff, 0xff, 0xff, 0xbd, 0x02, 0x00, 0x00, 0x9b, 0xff, 0xff, 0xff, 0xff, 0xff, 0xf8, 0x89, 0x33,
  0x13, 0x18, 0x47, 0xb2, 0xff, 0xff, 0xff, 0xff, 0xff, 0xff, 0x4f, 0x00, 0x15, 0xf7, 0xff, 0xff,
  0xff, 0xff, 0xf7, 0x44, 0x00, 0x00, 0x00, 0x00, 0x00, 0x00, 0x8e, 0xff, 0xff, 0xff, 0xff, 0xff,
  0xc0, 0x00, 0x61, 0xff, 0xff, 0xff, 0xff, 0xff, 0x81, 0x00, 0x00, 0x00, 0x00, 0x00, 0x00, 0x00,
  0x01, 0xd2, 0xff, 0xff, 0xff, 0xff, 0xff, 0x15, 0x9b, 0xff, 0xff, 0xff, 0xff, 0xfc, 0x11, 0x00,
  0x00, 0x00, 0x00, 0x00, 0x00, 0x00, 0x00, 0x5f, 0xff, 0xff, 0xff, 0xff, 0xff, 0x50, 0xce, 0xff,
  0xff, 0xff, 0xff, 0xcb, 0x00, 0x00, 0x00, 0x00, 0x00, 0x00, 0x00, 0x00, 0x00, 0x1a, 0xff, 0xff,
  0xff, 0xff, 0xff, 0x82, 0xe1, 0xff, 0xff, 0xff, 0xff, 0xa5, 0x00, 0x00, 0x00, 0x00, 0x00, 0x00,
  0x00, 0x00, 0x00, 0x00, 0xf2, 0xff, 0xff, 0xff, 0xff, 0x95, 0xf2, 0xff, 0xff, 0xff, 0xff, 0x93,
  0x00, 0x00, 0x00, 0x00, 0x00, 0x00, 0x00, 0x00, 0x00, 0x00, 0xdf, 0xff, 0xff, 0xff, 0xff, 0xa7,
  0xfb, 0xff, 0xff, 0xff, 0xff, 0x8f, 0x00, 0x00, 0x00, 0x00, 0x00, 0x00, 0x00, 0x00, 0x00, 0x00,
  0xdb, 0xff, 0xff, 0xff, 0xff, 0xb0, 0xfb, 0xff, 0xff, 0xff, 0xff, 0x8f, 0x00, 0x00, 0x00, 0x00,
  0x00, 0x00, 0x00, 0x00, 0x00, 0x00, 0xdb, 0xff, 0xff, 0xff, 0xff, 0xb0, 0xfb, 0xff, 0xff, 0xff,
  0xff, 0x8f, 0x00, 0x00, 0x00, 0x00, 0x00, 0x00, 0x00, 0x00, 0x00, 0x00, 0xdb, 0xff, 0xff, 0xff,
  0xff, 0xb0, 0xfb, 0xff, 0xff, 0xff, 0xff, 0x8f, 0x00, 0x00, 0x00, 0x00, 0x00, 0x00, 0x00, 0x00,
  0x00, 0x00, 0xdb, 0xff, 0xff, 0xff, 0xff, 0xb0, 0xfb, 0xff, 0xff, 0xff, 0xff, 0x8f, 0x00, 0x00,
  0x00, 0x00, 0x00, 0x00, 0x00, 0x00, 0x00, 0x00, 0xdb, 0xff, 0xff, 0xff, 0xff, 0xb0, 0xfb, 0xff,
  0xff, 0xff, 0xff, 0x8f, 0x00, 0x00, 0x00, 0x00, 0x00, 0x00, 0x00, 0x00, 0x00, 0x00, 0xdb, 0xff,
  0xff, 0xff, 0xff, 0xb0, 0xfa, 0xff, 0xff, 0xff, 0xff, 0x8f, 0x00, 0x00, 0x00, 0x00, 0x00, 0x00,
  0x00, 0x00, 0x00, 0x00, 0xdb, 0xff, 0xff, 0xff, 0xff, 0xae, 0xec, 0xff, 0xff, 0xff, 0xff, 0x97,
  0x00, 0x00, 0x00, 0x00, 0x00, 0x00, 0x00, 0x00, 0x00, 0x00, 0xe2, 0xff, 0xff, 0xff, 0xff, 0xa0,
  0xdb, 0xff, 0xff, 0xff, 0xff, 0xaa, 0x00, 0x00, 0x00, 0x00, 0x00, 0x00, 0x00, 0x00, 0x00, 0x01,
  0xf5, 0xff, 0xff, 0xff, 0xff, 0x8f, 0xc1, 0xff, 0xff, 0xff, 0xff, 0xd7, 0x00, 0x00, 0x00, 0x00,
  0x00, 0x00, 0x00, 0x00, 0x00, 0x23, 0xff, 0xff, 0xff, 0xff, 0xff, 0x75, 0x89, 0xff, 0xff, 0xff,
  0xff, 0xff, 0x24, 0x00, 0x00, 0x00, 0x00, 0x00, 0x00, 0x00, 0x00, 0x6f, 0xff, 0xff, 0xff, 0xff,
  0xff, 0x3d, 0x4d, 0xff, 0xff, 0xff, 0xff, 0xff, 0x9c, 0x00, 0x00, 0x00, 0x00, 0x00, 0x00, 0x00,
  0x09, 0xde, 0xff, 0xff, 0xff, 0xff, 0xf8, 0x09, 0x05, 0xe5, 0xff, 0xff, 0xff, 0xff, 0xff, 0x74,
  0x02, 0x00, 0x00, 0x00, 0x00, 0x10, 0xb1, 0xff, 0xff, 0xff, 0xff, 0xff, 0x9f, 0x00, 0x00, 0x79,
  0xff, 0xff, 0xff, 0xff, 0xff, 0xff, 0xdc, 0x96, 0x7b, 0x81, 0xa6, 0xef, 0xff, 0xff, 0xff, 0xff,
  0xff, 0xfe, 0x2e, 0x00, 0x00, 0x06, 0xcc, 0xff, 0xff, 0xff, 0xff, 0xff, 0xff, 0xff, 0xff, 0xff,
  0xff, 0xff, 0xff, 0xff, 0xff, 0xff, 0xff, 0x87, 0x00, 0x00, 0x00, 0x00, 0x23, 0xe4, 0xff, 0xff,
  0xff, 0xff, 0xff, 0xff, 0xff, 0xff, 0xff, 0xff, 0xff, 0xff, 0xff, 0xff, 0xb8, 0x04, 0x00, 0x00,
  0x00, 0x00, 0x00, 0x1b, 0xcc, 0xff, 0xff, 0xff, 0xff, 0xff, 0xff, 0xff, 0xff, 0xff, 0xff, 0xff,
  0xff, 0x98, 0x04, 0x00, 0x00, 0x00, 0x00, 0x00, 0x00, 0x00, 0x03, 0x5f, 0xd7, 0xff, 0xff, 0xff,
  0xff, 0xff, 0xff, 0xff, 0xfc, 0xb9, 0x38, 0x00, 0x00, 0x00, 0x00, 0x00, 0x00, 0x00, 0x00, 0x00,
  0x00, 0x00, 0x00, 0x21, 0x60, 0x7a, 0x8e, 0x89, 0x74, 0x51, 0x10, 0x00, 0x00, 0x00, 0x00, 0x00,
  0x00, 0x00, 0x00, 0x00, 0x00, 0x00, 0x00, 0x00, 0x00, 0x2e, 0x38, 0x38, 0x38, 0x38, 0x38, 0x38,
  0x1e, 0x00, 0x00, 0x00, 0x00, 0x00, 0x00, 0x00, 0x00, 0x00, 0x00, 0x00, 0x00, 0x00, 0x36, 0xfd,
  0xff, 0xff, 0xff, 0xff, 0xff, 0xff, 0xde, 0x09, 0x00, 0x00, 0x00, 0x00, 0x00, 0x00, 0x00, 0x00,
  0x00, 0x00, 0x00, 0x03, 0xcf, 0xff, 0xff, 0xff, 0xe8, 0xf7, 0xff, 0xff, 0xff, 0x86, 0x00, 0x00,
  0x00, 0x00, 0x00, 0x00, 0x00, 0x00, 0x00, 0x00, 0x00, 0x70, 0xff, 0xff, 0xff, 0xff, 0x41, 0x8d,
  0xff, 0xff, 0xff, 0xfa, 0x2a, 0x00, 0x00, 0x00, 0x00, 0x00, 0x00, 0x00, 0x00, 0x00, 0x1b, 0xf2,
  0xff, 0xff, 0xff, 0xc4, 0x00, 0x18, 0xf7, 0xff, 0xff, 0xff, 0xc1, 0x01, 0x00, 0x00, 0x00, 0x00,
  0x00, 0x00, 0x00, 0x00, 0xac, 0xff, 0xff, 0xff, 0xff, 0x47, 0x00, 0x00, 0x93, 0xff, 0xff, 0xff,
  0xff, 0x61, 0x00, 0x00, 0x00, 0x00, 0x00, 0x00, 0x00, 0x11, 0x7d, 0x7d, 0x7d, 0x7d, 0x72, 0x00,
  0x00, 0x00, 0x1a, 0x7d, 0x7d, 0x7d, 0x7d, 0x69, 0x00, 0x00, 0x00, 0x00, 0x00, 0x00, 0x00, 0x00,
  0x00, 0x00, 0x00, 0x00, 0x00, 0x00, 0x00, 0x00, 0x00, 0x00, 0x00, 0x00, 0x00, 0x00, 0x00, 0x00,
  0x00, 0x00, 0x00, 0x00, 0x00, 0x00, 0x00, 0x00, 0x00, 0x00, 0x00, 0x00, 0x00, 0x00, 0x00, 0x00,
  0x00, 0x00, 0x00, 0x00, 0x00, 0x00, 0x00, 0x00, 0x00, 0x00, 0x00, 0x00, 0x00, 0x00, 0x39, 0x84,
  0xc5, 0xe0, 0xf4, 0xef, 0xd9, 0xb5, 0x6f, 0x1f, 0x00, 0x00, 0x00, 0x00, 0x00, 0x00, 0x00, 0x00,
  0x00, 0x00, 0x31, 0xbd, 0xff, 0xff, 0xff, 0xff, 0xff, 0xff, 0xff, 0xff, 0xff, 0xfa, 0x95, 0x13,
  0x00, 0x00, 0x00, 0x00, 0x00, 0x00, 0x00, 0x56, 0xf8, 0xff, 0xff, 0xff, 0xff, 0xff, 0xff, 0xff,
  0xff, 0xff, 0xff, 0xff, 0xff, 0xdc, 0x25, 0x00, 0x00, 0x00, 0x00, 0x00, 0x51, 0xfe, 0xff, 0xff,
  0xff, 0xff, 0xff, 0xff, 0xff, 0xff, 0xff, 0xff, 0xff, 0xff, 0xff, 0xff, 0xe9, 0x1a, 0x00, 0x00,
  0x00, 0x1d, 0xee, 0xff, 0xff, 0xff, 0xff, 0xff, 0xff, 0xff, 0xff, 0xff, 0xff, 0xff, 0xff, 0xff,
  0xff, 0xff, 0xff, 0xbd, 0x02, 0x00, 0x00, 0x9b, 0xff, 0xff, 0xff, 0xff, 0xff, 0xf8, 0x89, 0x33,
  0x13, 0x18, 0x47, 0xb2, 0xff, 0xff, 0xff, 0xff, 0xff, 0xff, 0x4f, 0x00, 0x15, 0xf7, 0xff, 0xff,
  0xff, 0xff, 0xf7, 0x44, 0x00, 0x00, 0x00, 0x00, 0x00, 0x00, 0x8e, 0xff, 0xff, 0xff, 0xff, 0xff,
  0xc0, 0x00, 0x61, 0xff, 0xff, 0xff, 0xff, 0xff, 0x81, 0x00, 0x00, 0x00, 0x00, 0x00, 0x00, 0x00,
  0x01, 0xd2, 0xff, 0xff, 0xff, 0xff, 0xff, 0x15, 0x9b, 0xff, 0xff, 0xff, 0xff, 0xfc, 0x11, 0x00,
  0x00, 0x00, 0x00, 0x00, 0x00, 0x00, 0x00, 0x5f, 0xff, 0xff, 0xff, 0xff, 0xff, 0x50, 0xce, 0xff,
  0xff, 0xff, 0xff, 0xcb, 0x00, 0x00, 0x00, 0x00, 0x00, 0x00, 0x00, 0x00, 0x00, 0x1a, 0xff, 0xff,
  0xff, 0xff, 0xff, 0x82, 0xe1, 0xff, 0xff, 0xff, 0xff, 0xa5, 0x00, 0x00, 0x00, 0x00, 0x00, 0x00,
  0x00, 0x00, 0x00, 0x00, 0xf2, 0xff, 0xff, 0xff, 0xff, 0x95, 0xf2, 0xff, 0xff, 0xff, 0xff, 0x93,
  0x00, 0x00, 0x00, 0x00, 0x00, 0x00, 0x00, 0x00, 0x00, 0x00, 0xdf, 0xff, 0xff, 0xff, 0xff, 0xa7,
  0xfb, 0xff, 0xff, 0xff, 0xff, 0x8f, 0x00, 0x00, 0x00, 0x00, 0x00, 0x00, 0x00, 0x00, 0x00, 0x00,
  0xdb, 0xff, 0xff, 0xff, 0xff, 0xb0, 0xfb, 0xff, 0xff, 0xff, 0xff, 0x8f, 0x00, 0x00, 0x00, 0x00,
  0x00, 0x00, 0x00, 0x00, 0x00, 0x00, 0xdb, 0xff, 0xff, 0xff, 0xff, 0xb0, 0xfb, 0xff, 0xff, 0xff,
  0xff, 0x8f, 0x00, 0x00, 0x00, 0x00, 0x00, 0x00, 0x00, 0x00, 0x00, 0x00, 0xdb, 0xff, 0xff, 0xff,
  0xff, 0xb0, 0xfb, 0xff, 0xff, 0xff, 0xff, 0x8f, 0x00, 0x00, 0x00, 0x00, 0x00, 0x00, 0x00, 0x00,
  0x00, 0x00, 0xdb, 0xff, 0xff, 0xff, 0xff, 0xb0, 0xfb, 0xff, 0xff, 0xff, 0xff, 0x8f, 0x00, 0x00,
  0x00, 0x00, 0x00, 0x00, 0x00, 0x00, 0x00, 0x00, 0xdb, 0xff, 0xff, 0xff, 0xff, 0xb0, 0xfb, 0xff,
  0xff, 0xff, 0xff, 0x8f, 0x00, 0x00, 0x00, 0x00, 0x00, 0x00, 0x00, 0x00, 0x00, 0x00, 0xdb, 0xff,
  0xff, 0xff, 0xff, 0xb0, 0xfa, 0xff, 0xff, 0xff, 0xff, 0x8f, 0x00, 0x00, 0x00, 0x00, 0x00, 0x00,
  0x00, 0x00, 0x00, 0x00, 0xdb, 0xff, 0xff, 0xff, 0xff, 0xae, 0xec, 0xff, 0xff, 0xff, 0xff, 0x97,
  0x00, 0x00, 0x00, 0x00, 0x00, 0x00, 0x00, 0x00, 0x00, 0x00, 0xe2, 0xff, 0xff, 0xff, 0xff, 0xa0,
  0xdb, 0xff, 0xff, 0xff, 0xff, 0xaa, 0x00, 0x00, 0x00, 0x00, 0x00, 0x00, 0x00, 0x00, 0x00, 0x01,
  0xf5, 0xff, 0xff, 0xff, 0xff, 0x8f, 0xc1, 0xff, 0xff, 0xff, 0xff, 0xd7, 0x00, 0x00, 0x00, 0x00,
  0x00, 0x00, 0x00, 0x00, 0x00, 0x23, 0xff, 0xff, 0xff, 0xff, 0xff, 0x75, 0x89, 0xff, 0xff, 0xff,
  0xff, 0xff, 0x24, 0x00, 0x00, 0x00, 0x00, 0x00, 0x00, 0x00, 0x00, 0x6f, 0xff, 0xff, 0xff, 0xff,
  0xff, 0x3d, 0x4d, 0xff, 0xff, 0xff, 0xff, 0xff, 0x9c, 0x00, 0x00, 0x00, 0x00, 0x00, 0x00, 0x00,
  0x09, 0xde, 0xff, 0xff, 0xff, 0xff, 0xf8, 0x09, 0x05, 0xe5, 0xff, 0xff, 0xff, 0xff, 0xff, 0x74,
  0x02, 0x00, 0x00, 0x00, 0x00, 0x10, 0xb1, 0xff, 0xff, 0xff, 0xff, 0xff, 0x9f, 0x00, 0x00, 0x79,
  0xff, 0xff, 0xff, 0xff, 0xff, 0xff, 0xdc, 0x96, 0x7b, 0x81, 0xa6, 0xef, 0xff, 0xff, 0xff, 0xff,
  0xff, 0xfe, 0x2e, 0x00, 0x00, 0x06, 0xcc, 0xff, 0xff, 0xff, 0xff, 0xff, 0xff, 0xff, 0xff, 0xff,
  0xff, 0xff, 0xff, 0xff, 0xff, 0xff, 0xff, 0x87, 0x00, 0x00, 0x00, 0x00, 0x23, 0xe4, 0xff, 0xff,
  0xff, 0xff, 0xff, 0xff, 0xff, 0xff, 0xff, 0xff, 0xff, 0xff, 0xff, 0xff, 0xb8, 0x04, 0x00, 0x00,
  0x00, 0x00, 0x00, 0x1b, 0xcc, 0xff, 0xff, 0xff, 0xff, 0xff, 0xff, 0xff, 0xff, 0xff, 0xff, 0xff,
  0xff, 0x98, 0x04, 0x00, 0x00, 0x00, 0x00, 0x00, 0x00, 0x00, 0x03, 0x5f, 0xd7, 0xff, 0xff, 0xff,
  0xff, 0xff, 0xff, 0xff, 0xfc, 0xb9, 0x38, 0x00, 0x00, 0x00, 0x00, 0x00, 0x00, 0x00, 0x00, 0x00,
  0x00, 0x00, 0x00, 0x21, 0x60, 0x7a, 0x8e, 0x89, 0x74, 0x51, 0x10, 0x00, 0x00, 0x00, 0x00, 0x00,
  0x00, 0x00, 0x00, 0x00, 0x00, 0x00, 0x00, 0x01, 0x60, 0xb3, 0xc8, 0xa0, 0x2a, 0x00, 0x00, 0x00,
  0x00, 0x37, 0x77, 0x01, 0x00, 0x00, 0x00, 0x00, 0x00, 0x00, 0x00, 0x00, 0x03, 0xa9, 0xff, 0xff,
  0xff, 0xff, 0xf5, 0x43, 0x00, 0x00, 0x1b, 0xe5, 0xff, 0xb1, 0x10, 0x00, 0x00, 0x00, 0x00, 0x00,
  0x00, 0x00, 0x8b, 0xff, 0xff, 0xff, 0xff, 0xff, 0xff, 0xf6, 0x72, 0x52, 0xda, 0xff, 0xff, 0xff,
  0xd9, 0x07, 0x00, 0x00, 0x00, 0x00, 0x00, 0x57, 0xff, 0xff, 0xff, 0xff, 0xff, 0xff, 0xff, 0xff,
  0xff, 0xff, 0xff, 0xff, 0xff, 0xff, 0x6f, 0x00, 0x00, 0x00, 0x00, 0x00, 0x24, 0xf4, 0xff, 0xff,
  0xff, 0xf8, 0xc4, 0xf3, 0xff, 0xff, 0xff, 0xff, 0xff, 0xff, 0xff, 0xa2, 0x00, 0x00, 0x00, 0x00,
  0x00, 0x00, 0x02, 0x85, 0xff, 0xff, 0xf0, 0x34, 0x00, 0x22, 0xe1, 0xff, 0xff, 0xff, 0xff, 0xff,
  0xc8, 0x08, 0x00, 0x00, 0x00, 0x00, 0x00, 0x00, 0x00, 0x00, 0x55, 0xf3, 0x4e, 0x00, 0x00, 0x00,
  0x1f, 0xc8, 0xff, 0xff, 0xfe, 0xac, 0x10, 0x00, 0x00, 0x00, 0x00, 0x00, 0x00, 0x00, 0x00, 0x00,
  0x00, 0x15, 0x00, 0x00, 0x00, 0x00, 0x00, 0x00, 0x2d, 0x42, 0x1c, 0x00, 0x00, 0x00, 0x00, 0x00,
  0x00, 0x00, 0x00, 0x00, 0x00, 0x00, 0x00, 0x00, 0x00, 0x00, 0x00, 0x00, 0x00, 0x00, 0x00, 0x00,
  0x00, 0x00, 0x00, 0x00, 0x00, 0x00, 0x00, 0x00, 0x00, 0x00, 0x00, 0x00, 0x00, 0x00, 0x39, 0x84,
  0xc5, 0xe0, 0xf4, 0xef, 0xd9, 0xb5, 0x6f, 0x1f, 0x00, 0x00, 0x00, 0x00, 0x00, 0x00, 0x00, 0x00,
  0x00, 0x00, 0x31, 0xbd, 0xff, 0xff, 0xff, 0xff, 0xff, 0xff, 0xff, 0xff, 0xff, 0xfa, 0x95, 0x13,
  0x00, 0x00, 0x00, 0x00, 0x00, 0x00, 0x00, 0x56, 0xf8, 0xff, 0xff, 0xff, 0xff, 0xff, 0xff, 0xff,
  0xff, 0xff, 0xff, 0xff, 0xff, 0xdc, 0x25, 0x00, 0x00, 0x00, 0x00, 0x00, 0x51, 0xfe, 0xff, 0xff,
  0xff, 0xff, 0xff, 0xff, 0xff, 0xff, 0xff, 0xff, 0xff, 0xff, 0xff, 0xff, 0xe9, 0x1a, 0x00, 0x00,
  0x00, 0x1d, 0xee, 0xff, 0xff, 0xff, 0xff, 0xff, 0xff, 0xff, 0xff, 0xff, 0xff, 0xff, 0xff, 0xff,
  0xff, 0xff, 0xff, 0xbd, 0x02, 0x00, 0x00, 0x9b, 0xff, 0xff, 0xff, 0xff, 0xff, 0xf8, 0x89, 0x33,
  0x13, 0x18, 0x47, 0xb2, 0xff, 0xff, 0xff, 0xff, 0xff, 0xff, 0x4f, 0x00, 0x15, 0xf7, 0xff, 0xff,
  0xff, 0xff, 0xf7, 0x44, 0x00, 0x00, 0x00, 0x00, 0x00, 0x00, 0x8e, 0xff, 0xff, 0xff, 0xff, 0xff,
  0xc0, 0x00, 0x61, 0xff, 0xff, 0xff, 0xff, 0xff, 0x81, 0x00, 0x00, 0x00, 0x00, 0x00, 0x00, 0x00,
  0x01, 0xd2, 0xff, 0xff, 0xff, 0xff, 0xff, 0x15, 0x9b, 0xff, 0xff, 0xff, 0xff, 0xfc, 0x11, 0x00,
  0x00, 0x00, 0x00, 0x00, 0x00, 0x00, 0x00, 0x5f, 0xff, 0xff, 0xff, 0xff, 0xff, 0x50, 0xce, 0xff,
  0xff, 0xff, 0xff, 0xcb, 0x00, 0x00, 0x00, 0x00, 0x00, 0x00, 0x00, 0x00, 0x00, 0x1a, 0xff, 0xff,
  0xff, 0xff, 0xff, 0x82, 0xe1, 0xff, 0xff, 0xff, 0xff, 0xa5, 0x00, 0x00, 0x00, 0x00, 0x00, 0x00,
  0x00, 0x00, 0x00, 0x00, 0xf2, 0xff, 0xff, 0xff, 0xff, 0x95, 0xf2, 0xff, 0xff, 0xff, 0xff, 0x93,
  0x00, 0x00, 0x00, 0x00, 0x00, 0x00, 0x00, 0x00, 0x00, 0x00, 0xdf, 0xff, 0xff, 0xff, 0xff, 0xa7,
  0xfb, 0xff, 0xff, 0xff, 0xff, 0x8f, 0x00, 0x00, 0x00, 0x00, 0x00, 0x00, 0x00, 0x00, 0x00, 0x00,
  0xdb, 0xff, 0xff, 0xff, 0xff, 0xb0, 0xfb, 0xff, 0xff, 0xff, 0xff, 0x8f, 0x00, 0x00, 0x00, 0x00,
  0x00, 0x00, 0x00, 0x00, 0x00, 0x00, 0xdb, 0xff, 0xff, 0xff, 0xff, 0xb0, 0xfb, 0xff, 0xff, 0xff,
  0xff, 0x8f, 0x00, 0x00, 0x00, 0x00, 0x00, 0x00, 0x00, 0x00, 0x00, 0x00, 0xdb, 0xff, 0xff, 0xff,
  0xff, 0xb0, 0xfb, 0xff, 0xff, 0xff, 0xff, 0x8f, 0x00, 0x00, 0x00, 0x00, 0x00, 0x00, 0x00, 0x00,
  0x00, 0x00, 0xdb, 0xff, 0xff, 0xff, 0xff, 0xb0, 0xfb, 0xff, 0xff, 0xff, 0xff, 0x8f, 0x00, 0x00,
  0x00, 0x00, 0x00, 0x00, 0x00, 0x00, 0x00, 0x00, 0xdb, 0xff, 0xff, 0xff, 0xff, 0xb0, 0xfb, 0xff,
  0xff, 0xff, 0xff, 0x8f, 0x00, 0x00, 0x00, 0x00, 0x00, 0x00, 0x00, 0x00, 0x00, 0x00, 0xdb, 0xff,
  0xff, 0xff, 0xff, 0xb0, 0xfa, 0xff, 0xff, 0xff, 0xff, 0x8f, 0x00, 0x00, 0x00, 0x00, 0x00, 0x00,
  0x00, 0x00, 0x00, 0x00, 0xdb, 0xff, 0xff, 0xff, 0xff, 0xae, 0xec, 0xff, 0xff, 0xff, 0xff, 0x97,
  0x00, 0x00, 0x00, 0x00, 0x00, 0x00, 0x00, 0x00, 0x00, 0x00, 0xe2, 0xff, 0xff, 0xff, 0xff, 0xa0,
  0xdb, 0xff, 0xff, 0xff, 0xff, 0xaa, 0x00, 0x00, 0x00, 0x00, 0x00, 0x00, 0x00, 0x00, 0x00, 0x01,
  0xf5, 0xff, 0xff, 0xff, 0xff, 0x8f, 0xc1, 0xff, 0xff, 0xff, 0xff, 0xd7, 0x00, 0x00, 0x00, 0x00,
  0x00, 0x00, 0x00, 0x00, 0x00, 0x23, 0xff, 0xff, 0xff, 0xff, 0xff, 0x75, 0x89, 0xff, 0xff, 0xff,
  0xff, 0xff, 0x24, 0x00, 0x00, 0x00, 0x00, 0x00, 0x00, 0x00, 0x00, 0x6f, 0xff, 0xff, 0xff, 0xff,
  0xff, 0x3d, 0x4d, 0xff, 0xff, 0xff, 0xff, 0xff, 0x9c, 0x00, 0x00, 0x00, 0x00, 0x00, 0x00, 0x00,
  0x09, 0xde, 0xff, 0xff, 0xff, 0xff, 0xf8, 0x09, 0x05, 0xe5, 0xff, 0xff, 0xff, 0xff, 0xff, 0x74,
  0x02, 0x00, 0x00, 0x00, 0x00, 0x10, 0xb1, 0xff, 0xff, 0xff, 0xff, 0xff, 0x9f, 0x00, 0x00, 0x79,
  0xff, 0xff, 0xff, 0xff, 0xff, 0xff, 0xdc, 0x96, 0x7b, 0x81, 0xa6, 0xef, 0xff, 0xff, 0xff, 0xff,
  0xff, 0xfe, 0x2e, 0x00, 0x00, 0x06, 0xcc, 0xff, 0xff, 0xff, 0xff, 0xff, 0xff, 0xff, 0xff, 0xff,
  0xff, 0xff, 0xff, 0xff, 0xff, 0xff, 0xff, 0x87, 0x00, 0x00, 0x00, 0x00, 0x23, 0xe4, 0xff, 0xff,
  0xff, 0xff, 0xff, 0xff, 0xff, 0xff, 0xff, 0xff, 0xff, 0xff, 0xff, 0xff, 0xb8, 0x04, 0x00, 0x00,
  0x00, 0x00, 0x00, 0x1b, 0xcc, 0xff, 0xff, 0xff, 0xff, 0xff, 0xff, 0xff, 0xff, 0xff, 0xff, 0xff,
  0xff, 0x98, 0x04, 0x00, 0x00, 0x00, 0x00, 0x00, 0x00, 0x00, 0x03, 0x5f, 0xd7, 0xff, 0xff, 0xff,
  0xff, 0xff, 0xff, 0xff, 0xfc, 0xb9, 0x38, 0x00, 0x00, 0x00, 0x00, 0x00, 0x00, 0x00, 0x00, 0x00,
  0x00, 0x00, 0x00, 0x21, 0x60, 0x7a, 0x8e, 0x89, 0x74, 0x51, 0x10, 0x00, 0x00, 0x00, 0x00, 0x00,
  0x00, 0x00, 0x00, 0x00, 0x00, 0x00, 0x2f, 0x67, 0x5d, 0x19, 0x00, 0x00, 0x00, 0x00, 0x00, 0x00,
  0x30, 0x67, 0x5d, 0x18, 0x00, 0x00, 0x00, 0x00, 0x00, 0x00, 0x05, 0xa4, 0xff, 0xff, 0xff, 0xf7,
  0x67, 0x00, 0x00, 0x00, 0x06, 0xa5, 0xff, 0xff, 0xff, 0xf7, 0x66, 0x00, 0x00, 0x00, 0x00, 0x00,
  0x8d, 0xff, 0xff, 0xff, 0xff, 0xff, 0xfe, 0x43, 0x00, 0x00, 0x8e, 0xff, 0xff, 0xff, 0xff, 0xff,
  0xfe, 0x43, 0x00, 0x00, 0x00, 0x06, 0xf5, 0xff, 0xff, 0xff, 0xff, 0xff, 0xff, 0xb0, 0x00, 0x07,
  0xf5, 0xff, 0xff, 0xff, 0xff, 0xff, 0xff, 0xaf, 0x00, 0x00, 0x00, 0x1d, 0xff, 0xff, 0xff, 0xff,
  0xff, 0xff, 0xff, 0xd2, 0x00, 0x1e, 0xff, 0xff, 0xff, 0xff, 0xff, 0xff, 0xff, 0xd1, 0x00, 0x00,
  0x00, 0x09, 0xf8, 0xff, 0xff, 0xff, 0xff, 0xff, 0xff, 0xb7, 0x00, 0x09, 0xf9, 0xff, 0xff, 0xff,
  0xff, 0xff, 0xff, 0xb6, 0x00, 0x00, 0x00, 0x00, 0x9d, 0xff, 0xff, 0xff, 0xff, 0xff, 0xff, 0x52,
  0x00, 0x00, 0x9e, 0xff, 0xff, 0xff, 0xff, 0xff, 0xff, 0x51, 0x00, 0x00, 0x00, 0x00, 0x0c, 0xbd,
  0xff, 0xff, 0xff, 0xfe, 0x80, 0x00, 0x00, 0x00, 0x0c, 0xbe, 0xff, 0xff, 0xff, 0xfe, 0x80, 0x00,
  0x00, 0x00, 0x00, 0x00, 0x00, 0x01, 0x4a, 0x81, 0x78, 0x2d, 0x00, 0x00, 0x00, 0x00, 0x00, 0x01,
  0x4a, 0x81, 0x78, 0x2c, 0x00, 0x00, 0x00, 0x00, 0x00, 0x00, 0x00, 0x00, 0x00, 0x00, 0x00, 0x00,
  0x00, 0x00, 0x00, 0x00, 0x00, 0x00, 0x00, 0x00, 0x00, 0x00, 0x00, 0x00, 0x00, 0x00, 0x00, 0x00,
  0x00, 0x00, 0x00, 0x00, 0x39, 0x84, 0xc5, 0xe0, 0xf4, 0xef, 0xd9, 0xb5, 0x6f, 0x1f, 0x00, 0x00,
  0x00, 0x00, 0x00, 0x00, 0x00, 0x00, 0x00, 0x00, 0x31, 0xbd, 0xff, 0xff, 0xff, 0xff, 0xff, 0xff,
  0xff, 0xff, 0xff, 0xfa, 0x95, 0x13, 0x00, 0x00, 0x00, 0x00, 0x00, 0x00, 0x00, 0x56, 0xf8, 0xff,
  0xff, 0xff, 0xff, 0xff, 0xff, 0xff, 0xff, 0xff, 0xff, 0xff, 0xff, 0xdc, 0x25, 0x00, 0x00, 0x00,
  0x00, 0x00, 0x51, 0xfe, 0xff, 0xff, 0xff, 0xff, 0xff, 0xff, 0xff, 0xff, 0xff, 0xff, 0xff, 0xff,
  0xff, 0xff, 0xe9, 0x1a, 0x00, 0x00, 0x00, 0x1d, 0xee, 0xff, 0xff, 0xff, 0xff, 0xff, 0xff, 0xff,
  0xff, 0xff, 0xff, 0xff, 0xff, 0xff, 0xff, 0xff, 0xff, 0xbd, 0x02, 0x00, 0x00, 0x9b, 0xff, 0xff,
  0xff, 0xff, 0xff, 0xf8, 0x89, 0x33, 0x13, 0x18, 0x47, 0xb2, 0xff, 0xff, 0xff, 0xff, 0xff, 0xff,
  0x4f, 0x00, 0x15, 0xf7, 0xff, 0xff, 0xff, 0xff, 0xf7, 0x44, 0x00, 0x00, 0x00, 0x00, 0x00, 0x00,
  0x8e, 0xff, 0xff, 0xff, 0xff, 0xff, 0xc0, 0x00, 0x61, 0xff, 0xff, 0xff, 0xff, 0xff, 0x81, 0x00,
  0x00, 0x00, 0x00, 0x00, 0x00, 0x00, 0x01, 0xd2, 0xff, 0xff, 0xff, 0xff, 0xff, 0x15, 0x9b, 0xff,
  0xff, 0xff, 0xff, 0xfc, 0x11, 0x00, 0x00, 0x00, 0x00, 0x00, 0x00, 0x00, 0x00, 0x5f, 0xff, 0xff,
  0xff, 0xff, 0xff, 0x50, 0xce, 0xff, 0xff, 0xff, 0xff, 0xcb, 0x00, 0x00, 0x00, 0x00, 0x00, 0x00,
  0x00, 0x00, 0x00, 0x1a, 0xff, 0xff, 0xff, 0xff, 0xff, 0x82, 0xe1, 0xff, 0xff, 0xff, 0xff, 0xa5,
  0x00, 0x00, 0x00, 0x00, 0x00, 0x00, 0x00, 0x00, 0x00, 0x00, 0xf2, 0xff, 0xff, 0xff, 0xff, 0x95,
  0xf2, 0xff, 0xff, 0xff, 0xff, 0x93, 0x00, 0x00, 0x00, 0x00, 0x00, 0x00, 0x00, 0x00, 0x00, 0x00,
  0xdf, 0xff, 0xff, 0xff, 0xff, 0xa7, 0xfb, 0xff, 0xff, 0xff, 0xff, 0x8f, 0x00, 0x00, 0x00, 0x00,
  0x00, 0x00, 0x00, 0x00, 0x00, 0x00, 0xdb, 0xff, 0xff, 0xff, 0xff, 0xb0, 0xfb, 0xff, 0xff, 0xff,
  0xff, 0x8f, 0x00, 0x00, 0x00, 0x00, 0x00, 0x00, 0x00, 0x00, 0x00, 0x00, 0xdb, 0xff, 0xff, 0xff,
  0xff, 0xb0, 0xfb, 0xff, 0xff, 0xff, 0xff, 0x8f, 0x00, 0x00, 0x00, 0x00, 0x00, 0x00, 0x00, 0x00,
  0x00, 0x00, 0xdb, 0xff, 0xff, 0xff, 0xff, 0xb0, 0xfb, 0xff, 0xff, 0xff, 0xff, 0x8f, 0x00, 0x00,
  0x00, 0x00, 0x00, 0x00, 0x00, 0x00, 0x00, 0x00, 0xdb, 0xff, 0xff, 0xff, 0xff, 0xb0, 0xfb, 0xff,
  0xff, 0xff, 0xff, 0x8f, 0x00, 0x00, 0x00, 0x00, 0x00, 0x00, 0x00, 0x00, 0x00, 0x00, 0xdb, 0xff,
  0xff, 0xff, 0xff, 0xb0, 0xfb, 0xff, 0xff, 0xff, 0xff, 0x8f, 0x00, 0x00, 0x00, 0x00, 0x00, 0x00,
  0x00, 0x00, 0x00, 0x00, 0xdb, 0xff, 0xff, 0xff, 0xff, 0xb0, 0xfa, 0xff, 0xff, 0xff, 0xff, 0x8f,
  0x00, 0x00, 0x00, 0x00, 0x00, 0x00, 0x00, 0x00, 0x00, 0x00, 0xdb, 0xff, 0xff, 0xff, 0xff, 0xae,
  0xec, 0xff, 0xff, 0xff, 0xff, 0x97, 0x00, 0x00, 0x00, 0x00, 0x00, 0x00, 0x00, 0x00, 0x00, 0x00,
  0xe2, 0xff, 0xff, 0xff, 0xff, 0xa0, 0xdb, 0xff, 0xff, 0xff, 0xff, 0xaa, 0x00, 0x00, 0x00, 0x00,
  0x00, 0x00, 0x00, 0x00, 0x00, 0x01, 0xf5, 0xff, 0xff, 0xff, 0xff, 0x8f, 0xc1, 0xff, 0xff, 0xff,
  0xff, 0xd7, 0x00, 0x00, 0x00, 0x00, 0x00, 0x00, 0x00, 0x00, 0x00, 0x23, 0xff, 0xff, 0xff, 0xff,
  0xff, 0x75, 0x89, 0xff, 0xff, 0xff, 0xff, 0xff, 0x24, 0x00, 0x00, 0x00, 0x00, 0x00, 0x00, 0x00,
  0x00, 0x6f, 0xff, 0xff, 0xff, 0xff, 0xff, 0x3d, 0x4d, 0xff, 0xff, 0xff, 0xff, 0xff, 0x9c, 0x00,
  0x00, 0x00, 0x00, 0x00, 0x00, 0x00, 0x09, 0xde, 0xff, 0xff, 0xff, 0xff, 0xf8, 0x09, 0x05, 0xe5,
  0xff, 0xff, 0xff, 0xff, 0xff, 0x74, 0x02, 0x00, 0x00, 0x00, 0x00, 0x10, 0xb1, 0xff, 0xff, 0xff,
  0xff, 0xff, 0x9f, 0x00, 0x00, 0x79, 0xff, 0xff, 0xff, 0xff, 0xff, 0xff, 0xdc, 0x96, 0x7b, 0x81,
  0xa6, 0xef, 0xff, 0xff, 0xff, 0xff, 0xff, 0xfe, 0x2e, 0x00, 0x00, 0x06, 0xcc, 0xff, 0xff, 0xff,
  0xff, 0xff, 0xff, 0xff, 0xff, 0xff, 0xff, 0xff, 0xff, 0xff, 0xff, 0xff, 0xff, 0x87, 0x00, 0x00,
  0x00, 0x00, 0x23, 0xe4, 0xff, 0xff, 0xff, 0xff, 0xff, 0xff, 0xff, 0xff, 0xff, 0xff, 0xff, 0xff,
  0xff, 0xff, 0xb8, 0x04, 0x00, 0x00, 0x00, 0x00, 0x00, 0x1b, 0xcc, 0xff, 0xff, 0xff, 0xff, 0xff,
  0xff, 0xff, 0xff, 0xff, 0xff, 0xff, 0xff, 0x98, 0x04, 0x00, 0x00, 0x00, 0x00, 0x00, 0x00, 0x00,
  0x03, 0x5f, 0xd7, 0xff, 0xff, 0xff, 0xff, 0xff, 0xff, 0xff, 0xfc, 0xb9, 0x38, 0x00, 0x00, 0x00,
  0x00, 0x00, 0x00, 0x00, 0x00, 0x00, 0x00, 0x00, 0x00, 0x21, 0x60, 0x7a, 0x8e, 0x89, 0x74, 0x51,
  0x10, 0x00, 0x00, 0x00, 0x00, 0x00, 0x00, 0x00, 0x00, 0x00, 0x00, 0x0e, 0x4f, 0x00, 0x00, 0x00,
  0x00, 0x00, 0x00, 0x00, 0x00, 0x00, 0x03, 0x5a, 0x00, 0x00, 0x00, 0x00, 0x00, 0x0e, 0xc7, 0xfe,
  0x64, 0x00, 0x00, 0x00, 0x00, 0x00, 0x00, 0x00, 0x04, 0xaa, 0xff, 0x8a, 0x00, 0x00, 0x00, 0x0e,
  0xc7, 0xff, 0xff, 0xfe, 0x68, 0x00, 0x00, 0x00, 0x00, 0x00, 0x05, 0xad, 0xff, 0xff, 0xff, 0x8a,
  0x00, 0x04, 0xc7, 0xff, 0xff, 0xff, 0xff, 0xfe, 0x6b, 0x00, 0x00, 0x00, 0x06, 0xb0, 0xff, 0xff,
  0xff, 0xff, 0xff, 0x80, 0x00, 0x6e, 0xff, 0xff, 0xff, 0xff, 0xff, 0xff, 0x6f, 0x00, 0x07, 0xb3,
  0xff, 0xff, 0xff, 0xff, 0xff, 0xee, 0x33, 0x00, 0x00, 0x6c, 0xff, 0xff, 0xff, 0xff, 0xff, 0xff,
  0x78, 0xb6, 0xff, 0xff, 0xff, 0xff, 0xff, 0xed, 0x32, 0x00, 0x00, 0x00, 0x00, 0x6a, 0xfe, 0xff,
  0xff, 0xff, 0xff, 0xff, 0xff, 0xff, 0xff, 0xff, 0xff, 0xed, 0x31, 0x00, 0x00, 0x00, 0x00, 0x00,
  0x00, 0x69, 0xfe, 0xff, 0xff, 0xff, 0xff, 0xff, 0xff, 0xff, 0xff, 0xec, 0x2f, 0x00, 0x00, 0x00,
  0x00, 0x00, 0x00, 0x00, 0x00, 0x67, 0xfe, 0xff, 0xff, 0xff, 0xff, 0xff, 0xff, 0xeb, 0x2e, 0x00,
  0x00, 0x00, 0x00, 0x00, 0x00, 0x00, 0x00, 0x00, 0x0b, 0xd7, 0xff, 0xff, 0xff, 0xff, 0xff, 0xff,
  0x96, 0x00, 0x00, 0x00, 0x00, 0x00, 0x00, 0x00, 0x00, 0x00, 0x0b, 0xc1, 0xff, 0xff, 0xff, 0xff,
  0xff, 0xff, 0xff, 0xff, 0x81, 0x00, 0x00, 0x00, 0x00, 0x00, 0x00, 0x00, 0x0c, 0xc2, 0xff, 0xff,
  0xff, 0xff, 0xff, 0xff, 0xff, 0xff, 0xff, 0xff, 0x83, 0x00, 0x00, 0x00, 0x00, 0x00, 0x0d, 0xc3,
  0xff, 0xff, 0xff, 0xff, 0xff, 0xeb, 0xfc, 0xff, 0xff, 0xff, 0xff, 0xff, 0x85, 0x00, 0x00, 0x00,
  0x0d, 0xc5, 0xff, 0xff, 0xff, 0xff, 0xff, 0xe4, 0x26, 0x5a, 0xfc, 0xff, 0xff, 0xff, 0xff, 0xff,
  0x87, 0x00, 0x04, 0xc6, 0xff, 0xff, 0xff, 0xff, 0xff, 0xe2, 0x23, 0x00, 0x00, 0x56, 0xfb, 0xff,
  0xff, 0xff, 0xff, 0xff, 0x7f, 0x00, 0x70, 0xff, 0xff, 0xff, 0xff, 0xe0, 0x21, 0x00, 0x00, 0x00,
  0x00, 0x53, 0xfa, 0xff, 0xff, 0xff, 0xef, 0x34, 0x00, 0x00, 0x70, 0xff, 0xff, 0xdf, 0x1f, 0x00,
  0x00, 0x00, 0x00, 0x00, 0x00, 0x50, 0xfa, 0xff, 0xef, 0x34, 0x00, 0x00, 0x00, 0x00, 0x70, 0xdc,
  0x1e, 0x00, 0x00, 0x00, 0x00, 0x00, 0x00, 0x00, 0x00, 0x4d, 0xe8, 0x34, 0x00, 0x00, 0x00, 0x00,
  0x00, 0x00, 0x0a, 0x00, 0x00, 0x00, 0x00, 0x00, 0x00, 0x00, 0x00, 0x00, 0x00, 0x0a, 0x00, 0x00,
  0x00, 0x00, 0x00, 0x00, 0x00, 0x00, 0x00, 0x00, 0x00, 0x00, 0x00, 0x00, 0x00, 0x00, 0x00, 0x8b,
  0x73, 0x24, 0x00, 0x00, 0x00, 0x00, 0x00, 0x00, 0x00, 0x00, 0x00, 0x00, 0x00, 0x00, 0x00, 0x00,
  0x00, 0x00, 0x00, 0x00, 0x11, 0xfa, 0xff, 0xff, 0xd4, 0x7a, 0x00, 0x00, 0x00, 0x00, 0x00, 0x00,
  0x00, 0x00, 0x00, 0x00, 0x00, 0x00, 0x00, 0x00, 0x00, 0x00, 0x60, 0xff, 0xff, 0xff, 0xff, 0xac,
  0x00, 0x00, 0x00, 0x00, 0x00, 0x00, 0x00, 0x00, 0x00, 0x39, 0x84, 0xc5, 0xe0, 0xf5, 0xf4, 0xde,
  0xe6, 0xff, 0xff, 0xff, 0xff, 0x58, 0x00, 0x00, 0x00, 0x00, 0x00, 0x00, 0x00, 0x31, 0xbd, 0xff,
  0xff, 0xff, 0xff, 0xff, 0xff, 0xff, 0xff, 0xff, 0xff, 0xff, 0xf8, 0x0d, 0x00, 0x00, 0x00, 0x00,
  0x00, 0x00, 0x56, 0xf8, 0xff, 0xff, 0xff, 0xff, 0xff, 0xff, 0xff, 0xff, 0xff, 0xff, 0xff, 0xff,
  0xef, 0x29, 0x00, 0x00, 0x00, 0x00, 0x00, 0x51, 0xfe, 0xff, 0xff, 0xff, 0xff, 0xff, 0xff, 0xff,
  0xff, 0xff, 0xff, 0xff, 0xff, 0xff, 0xff, 0xe6, 0x1a, 0x00, 0x00, 0x00, 0x1d, 0xee, 0xff, 0xff,
  0xff, 0xff, 0xff, 0xff, 0xff, 0xff, 0xff, 0xff, 0xff, 0xff, 0xff, 0xff, 0xff, 0xff, 0xba, 0x00,
  0x00, 0x00, 0x9b, 0xff, 0xff, 0xff, 0xff, 0xff, 0xf8, 0x89, 0x33, 0x13, 0x6b, 0xff, 0xff, 0xff,
  0xff, 0xff, 0xff, 0xff, 0xff, 0x4c, 0x00, 0x15, 0xf7, 0xff, 0xff, 0xff, 0xff, 0xf7, 0x44, 0x00,
  0x00, 0x00, 0xad, 0xff, 0xff, 0xff, 0xff, 0xff, 0xff, 0xff, 0xff, 0xbe, 0x00, 0x61, 0xff, 0xff,
  0xff, 0xff, 0xff, 0x81, 0x00, 0x00, 0x00, 0x0b, 0xf6, 0xff, 0xff, 0xff, 0xff, 0xff, 0xff, 0xff,
  0xff, 0xfd, 0x17, 0x9c, 0xff, 0xff, 0xff, 0xff, 0xfc, 0x11, 0x00, 0x00, 0x00, 0x55, 0xff, 0xff,
  0xff, 0xff, 0xf3, 0xff, 0xff, 0xff, 0xff, 0xff, 0x55, 0xce, 0xff, 0xff, 0xff, 0xff, 0xcb, 0x00,
  0x00, 0x00, 0x00, 0xa9, 0xff, 0xff, 0xff, 0xff, 0x79, 0xff, 0xff, 0xff, 0xff, 0xff, 0x81, 0xe1,
  0xff, 0xff, 0xff, 0xff, 0xa5, 0x00, 0x00, 0x00, 0x09, 0xf4, 0xff, 0xff, 0xff, 0xfb, 0x12, 0xee,
  0xff, 0xff, 0xff, 0xff, 0x9e, 0xf2, 0xff, 0xff, 0xff, 0xff, 0x93, 0x00, 0x00, 0x00, 0x52, 0xff,
  0xff, 0xff, 0xff, 0xba, 0x00, 0xdf, 0xff, 0xff, 0xff, 0xff, 0xaa, 0xfb, 0xff, 0xff, 0xff, 0xff,
  0x8f, 0x00, 0x00, 0x00, 0xa6, 0xff, 0xff, 0xff, 0xff, 0x66, 0x00, 0xdb, 0xff, 0xff, 0xff, 0xff,
  0xb0, 0xfb, 0xff, 0xff, 0xff, 0xff, 0x8f, 0x00, 0x00, 0x08, 0xf2, 0xff, 0xff, 0xff, 0xfc, 0x16,
  0x00, 0xdb, 0xff, 0xff, 0xff, 0xff, 0xb0, 0xfb, 0xff, 0xff, 0xff, 0xff, 0x8f, 0x00, 0x00, 0x4f,
  0xff, 0xff, 0xff, 0xff, 0xbf, 0x00, 0x00, 0xdb, 0xff, 0xff, 0xff, 0xff, 0xb0, 0xfb, 0xff, 0xff,
  0xff, 0xff, 0x8f, 0x00, 0x00, 0xa3, 0xff, 0xff, 0xff, 0xff, 0x6b, 0x00, 0x00, 0xdb, 0xff, 0xff,
  0xff, 0xff, 0xb0, 0xfb, 0xff, 0xff, 0xff, 0xff, 0x8f, 0x00, 0x06, 0xf0, 0xff, 0xff, 0xff, 0xfe,
  0x19, 0x00, 0x00, 0xdb, 0xff, 0xff, 0xff, 0xff, 0xb0, 0xfb, 0xff, 0xff, 0xff, 0xff, 0x8f, 0x00,
  0x4b, 0xff, 0xff, 0xff, 0xff, 0xc4, 0x00, 0x00, 0x00, 0xdb, 0xff, 0xff, 0xff, 0xff, 0xb0, 0xfb,
  0xff, 0xff, 0xff, 0xff, 0x8f, 0x00, 0xa0, 0xff, 0xff, 0xff, 0xff, 0x70, 0x00, 0x00, 0x00, 0xdb,
  0xff, 0xff, 0xff, 0xff, 0xae, 0xf2, 0xff, 0xff, 0xff, 0xff, 0x97, 0x05, 0xee, 0xff, 0xff, 0xff,
  0xff, 0x1e, 0x00, 0x00, 0x00, 0xe2, 0xff, 0xff, 0xff, 0xff, 0xa0, 0xe2, 0xff, 0xff, 0xff, 0xff,
  0xa6, 0x48, 0xff, 0xff, 0xff, 0xff, 0xc9, 0x00, 0x00, 0x00, 0x01, 0xf5, 0xff, 0xff, 0xff, 0xff,
  0x8f, 0xc2, 0xff, 0xff, 0xff, 0xff, 0xd3, 0x9d, 0xff, 0xff, 0xff, 0xff, 0x75, 0x00, 0x00, 0x00,
  0x23, 0xff, 0xff, 0xff, 0xff, 0xff, 0x75, 0x91, 0xff, 0xff, 0xff, 0xff, 0xfe, 0xf0, 0xff, 0xff,
  0xff, 0xff, 0x22, 0x00, 0x00, 0x00, 0x6f, 0xff, 0xff, 0xff, 0xff, 0xff, 0x3d, 0x4e, 0xff, 0xff,
  0xff, 0xff, 0xff, 0xff, 0xff, 0xff, 0xff, 0xce, 0x00, 0x00, 0x00, 0x09, 0xde, 0xff, 0xff, 0xff,
  0xff, 0xf8, 0x09, 0x06, 0xec, 0xff, 0xff, 0xff, 0xff, 0xff, 0xff, 0xff, 0xff, 0x7a, 0x00, 0x00,
  0x10, 0xb1, 0xff, 0xff, 0xff, 0xff, 0xff, 0x9f, 0x00, 0x00, 0x7c, 0xff, 0xff, 0xff, 0xff, 0xff,
  0xff, 0xff, 0xff, 0x93, 0x81, 0xa6, 0xef, 0xff, 0xff, 0xff, 0xff, 0xff, 0xfe, 0x2e, 0x00, 0x00,
  0x08, 0xd9, 0xff, 0xff, 0xff, 0xff, 0xff, 0xff, 0xff, 0xff, 0xff, 0xff, 0xff, 0xff, 0xff, 0xff,
  0xff, 0xff, 0x87, 0x00, 0x00, 0x00, 0x00, 0x29, 0xed, 0xff, 0xff, 0xff, 0xff, 0xff, 0xff, 0xff,
  0xff, 0xff, 0xff, 0xff, 0xff, 0xff, 0xff, 0xb8, 0x04, 0x00, 0x00, 0x00, 0x00, 0x00, 0x2c, 0xfe,
  0xff, 0xff, 0xff, 0xff, 0xff, 0xff, 0xff, 0xff, 0xff, 0xff, 0xff, 0xff, 0x98, 0x04, 0x00, 0x00,
  0x00, 0x00, 0x00, 0x00, 0x40, 0xff, 0xff, 0xff, 0xff, 0xff, 0xff, 0xff, 0xff, 0xff, 0xff, 0xfc,
  0xb9, 0x38, 0x00, 0x00, 0x00, 0x00, 0x00, 0x00, 0x00, 0x00, 0x93, 0xff, 0xff, 0xff, 0xff, 0xb0,
  0x86, 0x93, 0x89, 0x74, 0x51, 0x10, 0x00, 0x00, 0x00, 0x00, 0x00, 0x00, 0x00, 0x00, 0x00, 0x01,
  0xe4, 0xff, 0xff, 0xff, 0xff, 0x30, 0x00, 0x00, 0x00, 0x00, 0x00, 0x00, 0x00, 0x00, 0x00, 0x00,
  0x00, 0x00, 0x00, 0x00, 0x00, 0x12, 0xb2, 0xf7, 0xff, 0xff, 0xdd, 0x00, 0x00, 0x00, 0x00, 0x00,
  0x00, 0x00, 0x00, 0x00, 0x00, 0x00, 0x00, 0x00, 0x00, 0x00, 0x00, 0x00, 0x00, 0x0a, 0x51, 0xa0,
  0x7a, 0x00, 0x00, 0x00, 0x00, 0x00, 0x00, 0x00, 0x00, 0x00, 0x00, 0x00, 0x00, 0x00, 0x00, 0x00,
  0x00, 0x00, 0x00, 0x00, 0x2c, 0x38, 0x38, 0x38, 0x38, 0x2d, 0x00, 0x00, 0x00, 0x00, 0x00, 0x00,
  0x00, 0x00, 0x00, 0x00, 0x00, 0x00, 0x00, 0x00, 0x00, 0x00, 0x6a, 0xff, 0xff, 0xff, 0xff, 0xf8,
  0x12, 0x00, 0x00, 0x00, 0x00, 0x00, 0x00, 0x00, 0x00, 0x00, 0x00, 0x00, 0x00, 0x00, 0x00, 0x00,
  0x02, 0xc9, 0xff, 0xff, 0xff, 0xff, 0x6c, 0x00, 0x00, 0x00, 0x00, 0x00, 0x00, 0x00, 0x00, 0x00,
  0x00, 0x00, 0x00, 0x00, 0x00, 0x00, 0x00, 0x31, 0xfc, 0xff, 0xff, 0xff, 0xce, 0x00, 0x00, 0x00,
  0x00, 0x00, 0x00, 0x00, 0x00, 0x00, 0x00, 0x00, 0x00, 0x00, 0x00, 0x00, 0x00, 0x00, 0x8f, 0xff,
  0xff, 0xff, 0xff, 0x30, 0x00, 0x00, 0x00, 0x00, 0x00, 0x00, 0x00, 0x00, 0x00, 0x00, 0x00, 0x00,
  0x00, 0x00, 0x00, 0x00, 0x0d, 0xe4, 0xff, 0xff, 0xff, 0x92, 0x00, 0x00, 0x00, 0x00, 0x00, 0x00,
  0x00, 0x00, 0x00, 0x00, 0x00, 0x00, 0x00, 0x00, 0x00, 0x00, 0x00, 0x3c, 0x7d, 0x7d, 0x7d, 0x6c,
  0x00, 0x00, 0x00, 0x00, 0x00, 0x00, 0x00, 0x00, 0x00, 0x00, 0x00, 0x00, 0x00, 0x00, 0x00, 0x00,
  0x00, 0x00, 0x00, 0x00, 0x00, 0x00, 0x00, 0x00, 0x00, 0x00, 0x00, 0x00, 0x00, 0x00, 0x00, 0x00,
  0x00, 0x00, 0x00, 0x00, 0x00, 0x00, 0x00, 0x00, 0x00, 0x00, 0x00, 0x00, 0x00, 0x00, 0x00, 0x00,
  0x00, 0x00, 0x00, 0x00, 0x00, 0x4a, 0x66, 0x66, 0x66, 0x66, 0x53, 0x00, 0x00, 0x00, 0x00, 0x00,
  0x00, 0x00, 0x00, 0x00, 0x0b, 0x66, 0x66, 0x66, 0x66, 0x66, 0x2c, 0xbb, 0xff, 0xff, 0xff, 0xff,
  0xcf, 0x00, 0x00, 0x00, 0x00, 0x00, 0x00, 0x00, 0x00, 0x00, 0x1b, 0xff, 0xff, 0xff, 0xff, 0xff,
  0x6f, 0xbb, 0xff, 0xff, 0xff, 0xff, 0xcf, 0x00, 0x00, 0x00, 0x00, 0x00, 0x00, 0x00, 0x00, 0x00,
  0x1b, 0xff, 0xff, 0xff, 0xff, 0xff, 0x6f, 0xbb, 0xff, 0xff, 0xff, 0xff, 0xcf, 0x00, 0x00, 0x00,
  0x00, 0x00, 0x00, 0x00, 0x00, 0x00, 0x1b, 0xff, 0xff, 0xff, 0xff, 0xff, 0x6f, 0xbb, 0xff, 0xff,
  0xff, 0xff, 0xcf, 0x00, 0x00, 0x00, 0x00, 0x00, 0x00, 0x00, 0x00, 0x00, 0x1b, 0xff, 0xff, 0xff,
  0xff, 0xff, 0x6f, 0xbb, 0xff, 0xff, 0xff, 0xff, 0xcf, 0x00, 0x00, 0x00, 0x00, 0x00, 0x00, 0x00,
  0x00, 0x00, 0x1b, 0xff, 0xff, 0xff, 0xff, 0xff, 0x6f, 0xbb, 0xff, 0xff, 0xff, 0xff, 0xcf, 0x00,
  0x00, 0x00, 0x00, 0x00, 0x00, 0x00, 0x00, 0x00, 0x1b, 0xff, 0xff, 0xff, 0xff, 0xff, 0x6f, 0xbb,
  0xff, 0xff, 0xff, 0xff, 0xcf, 0x00, 0x00, 0x00, 0x00, 0x00, 0x00, 0x00, 0x00, 0x00, 0x1b, 0xff,
  0xff, 0xff, 0xff, 0xff, 0x6f, 0xbb, 0xff, 0xff, 0xff, 0xff, 0xcf, 0x00, 0x00, 0x00, 0x00, 0x00,
  0x00, 0x00, 0x00, 0x00, 0x1b, 0xff, 0xff, 0xff, 0xff, 0xff, 0x6f, 0xbb, 0xff, 0xff, 0xff, 0xff,
  0xcf, 0x00, 0x00, 0x00, 0x00, 0x00, 0x00, 0x00, 0x00, 0x00, 0x1b, 0xff, 0xff, 0xff, 0xff, 0xff,
  0x6f, 0xbb, 0xff, 0xff, 0xff, 0xff, 0xcf, 0x00, 0x00, 0x00, 0x00, 0x00, 0x00, 0x00, 0x00, 0x00,
  0x1b, 0xff, 0xff, 0xff, 0xff, 0xff, 0x6f, 0xbb, 0xff, 0xff, 0xff, 0xff, 0xcf, 0x00, 0x00, 0x00,
  0x00, 0x00, 0x00, 0x00, 0x00, 0x00, 0x1b, 0xff, 0xff, 0xff, 0xff, 0xff, 0x6f, 0xbb, 0xff, 0xff,
  0xff, 0xff, 0xcf, 0x00, 0x00, 0x00, 0x00, 0x00, 0x00, 0x00, 0x00, 0x00, 0x1b, 0xff, 0xff, 0xff,
  0xff, 0xff, 0x6f, 0xbb, 0xff, 0xff, 0xff, 0xff, 0xcf, 0x00, 0x00, 0x00, 0x00, 0x00, 0x00, 0x00,
  0x00, 0x00, 0x1b, 0xff, 0xff, 0xff, 0xff, 0xff, 0x6f, 0xbb, 0xff, 0xff, 0xff, 0xff, 0xcf, 0x00,
  0x00, 0x00, 0x00, 0x00, 0x00, 0x00, 0x00, 0x00, 0x1b, 0xff, 0xff, 0xff, 0xff, 0xff, 0x6f, 0xbb,
  0xff, 0xff, 0xff, 0xff, 0xcf, 0x00, 0x00, 0x00, 0x00, 0x00, 0x00, 0x00, 0x00, 0x00, 0x1b, 0xff,
  0xff, 0xff, 0xff, 0xff, 0x6f, 0xbb, 0xff, 0xff, 0xff, 0xff, 0xcf, 0x00, 0x00, 0x00, 0x00, 0x00,
  0x00, 0x00, 0x00, 0x00, 0x1b, 0xff, 0xff, 0xff, 0xff, 0xff, 0x6f, 0xbb, 0xff, 0xff, 0xff, 0xff,
  0xcf, 0x00, 0x00, 0x00, 0x00, 0x00, 0x00, 0x00, 0x00, 0x00, 0x1b, 0xff, 0xff, 0xff, 0xff, 0xff,
  0x6f, 0xbb, 0xff, 0xff, 0xff, 0xff, 0xcf, 0x00, 0x00, 0x00, 0x00, 0x00, 0x00, 0x00, 0x00, 0x00,
  0x1b, 0xff, 0xff, 0xff, 0xff, 0xff, 0x6f, 0xbb, 0xff, 0xff, 0xff, 0xff, 0xd0, 0x00, 0x00, 0x00,
  0x00, 0x00, 0x00, 0x00, 0x00, 0x00, 0x1b, 0xff, 0xff, 0xff, 0xff, 0xff, 0x6f, 0xaf, 0xff, 0xff,
  0xff, 0xff, 0xda, 0x00, 0x00, 0x00, 0x00, 0x00, 0x00, 0x00, 0x00, 0x00, 0x26, 0xff, 0xff, 0xff,
  0xff, 0xff, 0x63, 0x9d, 0xff, 0xff, 0xff, 0xff, 0xf7, 0x05, 0x00, 0x00, 0x00, 0x00, 0x00, 0x00,
  0x00, 0x00, 0x47, 0xff, 0xff, 0xff, 0xff, 0xff, 0x51, 0x7d, 0xff, 0xff, 0xff, 0xff, 0xff, 0x46,
  0x00, 0x00, 0x00, 0x00, 0x00, 0x00, 0x00, 0x00, 0x90, 0xff, 0xff, 0xff, 0xff, 0xff, 0x31, 0x40,
  0xff, 0xff, 0xff, 0xff, 0xff, 0xc7, 0x03, 0x00, 0x00, 0x00, 0x00, 0x00, 0x00, 0x1f, 0xf3, 0xff,
  0xff, 0xff, 0xff, 0xf2, 0x03, 0x08, 0xed, 0xff, 0xff, 0xff, 0xff, 0xff, 0xb1, 0x19, 0x00, 0x00,
  0x00, 0x00, 0x34, 0xdb, 0xff, 0xff, 0xff, 0xff, 0xff, 0xab, 0x00, 0x00, 0x83, 0xff, 0xff, 0xff,
  0xff, 0xff, 0xff, 0xfa, 0xc4, 0xa6, 0xab, 0xd4, 0xff, 0xff, 0xff, 0xff, 0xff, 0xff, 0xff, 0x39,
  0x00, 0x00, 0x11, 0xe1, 0xff, 0xff, 0xff, 0xff, 0xff, 0xff, 0xff, 0xff, 0xff, 0xff, 0xff, 0xff,
  0xff, 0xff, 0xff, 0xff, 0xaa, 0x00, 0x00, 0x00, 0x00, 0x38, 0xf6, 0xff, 0xff, 0xff, 0xff, 0xff,
  0xff, 0xff, 0xff, 0xff, 0xff, 0xff, 0xff, 0xff, 0xff, 0xd9, 0x0f, 0x00, 0x00, 0x00, 0x00, 0x00,
  0x34, 0xe5, 0xff, 0xff, 0xff, 0xff, 0xff, 0xff, 0xff, 0xff, 0xff, 0xff, 0xff, 0xff, 0xc1, 0x13,
  0x00, 0x00, 0x00, 0x00, 0x00, 0x00, 0x00, 0x0e, 0x7c, 0xe9, 0xff, 0xff, 0xff, 0xff, 0xff, 0xff,
  0xff, 0xff, 0xd2, 0x5a, 0x02, 0x00, 0x00, 0x00, 0x00, 0x00, 0x00, 0x00, 0x00, 0x00, 0x00, 0x01,
  0x2d, 0x66, 0x7d, 0x8f, 0x8a, 0x77, 0x5a, 0x1c, 0x00, 0x00, 0x00, 0x00, 0x00, 0x00, 0x00, 0x00,
  0x00, 0x00, 0x00, 0x00, 0x00, 0x00, 0x00, 0x00, 0x00, 0x0d, 0x38, 0x38, 0x38, 0x38, 0x38, 0x14,
  0x00, 0x00, 0x00, 0x00, 0x00, 0x00, 0x00, 0x00, 0x00, 0x00, 0x00, 0x00, 0x00, 0x00, 0x00, 0x77,
  0xff, 0xff, 0xff, 0xff, 0xeb, 0x12, 0x00, 0x00, 0x00, 0x00, 0x00, 0x00, 0x00, 0x00, 0x00, 0x00,
  0x00, 0x00, 0x00, 0x00, 0x00, 0xd8, 0xff, 0xff, 0xff, 0xff, 0x5f, 0x00, 0x00, 0x00, 0x00, 0x00,
  0x00, 0x00, 0x00, 0x00, 0x00, 0x00, 0x00, 0x00, 0x00, 0x00, 0x3a, 0xff, 0xff, 0xff, 0xff, 0xc1,
  0x00, 0x00, 0x00, 0x00, 0x00, 0x00, 0x00, 0x00, 0x00, 0x00, 0x00, 0x00, 0x00, 0x00, 0x00, 0x00,
  0x9c, 0xff, 0xff, 0xff, 0xfa, 0x29, 0x00, 0x00, 0x00, 0x00, 0x00, 0x00, 0x00, 0x00, 0x00, 0x00,
  0x00, 0x00, 0x00, 0x00, 0x00, 0x0b, 0xf3, 0xff, 0xff, 0xff, 0x85, 0x00, 0x00, 0x00, 0x00, 0x00,
  0x00, 0x00, 0x00, 0x00, 0x00, 0x00, 0x00, 0x00, 0x00, 0x00, 0x00, 0x23, 0x7d, 0x7d, 0x7d, 0x7c,
  0x09, 0x00, 0x00, 0x00, 0x00, 0x00, 0x00, 0x00, 0x00, 0x00, 0x00, 0x00, 0x00, 0x00, 0x00, 0x00,
  0x00, 0x00, 0x00, 0x00, 0x00, 0x00, 0x00, 0x00, 0x00, 0x00, 0x00, 0x00, 0x00, 0x00, 0x00, 0x00,
  0x00, 0x00, 0x00, 0x00, 0x00, 0x00, 0x00, 0x00, 0x00, 0x00, 0x00, 0x00, 0x00, 0x00, 0x00, 0x00,
  0x00, 0x00, 0x00, 0x00, 0x00, 0x4a, 0x66, 0x66, 0x66, 0x66, 0x53, 0x00, 0x00, 0x00, 0x00, 0x00,
  0x00, 0x00, 0x00, 0x00, 0x0b, 0x66, 0x66, 0x66, 0x66, 0x66, 0x2c, 0xbb, 0xff, 0xff, 0xff, 0xff,
  0xcf, 0x00, 0x00, 0x00, 0x00, 0x00, 0x00, 0x00, 0x00, 0x00, 0x1b, 0xff, 0xff, 0xff, 0xff, 0xff,
  0x6f, 0xbb, 0xff, 0xff, 0xff, 0xff, 0xcf, 0x00, 0x00, 0x00, 0x00, 0x00, 0x00, 0x00, 0x00, 0x00,
  0x1b, 0xff, 0xff, 0xff, 0xff, 0xff, 0x6f, 0xbb, 0xff, 0xff, 0xff, 0xff, 0xcf, 0x00, 0x00, 0x00,
  0x00, 0x00, 0x00, 0x00, 0x00, 0x00, 0x1b, 0xff, 0xff, 0xff, 0xff, 0xff, 0x6f, 0xbb, 0xff, 0xff,
  0xff, 0xff, 0xcf, 0x00, 0x00, 0x00, 0x00, 0x00, 0x00, 0x00, 0x00, 0x00, 0x1b, 0xff, 0xff, 0xff,
  0xff, 0xff, 0x6f, 0xbb, 0xff, 0xff, 0xff, 0xff, 0xcf, 0x00, 0x00, 0x00, 0x00, 0x00, 0x00, 0x00,
  0x00, 0x00, 0x1b, 0xff, 0xff, 0xff, 0xff, 0xff, 0x6f, 0xbb, 0xff, 0xff, 0xff, 0xff, 0xcf, 0x00,
  0x00, 0x00, 0x00, 0x00, 0x00, 0x00, 0x00, 0x00, 0x1b, 0xff, 0xff, 0xff, 0xff, 0xff, 0x6f, 0xbb,
  0xff, 0xff, 0xff, 0xff, 0xcf, 0x00, 0x00, 0x00, 0x00, 0x00, 0x00, 0x00, 0x00, 0x00, 0x1b, 0xff,
  0xff, 0xff, 0xff, 0xff, 0x6f, 0xbb, 0xff, 0xff, 0xff, 0xff, 0xcf, 0x00, 0x00, 0x00, 0x00, 0x00,
  0x00, 0x00, 0x00, 0x00, 0x1b, 0xff, 0xff, 0xff, 0xff, 0xff, 0x6f, 0xbb, 0xff, 0xff, 0xff, 0xff,
  0xcf, 0x00, 0x00, 0x00, 0x00, 0x00, 0x00, 0x00, 0x00, 0x00, 0x1b, 0xff, 0xff, 0xff, 0xff, 0xff,
  0x6f, 0xbb, 0xff, 0xff, 0xff, 0xff, 0xcf, 0x00, 0x00, 0x00, 0x00, 0x00, 0x00, 0x00, 0x00, 0x00,
  0x1b, 0xff, 0xff, 0xff, 0xff, 0xff, 0x6f, 0xbb, 0xff, 0xff, 0xff, 0xff, 0xcf, 0x00, 0x00, 0x00,
  0x00, 0x00, 0x00, 0x00, 0x00, 0x00, 0x1b, 0xff, 0xff, 0xff, 0xff, 0xff, 0x6f, 0xbb, 0xff, 0xff,
  0xff, 0xff, 0xcf, 0x00, 0x00, 0x00, 0x00, 0x00, 0x00, 0x00, 0x00, 0x00, 0x1b, 0xff, 0xff, 0xff,
  0xff, 0xff, 0x6f, 0xbb, 0xff, 0xff, 0xff, 0xff, 0xcf, 0x00, 0x00, 0x00, 0x00, 0x00, 0x00, 0x00,
  0x00, 0x00, 0x1b, 0xff, 0xff, 0xff, 0xff, 0xff, 0x6f, 0xbb, 0xff, 0xff, 0xff, 0xff, 0xcf, 0x00,
  0x00, 0x00, 0x00, 0x00, 0x00, 0x00, 0x00, 0x00, 0x1b, 0xff, 0xff, 0xff, 0xff, 0xff, 0x6f, 0xbb,
  0xff, 0xff, 0xff, 0xff, 0xcf, 0x00, 0x00, 0x00, 0x00, 0x00, 0x00, 0x00, 0x00, 0x00, 0x1b, 0xff,
  0xff, 0xff, 0xff, 0xff, 0x6f, 0xbb, 0xff, 0xff, 0xff, 0xff, 0xcf, 0x00, 0x00, 0x00, 0x00, 0x00,
  0x00, 0x00, 0x00, 0x00, 0x1b, 0xff, 0xff, 0xff, 0xff, 0xff, 0x6f, 0xbb, 0xff, 0xff, 0xff, 0xff,
  0xcf, 0x00, 0x00, 0x00, 0x00, 0x00, 0x00, 0x00, 0x00, 0x00, 0x1b, 0xff, 0xff, 0xff, 0xff, 0xff,
  0x6f, 0xbb, 0xff, 0xff, 0xff, 0xff, 0xcf, 0x00, 0x00, 0x00, 0x00, 0x00, 0x00, 0x00, 0x00, 0x00,
  0x1b, 0xff, 0xff, 0xff, 0xff, 0xff, 0x6f, 0xbb, 0xff, 0xff, 0xff, 0xff, 0xd0, 0x00, 0x00, 0x00,
  0x00, 0x00, 0x00, 0x00, 0x00, 0x00, 0x1b, 0xff, 0xff, 0xff, 0xff, 0xff, 0x6f, 0xaf, 0xff, 0xff,
  0xff, 0xff, 0xda, 0x00, 0x00, 0x00, 0x00, 0x00, 0x00, 0x00, 0x00, 0x00, 0x26, 0xff, 0xff, 0xff,
  0xff, 0xff, 0x63, 0x9d, 0xff, 0xff, 0xff, 0xff, 0xf7, 0x05, 0x00, 0x00, 0x00, 0x00, 0x00, 0x00,
  0x00, 0x00, 0x47, 0xff, 0xff, 0xff, 0xff, 0xff, 0x51, 0x7d, 0xff, 0xff, 0xff, 0xff, 0xff, 0x46,
  0x00, 0x00, 0x00, 0x00, 0x00, 0x00, 0x00, 0x00, 0x90, 0xff, 0xff, 0xff, 0xff, 0xff, 0x31, 0x40,
  0xff, 0xff, 0xff, 0xff, 0xff, 0xc7, 0x03, 0x00, 0x00, 0x00, 0x00, 0x00, 0x00, 0x1f, 0xf3, 0xff,
  0xff, 0xff, 0xff, 0xf2, 0x03, 0x08, 0xed, 0xff, 0xff, 0xff, 0xff, 0xff, 0xb1, 0x19, 0x00, 0x00,
  0x00, 0x00, 0x34, 0xdb, 0xff, 0xff, 0xff, 0xff, 0xff, 0xab, 0x00, 0x00, 0x83, 0xff, 0xff, 0xff,
  0xff, 0xff, 0xff, 0xfa, 0xc4, 0xa6, 0xab, 0xd4, 0xff, 0xff, 0xff, 0xff, 0xff, 0xff, 0xff, 0x39,
  0x00, 0x00, 0x11, 0xe1, 0xff, 0xff, 0xff, 0xff, 0xff, 0xff, 0xff, 0xff, 0xff, 0xff, 0xff, 0xff,
  0xff, 0xff, 0xff, 0xff, 0xaa, 0x00, 0x00, 0x00, 0x00, 0x38, 0xf6, 0xff, 0xff, 0xff, 0xff, 0xff,
  0xff, 0xff, 0xff, 0xff, 0xff, 0xff, 0xff, 0xff, 0xff, 0xd9, 0x0f, 0x00, 0x00, 0x00, 0x00, 0x00,
  0x34, 0xe5, 0xff, 0xff, 0xff, 0xff, 0xff, 0xff, 0xff, 0xff, 0xff, 0xff, 0xff, 0xff, 0xc1, 0x13,
  0x00, 0x00, 0x00, 0x00, 0x00, 0x00, 0x00, 0x0e, 0x7c, 0xe9, 0xff, 0xff, 0xff, 0xff, 0xff, 0xff,
  0xff, 0xff, 0xd2, 0x5a, 0x02, 0x00, 0x00, 0x00, 0x00, 0x00, 0x00, 0x00, 0x00, 0x00, 0x00, 0x01,
  0x2d, 0x66, 0x7d, 0x8f, 0x8a, 0x77, 0x5a, 0x1c, 0x00, 0x00, 0x00, 0x00, 0x00, 0x00, 0x00, 0x00,
  0x00, 0x00, 0x00, 0x00, 0x00, 0x00, 0x2e, 0x38, 0x38, 0x38, 0x38, 0x38, 0x38, 0x1e, 0x00, 0x00,
  0x00, 0x00, 0x00, 0x00, 0x00, 0x00, 0x00, 0x00, 0x00, 0x00, 0x00, 0x36, 0xfd, 0xff, 0xff, 0xff,
  0xff, 0xff, 0xff, 0xde, 0x09, 0x00, 0x00, 0x00, 0x00, 0x00, 0x00, 0x00, 0x00, 0x00, 0x00, 0x00,
  0x03, 0xcf, 0xff, 0xff, 0xff, 0xe8, 0xf7, 0xff, 0xff, 0xff, 0x86, 0x00, 0x00, 0x00, 0x00, 0x00,
  0x00, 0x00, 0x00, 0x00, 0x00, 0x00, 0x70, 0xff, 0xff, 0xff, 0xff, 0x41, 0x8d, 0xff, 0xff, 0xff,
  0xfa, 0x2a, 0x00, 0x00, 0x00, 0x00, 0x00, 0x00, 0x00, 0x00, 0x00, 0x1b, 0xf2, 0xff, 0xff, 0xff,
  0xc4, 0x00, 0x18, 0xf7, 0xff, 0xff, 0xff, 0xc1, 0x01, 0x00, 0x00, 0x00, 0x00, 0x00, 0x00, 0x00,
  0x00, 0xac, 0xff, 0xff, 0xff, 0xff, 0x47, 0x00, 0x00, 0x93, 0xff, 0xff, 0xff, 0xff, 0x61, 0x00,
  0x00, 0x00, 0x00, 0x00, 0x00, 0x00, 0x11, 0x7d, 0x7d, 0x7d, 0x7d, 0x72, 0x00, 0x00, 0x00, 0x1a,
  0x7d, 0x7d, 0x7d, 0x7d, 0x69, 0x00, 0x00, 0x00, 0x00, 0x00, 0x00, 0x00, 0x00, 0x00, 0x00, 0x00,
  0x00, 0x00, 0x00, 0x00, 0x00, 0x00, 0x00, 0x00, 0x00, 0x00, 0x00, 0x00, 0x00, 0x00, 0x00, 0x00,
  0x00, 0x00, 0x00, 0x00, 0x00, 0x00, 0x00, 0x00, 0x00, 0x00, 0x00, 0x00, 0x00, 0x00, 0x00, 0x00,
  0x00, 0x00, 0x00, 0x00, 0x00, 0x4a, 0x66, 0x66, 0x66, 0x66, 0x53, 0x00, 0x00, 0x00, 0x00, 0x00,
  0x00, 0x00, 0x00, 0x00, 0x0b, 0x66, 0x66, 0x66, 0x66, 0x66, 0x2c, 0xbb, 0xff, 0xff, 0xff, 0xff,
  0xcf, 0x00, 0x00, 0x00, 0x00, 0x00, 0x00, 0x00, 0x00, 0x00, 0x1b, 0xff, 0xff, 0xff, 0xff, 0xff,
  0x6f, 0xbb, 0xff, 0xff, 0xff, 0xff, 0xcf, 0x00, 0x00, 0x00, 0x00, 0x00, 0x00, 0x00, 0x00, 0x00,
  0x1b, 0xff, 0xff, 0xff, 0xff, 0xff, 0x6f, 0xbb, 0xff, 0xff, 0xff, 0xff, 0xcf, 0x00, 0x00, 0x00,
  0x00, 0x00, 0x00, 0x00, 0x00, 0x00, 0x1b, 0xff, 0xff, 0xff, 0xff, 0xff, 0x6f, 0xbb, 0xff, 0xff,
  0xff, 0xff, 0xcf, 0x00, 0x00, 0x00, 0x00, 0x00, 0x00, 0x00, 0x00, 0x00, 0x1b, 0xff, 0xff, 0xff,
  0xff, 0xff, 0x6f, 0xbb, 0xff, 0xff, 0xff, 0xff, 0xcf, 0x00, 0x00, 0x00, 0x00, 0x00, 0x00, 0x00,
  0x00, 0x00, 0x1b, 0xff, 0xff, 0xff, 0xff, 0xff, 0x6f, 0xbb, 0xff, 0xff, 0xff, 0xff, 0xcf, 0x00,
  0x00, 0x00, 0x00, 0x00, 0x00, 0x00, 0x00, 0x00, 0x1b, 0xff, 0xff, 0xff, 0xff, 0xff, 0x6f, 0xbb,
  0xff, 0xff, 0xff, 0xff, 0xcf, 0x00, 0x00, 0x00, 0x00, 0x00, 0x00, 0x00, 0x00, 0x00, 0x1b, 0xff,
  0xff, 0xff, 0xff, 0xff, 0x6f, 0xbb, 0xff, 0xff, 0xff, 0xff, 0xcf, 0x00, 0x00, 0x00, 0x00, 0x00,
  0x00, 0x00, 0x00, 0x00, 0x1b, 0xff, 0xff, 0xff, 0xff, 0xff, 0x6f, 0xbb, 0xff, 0xff, 0xff, 0xff,
  0xcf, 0x00, 0x00, 0x00, 0x00, 0x00, 0x00, 0x00, 0x00, 0x00, 0x1b, 0xff, 0xff, 0xff, 0xff, 0xff,
  0x6f, 0xbb, 0xff, 0xff, 0xff, 0xff, 0xcf, 0x00, 0x00, 0x00, 0x00, 0x00, 0x00, 0x00, 0x00, 0x00,
  0x1b, 0xff, 0xff, 0xff, 0xff, 0xff, 0x6f, 0xbb, 0xff, 0xff, 0xff, 0xff, 0xcf, 0x00, 0x00, 0x00,
  0x00, 0x00, 0x00, 0x00, 0x00, 0x00, 0x1b, 0xff, 0xff, 0xff, 0xff, 0xff, 0x6f, 0xbb, 0xff, 0xff,
  0xff, 0xff, 0xcf, 0x00, 0x00, 0x00, 0x00, 0x00, 0x00, 0x00, 0x00, 0x00, 0x1b, 0xff, 0xff, 0xff,
  0xff, 0xff, 0x6f, 0xbb, 0xff, 0xff, 0xff, 0xff, 0xcf, 0x00, 0x00, 0x00, 0x00, 0x00, 0x00, 0x00,
  0x00, 0x00, 0x1b, 0xff, 0xff, 0xff, 0xff, 0xff, 0x6f, 0xbb, 0xff, 0xff, 0xff, 0xff, 0xcf, 0x00,
  0x00, 0x00, 0x00, 0x00, 0x00, 0x00, 0x00, 0x00, 0x1b, 0xff, 0xff, 0xff, 0xff, 0xff, 0x6f, 0xbb,
  0xff, 0xff, 0xff, 0xff, 0xcf, 0x00, 0x00, 0x00, 0x00, 0x00, 0x00, 0x00, 0x00, 0x00, 0x1b, 0xff,
  0xff, 0xff, 0xff, 0xff, 0x6f, 0xbb, 0xff, 0xff, 0xff, 0xff, 0xcf, 0x00, 0x00, 0x00, 0x00, 0x00,
  0x00, 0x00, 0x00, 0x00, 0x1b, 0xff, 0xff, 0xff, 0xff, 0xff, 0x6f, 0xbb, 0xff, 0xff, 0xff, 0xff,
  0xcf, 0x00, 0x00, 0x00, 0x00, 0x00, 0x00, 0x00, 0x00, 0x00, 0x1b, 0xff, 0xff, 0xff, 0xff, 0xff,
  0x6f, 0xbb, 0xff, 0xff, 0xff, 0xff, 0xcf, 0x00, 0x00, 0x00, 0x00, 0x00, 0x00, 0x00, 0x00, 0x00,
  0x1b, 0xff, 0xff, 0xff, 0xff, 0xff, 0x6f, 0xbb, 0xff, 0xff, 0xff, 0xff, 0xd0, 0x00, 0x00, 0x00,
  0x00, 0x00, 0x00, 0x00, 0x00, 0x00, 0x1b, 0xff, 0xff, 0xff, 0xff, 0xff, 0x6f, 0xaf, 0xff, 0xff,
  0xff, 0xff, 0xda, 0x00, 0x00, 0x00, 0x00, 0x00, 0x00, 0x00, 0x00, 0x00, 0x26, 0xff, 0xff, 0xff,
  0xff, 0xff, 0x63, 0x9d, 0xff, 0xff, 0xff, 0xff, 0xf7, 0x05, 0x00, 0x00, 0x00, 0x00, 0x00, 0x00,
  0x00, 0x00, 0x47, 0xff, 0xff, 0xff, 0xff, 0xff, 0x51, 0x7d, 0xff, 0xff, 0xff, 0xff, 0xff, 0x46,
  0x00, 0x00, 0x00, 0x00, 0x00, 0x00, 0x00, 0x00, 0x90, 0xff, 0xff, 0xff, 0xff, 0xff, 0x31, 0x40,
  0xff, 0xff, 0xff, 0xff, 0xff, 0xc7, 0x03, 0x00, 0x00, 0x00, 0x00, 0x00, 0x00, 0x1f, 0xf3, 0xff,
  0xff, 0xff, 0xff, 0xf2, 0x03, 0x08, 0xed, 0xff, 0xff, 0xff, 0xff, 0xff, 0xb1, 0x19, 0x00, 0x00,
  0x00, 0x00, 0x34, 0xdb, 0xff, 0xff, 0xff, 0xff, 0xff, 0xab, 0x00, 0x00, 0x83, 0xff, 0xff, 0xff,
  0xff, 0xff, 0xff, 0xfa, 0xc4, 0xa6, 0xab, 0xd4, 0xff, 0xff, 0xff, 0xff, 0xff, 0xff, 0xff, 0x39,
  0x00, 0x00, 0x11, 0xe1, 0xff, 0xff, 0xff, 0xff, 0xff, 0xff, 0xff, 0xff, 0xff, 0xff, 0xff, 0xff,
  0xff, 0xff, 0xff, 0xff, 0xaa, 0x00, 0x00, 0x00, 0x00, 0x38, 0xf6, 0xff, 0xff, 0xff, 0xff, 0xff,
  0xff, 0xff, 0xff, 0xff, 0xff, 0xff, 0xff, 0xff, 0xff, 0xd9, 0x0f, 0x00, 0x00, 0x00, 0x00, 0x00,
  0x34, 0xe5, 0xff, 0xff, 0xff, 0xff, 0xff, 0xff, 0xff, 0xff, 0xff, 0xff, 0xff, 0xff, 0xc1, 0x13,
  0x00, 0x00, 0x00, 0x00, 0x00, 0x00, 0x00, 0x0e, 0x7c, 0xe9, 0xff, 0xff, 0xff, 0xff, 0xff, 0xff,
  0xff, 0xff, 0xd2, 0x5a, 0x02, 0x00, 0x00, 0x00, 0x00, 0x00, 0x00, 0x00, 0x00, 0x00, 0x00, 0x01,
  0x2d, 0x66, 0x7d, 0x8f, 0x8a, 0x77, 0x5a, 0x1c, 0x00, 0x00, 0x00, 0x00, 0x00, 0x00, 0x00, 0x00,
  0x00, 0x00, 0x00, 0x2f, 0x67, 0x5d, 0x19, 0x00, 0x00, 0x00, 0x00, 0x00, 0x00, 0x30, 0x67, 0x5d,
  0x18, 0x00, 0x00, 0x00, 0x00, 0x00, 0x00, 0x05, 0xa4, 0xff, 0xff, 0xff, 0xf7, 0x67, 0x00, 0x00,
  0x00, 0x06, 0xa5, 0xff, 0xff, 0xff, 0xf7, 0x66, 0x00, 0x00, 0x00, 0x00, 0x00, 0x8d, 0xff, 0xff,
  0xff, 0xff, 0xff, 0xfe, 0x43, 0x00, 0x00, 0x8e, 0xff, 0xff, 0xff, 0xff, 0xff, 0xfe, 0x43, 0x00,
  0x00, 0x00, 0x06, 0xf5, 0xff, 0xff, 0xff, 0xff, 0xff, 0xff, 0xb0, 0x00, 0x07, 0xf5, 0xff, 0xff,
  0xff, 0xff, 0xff, 0xff, 0xaf, 0x00, 0x00, 0x00, 0x1d, 0xff, 0xff, 0xff, 0xff, 0xff, 0xff, 0xff,
  0xd2, 0x00, 0x1e, 0xff, 0xff, 0xff, 0xff, 0xff, 0xff, 0xff, 0xd1, 0x00, 0x00, 0x00, 0x09, 0xf8,
  0xff, 0xff, 0xff, 0xff, 0xff, 0xff, 0xb7, 0x00, 0x09, 0xf9, 0xff, 0xff, 0xff, 0xff, 0xff, 0xff,
  0xb6, 0x00, 0x00, 0x00, 0x00, 0x9d, 0xff, 0xff, 0xff, 0xff, 0xff, 0xff, 0x52, 0x00, 0x00, 0x9e,
  0xff, 0xff, 0xff, 0xff, 0xff, 0xff, 0x51, 0x00, 0x00, 0x00, 0x00, 0x0c, 0xbd, 0xff, 0xff, 0xff,
  0xfe, 0x80, 0x00, 0x00, 0x00, 0x0c, 0xbe, 0xff, 0xff, 0xff, 0xfe, 0x80, 0x00, 0x00, 0x00, 0x00,
  0x00, 0x00, 0x01, 0x4a, 0x81, 0x78, 0x2d, 0x00, 0x00, 0x00, 0x00, 0x00, 0x01, 0x4a, 0x81, 0x78,
  0x2c, 0x00, 0x00, 0x00, 0x00, 0x00, 0x00, 0x00, 0x00, 0x00, 0x00, 0x00, 0x00, 0x00, 0x00, 0x00,
  0x00, 0x00, 0x00, 0x00, 0x00, 0x00, 0x00, 0x00, 0x00, 0x00, 0x00, 0x4a, 0x66, 0x66, 0x66, 0x66,
  0x53, 0x00, 0x00, 0x00, 0x00, 0x00, 0x00, 0x00, 0x00, 0x00, 0x0b, 0x66, 0x66, 0x66, 0x66, 0x66,
  0x2c, 0xbb, 0xff, 0xff, 0xff, 0xff, 0xcf, 0x00, 0x00, 0x00, 0x00, 0x00, 0x00, 0x00, 0x00, 0x00,
  0x1b, 0xff, 0xff, 0xff, 0xff, 0xff, 0x6f, 0xbb, 0xff, 0xff, 0xff, 0xff, 0xcf, 0x00, 0x00, 0x00,
  0x00, 0x00, 0x00, 0x00, 0x00, 0x00, 0x1b, 0xff, 0xff, 0xff, 0xff, 0xff, 0x6f, 0xbb, 0xff, 0xff,
  0xff, 0xff, 0xcf, 0x00, 0x00, 0x00, 0x00, 0x00, 0x00, 0x00, 0x00, 0x00, 0x1b, 0xff, 0xff, 0xff,
  0xff, 0xff, 0x6f, 0xbb, 0xff, 0xff, 0xff, 0xff, 0xcf, 0x00, 0x00, 0x00, 0x00, 0x00, 0x00, 0x00,
  0x00, 0x00, 0x1b, 0xff, 0xff, 0xff, 0xff, 0xff, 0x6f, 0xbb, 0xff, 0xff, 0xff, 0xff, 0xcf, 0x00,
  0x00, 0x00, 0x00, 0x00, 0x00, 0x00, 0x00, 0x00, 0x1b, 0xff, 0xff, 0xff, 0xff, 0xff, 0x6f, 0xbb,
  0xff, 0xff, 0xff, 0xff, 0xcf, 0x00, 0x00, 0x00, 0x00, 0x00, 0x00, 0x00, 0x00, 0x00, 0x1b, 0xff,
  0xff, 0xff, 0xff, 0xff, 0x6f, 0xbb, 0xff, 0xff, 0xff, 0xff, 0xcf, 0x00, 0x00, 0x00, 0x00, 0x00,
  0x00, 0x00, 0x00, 0x00, 0x1b, 0xff, 0xff, 0xff, 0xff, 0xff, 0x6f, 0xbb, 0xff, 0xff, 0xff, 0xff,
  0xcf, 0x00, 0x00, 0x00, 0x00, 0x00, 0x00, 0x00, 0x00, 0x00, 0x1b, 0xff, 0xff, 0xff, 0xff, 0xff,
  0x6f, 0xbb, 0xff, 0xff, 0xff, 0xff, 0xcf, 0x00, 0x00, 0x00, 0x00, 0x00, 0x00, 0x00, 0x00, 0x00,
  0x1b, 0xff, 0xff, 0xff, 0xff, 0xff, 0x6f, 0xbb, 0xff, 0xff, 0xff, 0xff, 0xcf, 0x00, 0x00, 0x00,
  0x00, 0x00, 0x00, 0x00, 0x00, 0x00, 0x1b, 0xff, 0xff, 0xff, 0xff, 0xff, 0x6f, 0xbb, 0xff, 0xff,
  0xff, 0xff, 0xcf, 0x00, 0x00, 0x00, 0x00, 0x00, 0x00, 0x00, 0x00, 0x00, 0x1b, 0xff, 0xff, 0xff,
  0xff, 0xff, 0x6f, 0xbb, 0xff, 0xff, 0xff, 0xff, 0xcf, 0x00, 0x00, 0x00, 0x00, 0x00, 0x00, 0x00,
  0x00, 0x00, 0x1b, 0xff, 0xff, 0xff, 0xff, 0xff, 0x6f, 0xbb, 0xff, 0xff, 0xff, 0xff, 0xcf, 0x00,
  0x00, 0x00, 0x00, 0x00, 0x00, 0x00, 0x00, 0x00, 0x1b, 0xff, 0xff, 0xff, 0xff, 0xff, 0x6f, 0xbb,
  0xff, 0xff, 0xff, 0xff, 0xcf, 0x00, 0x00, 0x00, 0x00, 0x00, 0x00, 0x00, 0x00, 0x00, 0x1b, 0xff,
  0xff, 0xff, 0xff, 0xff, 0x6f, 0xbb, 0xff, 0xff, 0xff, 0xff, 0xcf, 0x00, 0x00, 0x00, 0x00, 0x00,
  0x00, 0x00, 0x00, 0x00, 0x1b, 0xff, 0xff, 0xff, 0xff, 0xff, 0x6f, 0xbb, 0xff, 0xff, 0xff, 0xff,
  0xcf, 0x00, 0x00, 0x00, 0x00, 0x00, 0x00, 0x00, 0x00, 0x00, 0x1b, 0xff, 0xff, 0xff, 0xff, 0xff,
  0x6f, 0xbb, 0xff, 0xff, 0xff, 0xff, 0xcf, 0x00, 0x00, 0x00, 0x00, 0x00, 0x00, 0x00, 0x00, 0x00,
  0x1b, 0xff, 0xff, 0xff, 0xff, 0xff, 0x6f, 0xbb, 0xff, 0xff, 0xff, 0xff, 0xcf, 0x00, 0x00, 0x00,
  0x00, 0x00, 0x00, 0x00, 0x00, 0x00, 0x1b, 0xff, 0xff, 0xff, 0xff, 0xff, 0x6f, 0xbb, 0xff, 0xff,
  0xff, 0xff, 0xd0, 0x00, 0x00, 0x00, 0x00, 0x00, 0x00, 0x00, 0x00, 0x00, 0x1b, 0xff, 0xff, 0xff,
  0xff, 0xff, 0x6f, 0xaf, 0xff, 0xff, 0xff, 0xff, 0xda, 0x00, 0x00, 0x00, 0x00, 0x00, 0x00, 0x00,
  0x00, 0x00, 0x26, 0xff, 0xff, 0xff, 0xff, 0xff, 0x63, 0x9d, 0xff, 0xff, 0xff, 0xff, 0xf7, 0x05,
  0x00, 0x00, 0x00, 0x00, 0x00, 0x00, 0x00, 0x00, 0x47, 0xff, 0xff, 0xff, 0xff, 0xff, 0x51, 0x7d,
  0xff, 0xff, 0xff, 0xff, 0xff, 0x46, 0x00, 0x00, 0x00, 0x00, 0x00, 0x00, 0x00, 0x00, 0x90, 0xff,
  0xff, 0xff, 0xff, 0xff, 0x31, 0x40, 0xff, 0xff, 0xff, 0xff, 0xff, 0xc7, 0x03, 0x00, 0x00, 0x00,
  0x00, 0x00, 0x00, 0x1f, 0xf3, 0xff, 0xff, 0xff, 0xff, 0xf2, 0x03, 0x08, 0xed, 0xff, 0xff, 0xff,
  0xff, 0xff, 0xb1, 0x19, 0x00, 0x00, 0x00, 0x00, 0x34, 0xdb, 0xff, 0xff, 0xff, 0xff, 0xff, 0xab,
  0x00, 0x00, 0x83, 0xff, 0xff, 0xff, 0xff, 0xff, 0xff, 0xfa, 0xc4, 0xa6, 0xab, 0xd4, 0xff, 0xff,
  0xff, 0xff, 0xff, 0xff, 0xff, 0x39, 0x00, 0x00, 0x11, 0xe1, 0xff, 0xff, 0xff, 0xff, 0xff, 0xff,
  0xff, 0xff, 0xff, 0xff, 0xff, 0xff, 0xff, 0xff, 0xff, 0xff, 0xaa, 0x00, 0x00, 0x00, 0x00, 0x38,
  0xf6, 0xff, 0xff, 0xff, 0xff, 0xff, 0xff, 0xff, 0xff, 0xff, 0xff, 0xff, 0xff, 0xff, 0xff, 0xd9,
  0x0f, 0x00, 0x00, 0x00, 0x00, 0x00, 0x34, 0xe5, 0xff, 0xff, 0xff, 0xff, 0xff, 0xff, 0xff, 0xff,
  0xff, 0xff, 0xff, 0xff, 0xc1, 0x13, 0x00, 0x00, 0x00, 0x00, 0x00, 0x00, 0x00, 0x0e, 0x7c, 0xe9,
  0xff, 0xff, 0xff, 0xff, 0xff, 0xff, 0xff, 0xff, 0xd2, 0x5a, 0x02, 0x00, 0x00, 0x00, 0x00, 0x00,
  0x00, 0x00, 0x00, 0x00, 0x00, 0x01, 0x2d, 0x66, 0x7d, 0x8f, 0x8a, 0x77, 0x5a, 0x1c, 0x00, 0x00,
  0x00, 0x00, 0x00, 0x00, 0x00, 0x00, 0x00, 0x00, 0x00, 0x00, 0x00, 0x00, 0x00, 0x00, 0x00, 0x00,
  0x00, 0x0d, 0x38, 0x38, 0x38, 0x38, 0x38, 0x14, 0x00, 0x00, 0x00, 0x00, 0x00, 0x00, 0x00, 0x00,
  0x00, 0x00, 0x00, 0x00, 0x00, 0x00, 0x00, 0x00, 0x00, 0x00, 0x00, 0x77, 0xff, 0xff, 0xff, 0xff,
  0xeb, 0x12, 0x00, 0x00, 0x00, 0x00, 0x00, 0x00, 0x00, 0x00, 0x00, 0x00, 0x00, 0x00, 0x00, 0x00,
  0x00, 0x00, 0x00, 0x00, 0x00, 0xd8, 0xff, 0xff, 0xff, 0xff, 0x5f, 0x00, 0x00, 0x00, 0x00, 0x00,
  0x00, 0x00, 0x00, 0x00, 0x00, 0x00, 0x00, 0x00, 0x00, 0x00, 0x00, 0x00, 0x00, 0x00, 0x3a, 0xff,
  0xff, 0xff, 0xff, 0xc1, 0x00, 0x00, 0x00, 0x00, 0x00, 0x00, 0x00, 0x00, 0x00, 0x00, 0x00, 0x00,
  0x00, 0x00, 0x00, 0x00, 0x00, 0x00, 0x00, 0x00, 0x9c, 0xff, 0xff, 0xff, 0xfa, 0x29, 0x00, 0x00,
  0x00, 0x00, 0x00, 0x00, 0x00, 0x00, 0x00, 0x00, 0x00, 0x00, 0x00, 0x00, 0x00, 0x00, 0x00, 0x00,
  0x00, 0x0b, 0xf3, 0xff, 0xff, 0xff, 0x85, 0x00, 0x00, 0x00, 0x00, 0x00, 0x00, 0x00, 0x00, 0x00,
  0x00, 0x00, 0x00, 0x00, 0x00, 0x00, 0x00, 0x00, 0x00, 0x00, 0x00, 0x23, 0x7d, 0x7d, 0x7d, 0x7c,
  0x09, 0x00, 0x00, 0x00, 0x00, 0x00, 0x00, 0x00, 0x00, 0x00, 0x00, 0x00, 0x00, 0x00, 0x00, 0x00,
  0x00, 0x00, 0x00, 0x00, 0x00, 0x00, 0x00, 0x00, 0x00, 0x00, 0x00, 0x00, 0x00, 0x00, 0x00, 0x00,
  0x00, 0x00, 0x00, 0x00, 0x00, 0x00, 0x00, 0x00, 0x00, 0x00, 0x00, 0x00, 0x00, 0x00, 0x00, 0x00,
  0x00, 0x00, 0x00, 0x00, 0x00, 0x00, 0x00, 0x00, 0x00, 0x00, 0x00, 0x00, 0x00, 0x00, 0x00, 0x36,
  0x66, 0x66, 0x66, 0x66, 0x66, 0x34, 0x00, 0x00, 0x00, 0x00, 0x00, 0x00, 0x00, 0x00, 0x00, 0x00,
  0x00, 0x00, 0x53, 0x66, 0x66, 0x66, 0x66, 0x66, 0x18, 0x38, 0xff, 0xff, 0xff, 0xff, 0xff, 0xd0,
  0x00, 0x00, 0x00, 0x00, 0x00, 0x00, 0x00, 0x00, 0x00, 0x00, 0x00, 0x1f, 0xfc, 0xff, 0xff, 0xff,
  0xff, 0xe6, 0x06, 0x00, 0xc7, 0xff, 0xff, 0xff, 0xff, 0xff, 0x3f, 0x00, 0x00, 0x00, 0x00, 0x00,
  0x00, 0x00, 0x00, 0x00, 0x00, 0x8b, 0xff, 0xff, 0xff, 0xff, 0xff, 0x7b, 0x00, 0x00, 0x56, 0xff,
  0xff, 0xff, 0xff, 0xff, 0xad, 0x00, 0x00, 0x00, 0x00, 0x00, 0x00, 0x00, 0x00, 0x00, 0x0a, 0xee,
  0xff, 0xff, 0xff, 0xff, 0xf6, 0x13, 0x00, 0x00, 0x03, 0xe1, 0xff, 0xff, 0xff, 0xff, 0xfc, 0x1f,
  0x00, 0x00, 0x00, 0x00, 0x00, 0x00, 0x00, 0x00, 0x67, 0xff, 0xff, 0xff, 0xff, 0xff, 0x99, 0x00,
  0x00, 0x00, 0x00, 0x73, 0xff, 0xff, 0xff, 0xff, 0xff, 0x8a, 0x00, 0x00, 0x00, 0x00, 0x00, 0x00,
  0x00, 0x00, 0xd5, 0xff, 0xff, 0xff, 0xff, 0xfe, 0x29, 0x00, 0x00, 0x00, 0x00, 0x0f, 0xf3, 0xff,
  0xff, 0xff, 0xff, 0xee, 0x0a, 0x00, 0x00, 0x00, 0x00, 0x00, 0x00, 0x44, 0xff, 0xff, 0xff, 0xff,
  0xff, 0xb6, 0x00, 0x00, 0x00, 0x00, 0x00, 0x00, 0x90, 0xff, 0xff, 0xff, 0xff, 0xff, 0x67, 0x00,
  0x00, 0x00, 0x00, 0x00, 0x00, 0xb2, 0xff, 0xff, 0xff, 0xff, 0xff, 0x45, 0x00, 0x00, 0x00, 0x00,
  0x00, 0x00, 0x22, 0xfd, 0xff, 0xff, 0xff, 0xff, 0xd4, 0x00, 0x00, 0x00, 0x00, 0x00, 0x23, 0xfd,
  0xff, 0xff, 0xff, 0xff, 0xd3, 0x00, 0x00, 0x00, 0x00, 0x00, 0x00, 0x00, 0x00, 0xae, 0xff, 0xff,
  0xff, 0xff, 0xff, 0x43, 0x00, 0x00, 0x00, 0x00, 0x8f, 0xff, 0xff, 0xff, 0xff, 0xff, 0x62, 0x00,
  0x00, 0x00, 0x00, 0x00, 0x00, 0x00, 0x00, 0x3c, 0xff, 0xff, 0xff, 0xff, 0xff, 0xb1, 0x00, 0x00,
  0x00, 0x0c, 0xf1, 0xff, 0xff, 0xff, 0xff, 0xe9, 0x07, 0x00, 0x00, 0x00, 0x00, 0x00, 0x00, 0x00,
  0x00, 0x00, 0xcb, 0xff, 0xff, 0xff, 0xff, 0xfd, 0x22, 0x00, 0x00, 0x6c, 0xff, 0xff, 0xff, 0xff,
  0xff, 0x7f, 0x00, 0x00, 0x00, 0x00, 0x00, 0x00, 0x00, 0x00, 0x00, 0x00, 0x5a, 0xff, 0xff, 0xff,
  0xff, 0xff, 0x8e, 0x00, 0x01, 0xd8, 0xff, 0xff, 0xff, 0xff, 0xf8, 0x16, 0x00, 0x00, 0x00, 0x00,
  0x00, 0x00, 0x00, 0x00, 0x00, 0x00, 0x05, 0xe4, 0xff, 0xff, 0xff, 0xff, 0xf0, 0x0c, 0x48, 0xff,
  0xff, 0xff, 0xff, 0xff, 0x9d, 0x00, 0x00, 0x00, 0x00, 0x00, 0x00, 0x00, 0x00, 0x00, 0x00, 0x00,
  0x00, 0x77, 0xff, 0xff, 0xff, 0xff, 0xff, 0x95, 0xc5, 0xff, 0xff, 0xff, 0xff, 0xff, 0x2c, 0x00,
  0x00, 0x00, 0x00, 0x00, 0x00, 0x00, 0x00, 0x00, 0x00, 0x00, 0x00, 0x11, 0xf4, 0xff, 0xff, 0xff,
  0xff, 0xff, 0xff, 0xff, 0xff, 0xff, 0xff, 0xba, 0x00, 0x00, 0x00, 0x00, 0x00, 0x00, 0x00, 0x00,
  0x00, 0x00, 0x00, 0x00, 0x00, 0x00, 0x95, 0xff, 0xff, 0xff, 0xff, 0xff, 0xff, 0xff, 0xff, 0xff,
  0xff, 0x49, 0x00, 0x00, 0x00, 0x00, 0x00, 0x00, 0x00, 0x00, 0x00, 0x00, 0x00, 0x00, 0x00, 0x00,
  0x25, 0xfe, 0xff, 0xff, 0xff, 0xff, 0xff, 0xff, 0xff, 0xff, 0xd6, 0x01, 0x00, 0x00, 0x00, 0x00,
  0x00, 0x00, 0x00, 0x00, 0x00, 0x00, 0x00, 0x00, 0x00, 0x00, 0x00, 0xb2, 0xff, 0xff, 0xff, 0xff,
  0xff, 0xff, 0xff, 0xff, 0x66, 0x00, 0x00, 0x00, 0x00, 0x00, 0x00, 0x00, 0x00, 0x00, 0x00, 0x00,
  0x00, 0x00, 0x00, 0x00, 0x00, 0x38, 0xab, 0xf9, 0xff, 0xff, 0xff, 0xff, 0xe0, 0xa7, 0x09, 0x00,
  0x00, 0x00, 0x00, 0x00, 0x00, 0x00, 0x00, 0x00, 0x00, 0x00, 0x00, 0x00, 0x00, 0x00, 0x00, 0x00,
  0x00, 0xeb, 0xff, 0xff, 0xff, 0xff, 0x9f, 0x00, 0x00, 0x00, 0x00, 0x00, 0x00, 0x00, 0x00, 0x00,
  0x00, 0x00, 0x00, 0x00, 0x00, 0x00, 0x00, 0x00, 0x00, 0x00, 0x00, 0xeb, 0xff, 0xff, 0xff, 0xff,
  0x9f, 0x00, 0x00, 0x00, 0x00, 0x00, 0x00, 0x00, 0x00, 0x00, 0x00, 0x00, 0x00, 0x00, 0x00, 0x00,
  0x00, 0x00, 0x00, 0x00, 0x00, 0xeb, 0xff, 0xff, 0xff, 0xff, 0x9f, 0x00, 0x00, 0x00, 0x00, 0x00,
  0x00, 0x00, 0x00, 0x00, 0x00, 0x00, 0x00, 0x00, 0x00, 0x00, 0x00, 0x00, 0x00, 0x00, 0x00, 0xeb,
  0xff, 0xff, 0xff, 0xff, 0x9f, 0x00, 0x00, 0x00, 0x00, 0x00, 0x00, 0x00, 0x00, 0x00, 0x00, 0x00,
  0x00, 0x00, 0x00, 0x00, 0x00, 0x00, 0x00, 0x00, 0x00, 0xeb, 0xff, 0xff, 0xff, 0xff, 0x9f, 0x00,
  0x00, 0x00, 0x00, 0x00, 0x00, 0x00, 0x00, 0x00, 0x00, 0x00, 0x00, 0x00, 0x00, 0x00, 0x00, 0x00,
  0x00, 0x00, 0x00, 0xeb, 0xff, 0xff, 0xff, 0xff, 0x9f, 0x00, 0x00, 0x00, 0x00, 0x00, 0x00, 0x00,
  0x00, 0x00, 0x00, 0x00, 0x00, 0x00, 0x00, 0x00, 0x00, 0x00, 0x00, 0x00, 0x00, 0xeb, 0xff, 0xff,
  0xff, 0xff, 0x9f, 0x00, 0x00, 0x00, 0x00, 0x00, 0x00, 0x00, 0x00, 0x00, 0x00, 0x00, 0x00, 0x00,
  0x00, 0x00, 0x00, 0x00, 0x00, 0x00, 0x00, 0xeb, 0xff, 0xff, 0xff, 0xff, 0x9f, 0x00, 0x00, 0x00,
  0x00, 0x00, 0x00, 0x00, 0x00, 0x00, 0x00, 0x00, 0x00, 0x00, 0x00, 0x00, 0x00, 0x00, 0x00, 0x00,
  0x00, 0xeb, 0xff, 0xff, 0xff, 0xff, 0x9f, 0x00, 0x00, 0x00, 0x00, 0x00, 0x00, 0x00, 0x00, 0x00,
  0x00, 0x00, 0x00, 0x00, 0x00, 0x00, 0x00, 0x00, 0x00, 0x00, 0x00, 0xeb, 0xff, 0xff, 0xff, 0xff,
  0x9f, 0x00, 0x00, 0x00, 0x00, 0x00, 0x00, 0x00, 0x00, 0x00, 0x00, 0x06, 0x66, 0x66, 0x66, 0x66,
  0x66, 0x31, 0x00, 0x00, 0x00, 0x00, 0x00, 0x00, 0x00, 0x00, 0x00, 0x00, 0x00, 0x00, 0x00, 0x00,
  0x00, 0x0f, 0xff, 0xff, 0xff, 0xff, 0xff, 0x7b, 0x00, 0x00, 0x00, 0x00, 0x00, 0x00, 0x00, 0x00,
  0x00, 0x00, 0x00, 0x00, 0x00, 0x00, 0x00, 0x0f, 0xff, 0xff, 0xff, 0xff, 0xff, 0x7b, 0x00, 0x00,
  0x00, 0x00, 0x00, 0x00, 0x00, 0x00, 0x00, 0x00, 0x00, 0x00, 0x00, 0x00, 0x00, 0x0f, 0xff, 0xff,
  0xff, 0xff, 0xff, 0x7b, 0x00, 0x00, 0x00, 0x00, 0x00, 0x00, 0x00, 0x00, 0x00, 0x00, 0x00, 0x00,
  0x00, 0x00, 0x00, 0x0f, 0xff, 0xff, 0xff, 0xff, 0xff, 0x7b, 0x00, 0x00, 0x00, 0x00, 0x00, 0x00,
  0x00, 0x00, 0x00, 0x00, 0x00, 0x00, 0x00, 0x00, 0x00, 0x0f, 0xff, 0xff, 0xff, 0xff, 0xff, 0x7b,
  0x00, 0x00, 0x00, 0x00, 0x00, 0x00, 0x00, 0x00, 0x00, 0x00, 0x00, 0x00, 0x00, 0x00, 0x00, 0x0f,
  0xff, 0xff, 0xff, 0xff, 0xff, 0xec, 0xdb, 0xdb, 0xdb, 0xdb, 0xdb, 0xd9, 0xcc, 0xab, 0x73, 0x1d,
  0x00, 0x00, 0x00, 0x00, 0x00, 0x0f, 0xff, 0xff, 0xff, 0xff, 0xff, 0xff, 0xff, 0xff, 0xff, 0xff,
  0xff, 0xff, 0xff, 0xff, 0xff, 0xfa, 0x92, 0x0a, 0x00, 0x00, 0x00, 0x0f, 0xff, 0xff, 0xff, 0xff,
  0xff, 0xff, 0xff, 0xff, 0xff, 0xff, 0xff, 0xff, 0xff, 0xff, 0xff, 0xff, 0xff, 0xcd, 0x14, 0x00,
  0x00, 0x0f, 0xff, 0xff, 0xff, 0xff, 0xff, 0xff, 0xff, 0xff, 0xff, 0xff, 0xff, 0xff, 0xff, 0xff,
  0xff, 0xff, 0xff, 0xff, 0xc0, 0x02, 0x00, 0x0f, 0xff, 0xff, 0xff, 0xff, 0xff, 0xff, 0xff, 0xff,
  0xff, 0xff, 0xff, 0xff, 0xff, 0xff, 0xff, 0xff, 0xff, 0xff, 0xff, 0x63, 0x00, 0x0f, 0xff, 0xff,
  0xff, 0xff, 0xff, 0xb5, 0x6f, 0x6f, 0x6f, 0x6f, 0x6f, 0x7b, 0xb2, 0xfc, 0xff, 0xff, 0xff, 0xff,
  0xff, 0xd7, 0x00, 0x0f, 0xff, 0xff, 0xff, 0xff, 0xff, 0x7b, 0x00, 0x00, 0x00, 0x00, 0x00, 0x00,
  0x00, 0x3a, 0xf2, 0xff, 0xff, 0xff, 0xff, 0xff, 0x27, 0x0f, 0xff, 0xff, 0xff, 0xff, 0xff, 0x7b,
  0x00, 0x00, 0x00, 0x00, 0x00, 0x00, 0x00, 0x00, 0x73, 0xff, 0xff, 0xff, 0xff, 0xff, 0x58, 0x0f,
  0xff, 0xff, 0xff, 0xff, 0xff, 0x7b, 0x00, 0x00, 0x00, 0x00, 0x00, 0x00, 0x00, 0x00, 0x2a, 0xff,
  0xff, 0xff, 0xff, 0xff, 0x6c, 0x0f, 0xff, 0xff, 0xff, 0xff, 0xff, 0x7b, 0x00, 0x00, 0x00, 0x00,
  0x00, 0x00, 0x00, 0x00, 0x1e, 0xff, 0xff, 0xff, 0xff, 0xff, 0x6e, 0x0f, 0xff, 0xff, 0xff, 0xff,
  0xff, 0x7b, 0x00, 0x00, 0x00, 0x00, 0x00, 0x00, 0x00, 0x00, 0x3d, 0xff, 0xff, 0xff, 0xff, 0xff,
  0x62, 0x0f, 0xff, 0xff, 0xff, 0xff, 0xff, 0x7b, 0x00, 0x00, 0x00, 0x00, 0x00, 0x00, 0x00, 0x00,
  0xab, 0xff, 0xff, 0xff, 0xff, 0xff, 0x3e, 0x0f, 0xff, 0xff, 0xff, 0xff, 0xff, 0x7b, 0x00, 0x00,
  0x00, 0x00, 0x00, 0x00, 0x19, 0x9d, 0xff, 0xff, 0xff, 0xff, 0xff, 0xf4, 0x07, 0x0f, 0xff, 0xff,
  0xff, 0xff, 0xff, 0xea, 0xd6, 0xd6, 0xd6, 0xd6, 0xd6, 0xe2, 0xfe, 0xff, 0xff, 0xff, 0xff, 0xff,
  0xff, 0x9b, 0x00, 0x0f, 0xff, 0xff, 0xff, 0xff, 0xff, 0xff, 0xff, 0xff, 0xff, 0xff, 0xff, 0xff,
  0xff, 0xff, 0xff, 0xff, 0xff, 0xff, 0xf6, 0x1f, 0x00, 0x0f, 0xff, 0xff, 0xff, 0xff, 0xff, 0xff,
  0xff, 0xff, 0xff, 0xff, 0xff, 0xff, 0xff, 0xff, 0xff, 0xff, 0xff, 0xfe, 0x5e, 0x00, 0x00, 0x0f,
  0xff, 0xff, 0xff, 0xff, 0xff, 0xff, 0xff, 0xff, 0xff, 0xff, 0xff, 0xff, 0xff, 0xff, 0xff, 0xff,
  0xf7, 0x61, 0x00, 0x00, 0x00, 0x0f, 0xff, 0xff, 0xff, 0xff, 0xff, 0xff, 0xff, 0xff, 0xff, 0xff,
  0xff, 0xff, 0xff, 0xff, 0xf9, 0xab, 0x28, 0x00, 0x00, 0x00, 0x00, 0x0f, 0xff, 0xff, 0xff, 0xff,
  0xff, 0xb8, 0x74, 0x74, 0x74, 0x74, 0x74, 0x72, 0x65, 0x44, 0x0f, 0x00, 0x00, 0x00, 0x00, 0x00,
  0x00, 0x0f, 0xff, 0xff, 0xff, 0xff, 0xff, 0x7b, 0x00, 0x00, 0x00, 0x00, 0x00, 0x00, 0x00, 0x00,
  0x00, 0x00, 0x00, 0x00, 0x00, 0x00, 0x00, 0x0f, 0xff, 0xff, 0xff, 0xff, 0xff, 0x7b, 0x00, 0x00,
  0x00, 0x00, 0x00, 0x00, 0x00, 0x00, 0x00, 0x00, 0x00, 0x00, 0x00, 0x00, 0x00, 0x0f, 0xff, 0xff,
  0xff, 0xff, 0xff, 0x7b, 0x00, 0x00, 0x00, 0x00, 0x00, 0x00, 0x00, 0x00, 0x00, 0x00, 0x00, 0x00,
  0x00, 0x00, 0x00, 0x0f, 0xff, 0xff, 0xff, 0xff, 0xff, 0x7b, 0x00, 0x00, 0x00, 0x00, 0x00, 0x00,
  0x00, 0x00, 0x00, 0x00, 0x00, 0x00, 0x00, 0x00, 0x00, 0x0f, 0xff, 0xff, 0xff, 0xff, 0xff, 0x7b,
  0x00, 0x00, 0x00, 0x00, 0x00, 0x00, 0x00, 0x00, 0x00, 0x00, 0x00, 0x00, 0x00, 0x00, 0x00, 0x00,
  0x00, 0x00, 0x00, 0x00, 0x00, 0x00, 0x08, 0x5b, 0xa8, 0xda, 0xf4, 0xf8, 0xe7, 0xbe, 0x7a, 0x1d,
  0x00, 0x00, 0x00, 0x00, 0x00, 0x00, 0x00, 0x00, 0x00, 0x00, 0x00, 0x00, 0x00, 0x00, 0x5a, 0xe6,
  0xff, 0xff, 0xff, 0xff, 0xff, 0xff, 0xff, 0xff, 0xf9, 0x81, 0x07, 0x00, 0x00, 0x00, 0x00, 0x00,
  0x00, 0x00, 0x00, 0x00, 0x00, 0x00, 0x8b, 0xff, 0xff, 0xff, 0xff, 0xff, 0xff, 0xff, 0xff, 0xff,
  0xff, 0xff, 0xff, 0xc5, 0x0a, 0x00, 0x00, 0x00, 0x00, 0x00, 0x00, 0x00, 0x00, 0x00, 0x6a, 0xff,
  0xff, 0xff, 0xff, 0xff, 0xff, 0xff, 0xff, 0xff, 0xff, 0xff, 0xff, 0xff, 0xff, 0xb2, 0x00, 0x00,
  0x00, 0x00, 0x00, 0x00, 0x00, 0x00, 0x15, 0xf2, 0xff, 0xff, 0xff, 0xff, 0xff, 0xff, 0xff, 0xff,
  0xff, 0xff, 0xff, 0xff, 0xff, 0xff, 0xff, 0x4f, 0x00, 0x00, 0x00, 0x00, 0x00, 0x00, 0x00, 0x72,
  0xff, 0xff, 0xff, 0xff, 0xff, 0xf1, 0x72, 0x24, 0x16, 0x3b, 0xaf, 0xff, 0xff, 0xff, 0xff, 0xff,
  0xb0, 0x00, 0x00, 0x00, 0x00, 0x00, 0x00, 0x00, 0xb3, 0xff, 0xff, 0xff, 0xff, 0xfb, 0x34, 0x00,
  0x00, 0x00, 0x00, 0x00, 0xad, 0xff, 0xff, 0xff, 0xff, 0xe7, 0x00, 0x00, 0x00, 0x00, 0x00, 0x00,
  0x00, 0xd6, 0xff, 0xff, 0xff, 0xff, 0xaa, 0x00, 0x00, 0x00, 0x00, 0x00, 0x00, 0x55, 0xff, 0xff,
  0xff, 0xff, 0xfc, 0x00, 0x00, 0x00, 0x00, 0x00, 0x00, 0x00, 0xe3, 0xff, 0xff, 0xff, 0xff, 0x73,
  0x00, 0x00, 0x00, 0x00, 0x00, 0x00, 0x62, 0xff, 0xff, 0xff, 0xff, 0xf4, 0x00, 0x00, 0x00, 0x00,
  0x57, 0xd5, 0xd5, 0xfb, 0xff, 0xff, 0xff, 0xff, 0x66, 0x00, 0x00, 0x00, 0x00, 0x00, 0x16, 0xd3,
  0xff, 0xff, 0xff, 0xff, 0xd9, 0x00, 0x00, 0x00, 0x00, 0x69, 0xff, 0xff, 0xff, 0xff, 0xff, 0xff,
  0xff, 0x66, 0x00, 0x00, 0x79, 0x93, 0xad, 0xf3, 0xff, 0xff, 0xff, 0xff, 0xff, 0x9a, 0x00, 0x00,
  0x00, 0x00, 0x69, 0xff, 0xff, 0xff, 0xff, 0xff, 0xff, 0xff, 0x66, 0x00, 0x00, 0xd4, 0xff, 0xff,
  0xff, 0xff, 0xff, 0xff, 0xff, 0xfe, 0x2e, 0x00, 0x00, 0x00, 0x00, 0x69, 0xff, 0xff, 0xff, 0xff,
  0xff, 0xff, 0xff, 0x66, 0x00, 0x00, 0xd4, 0xff, 0xff, 0xff, 0xff, 0xff, 0xff, 0xff, 0x79, 0x00,
  0x00, 0x00, 0x00, 0x00, 0x69, 0xff, 0xff, 0xff, 0xff, 0xff, 0xff, 0xff, 0x66, 0x00, 0x00, 0xd4,
  0xff, 0xff, 0xff, 0xff, 0xff, 0xee, 0x63, 0x00, 0x00, 0x00, 0x00, 0x00, 0x00, 0x16, 0x35, 0x35,
  0xea, 0xff, 0xff, 0xff, 0xff, 0x66, 0x00, 0x00, 0xd4, 0xff, 0xff, 0xe8, 0x9c, 0x62, 0x10, 0x00,
  0x00, 0x00, 0x00, 0x00, 0x00, 0x00, 0x00, 0x00, 0x00, 0xe4, 0xff, 0xff, 0xff, 0xff, 0x66, 0x00,
  0x00, 0xd4, 0xff, 0xff, 0xdc, 0x88, 0x85, 0x6f, 0x4e, 0x0c, 0x00, 0x00, 0x00, 0x00, 0x00, 0x00,
  0x00, 0x00, 0xe4, 0xff, 0xff, 0xff, 0xff, 0x66, 0x00, 0x00, 0xd4, 0xff, 0xff, 0xff, 0xff, 0xff,
  0xff, 0xff, 0xf7, 0xa7, 0x23, 0x00, 0x00, 0x00, 0x00, 0x00, 0x00, 0xe4, 0xff, 0xff, 0xff, 0xff,
  0x66, 0x00, 0x00, 0xd4, 0xff, 0xff, 0xff, 0xff, 0xff, 0xff, 0xff, 0xff, 0xff, 0xf3, 0x47, 0x00,
  0x00, 0x00, 0x00, 0x00, 0xe4, 0xff, 0xff, 0xff, 0xff, 0x66, 0x00, 0x00, 0xd4, 0xff, 0xff, 0xff,
  0xff, 0xff, 0xff, 0xff, 0xff, 0xff, 0xff, 0xf5, 0x2c, 0x00, 0x00, 0x00, 0x00, 0xe4, 0xff, 0xff,
  0xff, 0xff, 0x66, 0x00, 0x00, 0xd4, 0xff, 0xff, 0xff, 0xff, 0xff, 0xff, 0xff, 0xff, 0xff, 0xff,
  0xff, 0xbb, 0x00, 0x00, 0x00, 0x00, 0xe4, 0xff, 0xff, 0xff, 0xff, 0x66, 0x00, 0x00, 0x00, 0x01,
  0x01, 0x01, 0x0c, 0x2a, 0x7f, 0xf1, 0xff, 0xff, 0xff, 0xff, 0xfe, 0x1c, 0x00, 0x00, 0x00, 0xe4,
  0xff, 0xff, 0xff, 0xff, 0x66, 0x00, 0x00, 0x00, 0x00, 0x00, 0x00, 0x00, 0x00, 0x00, 0x44, 0xff,
  0xff, 0xff, 0xff, 0xff, 0x52, 0x00, 0x00, 0x00, 0xe4, 0xff, 0xff, 0xff, 0xff, 0x66, 0x00, 0x00,
  0x00, 0x00, 0x00, 0x00, 0x00, 0x00, 0x00, 0x00, 0xea, 0xff, 0xff, 0xff, 0xff, 0x6a, 0x00, 0x00,
  0x00, 0xe4, 0xff, 0xff, 0xff, 0xff, 0x66, 0x00, 0x00, 0x00, 0x1a, 0x4c, 0x68, 0x00, 0x00, 0x00,
  0x00, 0xe7, 0xff, 0xff, 0xff, 0xff, 0x6c, 0x00, 0x00, 0x00, 0xe4, 0xff, 0xff, 0xff, 0xff, 0x66,
  0x2a, 0xb5, 0xe7, 0xff, 0xff, 0xfc, 0x27, 0x00, 0x00, 0x38, 0xff, 0xff, 0xff, 0xff, 0xff, 0x57,
  0x00, 0x00, 0x00, 0xe4, 0xff, 0xff, 0xff, 0xff, 0x66, 0x1d, 0xff, 0xff, 0xff, 0xff, 0xff, 0xe7,
  0x87, 0x8c, 0xef, 0xff, 0xff, 0xff, 0xff, 0xff, 0x21, 0x00, 0x00, 0x00, 0xe4, 0xff, 0xff, 0xff,
  0xff, 0x66, 0x00, 0xc6, 0xff, 0xff, 0xff, 0xff, 0xff, 0xff, 0xff, 0xff, 0xff, 0xff, 0xff, 0xff,
  0xc9, 0x00, 0x00, 0x00, 0x00, 0xe4, 0xff, 0xff, 0xff, 0xff, 0x66, 0x00, 0x45, 0xfe, 0xff, 0xff,
  0xff, 0xff, 0xff, 0xff, 0xff, 0xff, 0xff, 0xff, 0xfd, 0x41, 0x00, 0x00, 0x00, 0x00, 0xe4, 0xff,
  0xff, 0xff, 0xff, 0x66, 0x00, 0x00, 0x7b, 0xff, 0xff, 0xff, 0xff, 0xff, 0xff, 0xff, 0xff, 0xff,
  0xff, 0x73, 0x00, 0x00, 0x00, 0x00, 0x00, 0xe4, 0xff, 0xff, 0xff, 0xff, 0x66, 0x00, 0x00, 0x00,
  0x54, 0xe8, 0xff, 0xff, 0xff, 0xff, 0xff, 0xff, 0xda, 0x50, 0x00, 0x00, 0x00, 0x00, 0x00, 0x00,
  0x00, 0x00, 0x00, 0x00, 0x00, 0x00, 0x00, 0x00, 0x00, 0x00, 0x07, 0x4b, 0x7e, 0x92, 0x89, 0x71,
  0x37, 0x03, 0x00, 0x00, 0x00, 0x00, 0x00, 0x00, 0x00, 0x00, 0x00, 0x53, 0xa6, 0xa6, 0xa6, 0xa6,
  0xa5, 0x0a, 0x00, 0x00, 0x00, 0x00, 0x00, 0x00, 0x00, 0x00, 0x00, 0x00, 0x00, 0x00, 0x00, 0x00,
  0x00, 0x00, 0x00, 0x12, 0xea, 0xff, 0xff, 0xff, 0xff, 0x5e, 0x00, 0x00, 0x00, 0x00, 0x00, 0x00,
  0x00, 0x00, 0x00, 0x00, 0x00, 0x00, 0x00, 0x00, 0x00, 0x00, 0x00, 0x00, 0x5e, 0xff, 0xff, 0xff,
  0xff, 0xc0, 0x00, 0x00, 0x00, 0x00, 0x00, 0x00, 0x00, 0x00, 0x00, 0x00, 0x00, 0x00, 0x00, 0x00,
  0x00, 0x00, 0x00, 0x00, 0x00, 0xc0, 0xff, 0xff, 0xff, 0xfe, 0x23, 0x00, 0x00, 0x00, 0x00, 0x00,
  0x00, 0x00, 0x00, 0x00, 0x00, 0x00, 0x00, 0x00, 0x00, 0x00, 0x00, 0x00, 0x00, 0x28, 0xf9, 0xff,
  0xff, 0xff, 0x83, 0x00, 0x00, 0x00, 0x00, 0x00, 0x00, 0x00, 0x00, 0x00, 0x00, 0x00, 0x00, 0x00,
  0x00, 0x00, 0x00, 0x00, 0x00, 0x00, 0x84, 0xff, 0xff, 0xff, 0xe3, 0x02, 0x00, 0x00, 0x00, 0x00,
  0x00, 0x00, 0x00, 0x00, 0x00, 0x00, 0x00, 0x00, 0x00, 0x00, 0x00, 0x00, 0x00, 0x00, 0x02, 0x0f,
  0x0f, 0x0f, 0x0f, 0x01, 0x00, 0x00, 0x00, 0x00, 0x00, 0x00, 0x00, 0x00, 0x00, 0x00, 0x00, 0x00,
  0x00, 0x00, 0x00, 0x00, 0x00, 0x00, 0x00, 0x00, 0x00, 0x00, 0x00, 0x00, 0x00, 0x00, 0x00, 0x00,
  0x00, 0x00, 0x00, 0x00, 0x00, 0x00, 0x00, 0x00, 0x00, 0x00, 0x00, 0x00, 0x00, 0x23, 0x54, 0x67,
  0x60, 0x3e, 0x07, 0x00, 0x00, 0x00, 0x00, 0x00, 0x00, 0x00, 0x00, 0x00, 0x00, 0x00, 0x00, 0x00,
  0x00, 0x00, 0x00, 0x52, 0xce, 0xff, 0xff, 0xff, 0xff, 0xff, 0xef, 0x77, 0x01, 0x00, 0xb8, 0xd5,
  0xd5, 0xd5, 0xd5, 0x5b, 0x00, 0x00, 0x00, 0x00, 0x00, 0x07, 0xa7, 0xff, 0xff, 0xff, 0xff, 0xff,
  0xff, 0xff, 0xff, 0xff, 0x95, 0x00, 0xdd, 0xff, 0xff, 0xff, 0xff, 0x6d, 0x00, 0x00, 0x00, 0x00,
  0x02, 0xb5, 0xff, 0xff, 0xff, 0xff, 0xff, 0xff, 0xff, 0xff, 0xff, 0xff, 0xff, 0x6f, 0xe8, 0xff,
  0xff, 0xff, 0xff, 0x6d, 0x00, 0x00, 0x00, 0x00, 0x7a, 0xff, 0xff, 0xff, 0xff, 0xff, 0xff, 0xff,
  0xff, 0xff, 0xff, 0xff, 0xff, 0xff, 0xff, 0xff, 0xff, 0xff, 0xff, 0x6d, 0x00, 0x00, 0x00, 0x1a,
  0xf6, 0xff, 0xff, 0xff, 0xff, 0xff, 0xff, 0xd9, 0xab, 0xa8, 0xd2, 0xff, 0xff, 0xff, 0xff, 0xff,
  0xff, 0xff, 0xff, 0x6d, 0x00, 0x00, 0x00, 0x82, 0xff, 0xff, 0xff, 0xff, 0xff, 0xe6, 0x44, 0x00,
  0x00, 0x00, 0x00, 0x35, 0xd9, 0xff, 0xff, 0xff, 0xff, 0xff, 0xff, 0x6d, 0x00, 0x00, 0x00, 0xd5,
  0xff, 0xff, 0xff, 0xff, 0xf4, 0x27, 0x00, 0x00, 0x00, 0x00, 0x00, 0x00, 0x18, 0xe8, 0xff, 0xff,
  0xff, 0xff, 0xff, 0x6d, 0x00, 0x00, 0x11, 0xff, 0xff, 0xff, 0xff, 0xff, 0x86, 0x00, 0x00, 0x00,
  0x00, 0x00, 0x00, 0x00, 0x00, 0x6a, 0xff, 0xff, 0xff, 0xff, 0xff, 0x6d, 0x00, 0x00, 0x37, 0xff,
  0xff, 0xff, 0xff, 0xff, 0x31, 0x00, 0x00, 0x00, 0x00, 0x00, 0x00, 0x00, 0x00, 0x16, 0xff, 0xff,
  0xff, 0xff, 0xff, 0x6d, 0x00, 0x00, 0x48, 0xff, 0xff, 0xff, 0xff, 0xff, 0x07, 0x00, 0x00, 0x00,
  0x00, 0x00, 0x00, 0x00, 0x00, 0x00, 0xec, 0xff, 0xff, 0xff, 0xff, 0x6d, 0x00, 0x00, 0x51, 0xff,
  0xff, 0xff, 0xff, 0xfa, 0x00, 0x00, 0x00, 0x00, 0x00, 0x00, 0x00, 0x00, 0x00, 0x00, 0xde, 0xff,
  0xff, 0xff, 0xff, 0x6d, 0x00, 0x00, 0x4a, 0xff, 0xff, 0xff, 0xff, 0xff, 0x05, 0x00, 0x00, 0x00,
  0x00, 0x00, 0x00, 0x00, 0x00, 0x00, 0xe8, 0xff, 0xff, 0xff, 0xff, 0x6d, 0x00, 0x00, 0x3b, 0xff,
  0xff, 0xff, 0xff, 0xff, 0x27, 0x00, 0x00, 0x00, 0x00, 0x00, 0x00, 0x00, 0x00, 0x0e, 0xfd, 0xff,
  0xff, 0xff, 0xff, 0x6d, 0x00, 0x00, 0x17, 0xff, 0xff, 0xff, 0xff, 0xff, 0x74, 0x00, 0x00, 0x00,
  0x00, 0x00, 0x00, 0x00, 0x00, 0x58, 0xff, 0xff, 0xff, 0xff, 0xff, 0x6d, 0x00, 0x00, 0x00, 0xdf,
  0xff, 0xff, 0xff, 0xff, 0xe7, 0x15, 0x00, 0x00, 0x00, 0x00, 0x00, 0x00, 0x0a, 0xd7, 0xff, 0xff,
  0xff, 0xff, 0xff, 0x6f, 0x00, 0x00, 0x00, 0x90, 0xff, 0xff, 0xff, 0xff, 0xff, 0xce, 0x20, 0x00,
  0x00, 0x00, 0x00, 0x17, 0xbc, 0xff, 0xff, 0xff, 0xff, 0xff, 0xff, 0xaf, 0x10, 0x03, 0x00, 0x24,
  0xfc, 0xff, 0xff, 0xff, 0xff, 0xff, 0xf8, 0xae, 0x80, 0x7d, 0xa6, 0xf3, 0xff, 0xff, 0xff, 0xff,
  0xff, 0xff, 0xff, 0xff, 0xff, 0x5c, 0x00, 0x00, 0x8e, 0xff, 0xff, 0xff, 0xff, 0xff, 0xff, 0xff,
  0xff, 0xff, 0xff, 0xff, 0xff, 0xfe, 0xfc, 0xff, 0xff, 0xff, 0xff, 0xff, 0xff, 0x5c, 0x00, 0x00,
  0x07, 0xc8, 0xff, 0xff, 0xff, 0xff, 0xff, 0xff, 0xff, 0xff, 0xff, 0xff, 0xff, 0x7f, 0x6c, 0xff,
  0xff, 0xff, 0xff, 0xff, 0xff, 0x5c, 0x00, 0x00, 0x00, 0x0f, 0xbe, 0xff, 0xff, 0xff, 0xff, 0xff,
  0xff, 0xff, 0xff, 0xff, 0xd0, 0x09, 0x1c, 0xf2, 0xff, 0xff, 0xff, 0xff, 0xff, 0x5c, 0x00, 0x00,
  0x00, 0x00, 0x02, 0x6c, 0xe6, 0xff, 0xff, 0xff, 0xff, 0xff, 0xff, 0xad, 0x14, 0x00, 0x00, 0x38,
  0xc6, 0xfa, 0xff, 0xff, 0xff, 0x5c, 0x00, 0x00, 0x00, 0x00, 0x00, 0x00, 0x03, 0x41, 0x78, 0x90,
  0x8d, 0x6b, 0x25, 0x00, 0x00, 0x00, 0x00, 0x00, 0x00, 0x00, 0x00, 0x00, 0x00, 0x00, 0x00, 0x00,
  0x00, 0x00, 0x00, 0x00, 0x00, 0x00, 0x00, 0x00, 0x19, 0xa6, 0xa6, 0xa6, 0xa6, 0xa6, 0x42, 0x00,
  0x00, 0x00, 0x00, 0x00, 0x00, 0x00, 0x00, 0x00, 0x00, 0x00, 0x00, 0x00, 0x00, 0x00, 0x00, 0x00,
  0x78, 0xff, 0xff, 0xff, 0xff, 0xda, 0x07, 0x00, 0x00, 0x00, 0x00, 0x00, 0x00, 0x00, 0x00, 0x00,
  0x00, 0x00, 0x00, 0x00, 0x00, 0x00, 0x00, 0x00, 0xd9, 0xff, 0xff, 0xff, 0xff, 0x45, 0x00, 0x00,
  0x00, 0x00, 0x00, 0x00, 0x00, 0x00, 0x00, 0x00, 0x00, 0x00, 0x00, 0x00, 0x00, 0x00, 0x00, 0x3c,
  0xff, 0xff, 0xff, 0xff, 0xa6, 0x00, 0x00, 0x00, 0x00, 0x00, 0x00, 0x00, 0x00, 0x00, 0x00, 0x00,
  0x00, 0x00, 0x00, 0x00, 0x00, 0x00, 0x00, 0x9e, 0xff, 0xff, 0xff, 0xf0, 0x18, 0x00, 0x00, 0x00,
  0x00, 0x00, 0x00, 0x00, 0x00, 0x00, 0x00, 0x00, 0x00, 0x00, 0x00, 0x00, 0x00, 0x00, 0x0c, 0xf3,
  0xff, 0xff, 0xff, 0x6a, 0x00, 0x00, 0x00, 0x00, 0x00, 0x00, 0x00, 0x00, 0x00, 0x00, 0x00, 0x00,
  0x00, 0x00, 0x00, 0x00, 0x00, 0x00, 0x03, 0x0f, 0x0f, 0x0f, 0x0f, 0x01, 0x00, 0x00, 0x00, 0x00,
  0x00, 0x00, 0x00, 0x00, 0x00, 0x00, 0x00, 0x00, 0x00, 0x00, 0x00, 0x00, 0x00, 0x00, 0x00, 0x00,
  0x00, 0x00, 0x00, 0x00, 0x00, 0x00, 0x00, 0x00, 0x00, 0x00, 0x00, 0x00, 0x00, 0x00, 0x00, 0x00,
  0x00, 0x00, 0x00, 0x00, 0x00, 0x23, 0x54, 0x67, 0x60, 0x3e, 0x07, 0x00, 0x00, 0x00, 0x00, 0x00,
  0x00, 0x00, 0x00, 0x00, 0x00, 0x00, 0x00, 0x00, 0x00, 0x00, 0x00, 0x52, 0xce, 0xff, 0xff, 0xff,
  0xff, 0xff, 0xef, 0x77, 0x01, 0x00, 0xb8, 0xd5, 0xd5, 0xd5, 0xd5, 0x5b, 0x00, 0x00, 0x00, 0x00,
  0x00, 0x07, 0xa7, 0xff, 0xff, 0xff, 0xff, 0xff, 0xff, 0xff, 0xff, 0xff, 0x95, 0x00, 0xdd, 0xff,
  0xff, 0xff, 0xff, 0x6d, 0x00, 0x00, 0x00, 0x00, 0x02, 0xb5, 0xff, 0xff, 0xff, 0xff, 0xff, 0xff,
  0xff, 0xff, 0xff, 0xff, 0xff, 0x6f, 0xe8, 0xff, 0xff, 0xff, 0xff, 0x6d, 0x00, 0x00, 0x00, 0x00,
  0x7a, 0xff, 0xff, 0xff, 0xff, 0xff, 0xff, 0xff, 0xff, 0xff, 0xff, 0xff, 0xff, 0xff, 0xff, 0xff,
  0xff, 0xff, 0xff, 0x6d, 0x00, 0x00, 0x00, 0x1a, 0xf6, 0xff, 0xff, 0xff, 0xff, 0xff, 0xff, 0xd9,
  0xab, 0xa8, 0xd2, 0xff, 0xff, 0xff, 0xff, 0xff, 0xff, 0xff, 0xff, 0x6d, 0x00, 0x00, 0x00, 0x82,
  0xff, 0xff, 0xff, 0xff, 0xff, 0xe6, 0x44, 0x00, 0x00, 0x00, 0x00, 0x35, 0xd9, 0xff, 0xff, 0xff,
  0xff, 0xff, 0xff, 0x6d, 0x00, 0x00, 0x00, 0xd5, 0xff, 0xff, 0xff, 0xff, 0xf4, 0x27, 0x00, 0x00,
  0x00, 0x00, 0x00, 0x00, 0x18, 0xe8, 0xff, 0xff, 0xff, 0xff, 0xff, 0x6d, 0x00, 0x00, 0x11, 0xff,
  0xff, 0xff, 0xff, 0xff, 0x86, 0x00, 0x00, 0x00, 0x00, 0x00, 0x00, 0x00, 0x00, 0x6a, 0xff, 0xff,
  0xff, 0xff, 0xff, 0x6d, 0x00, 0x00, 0x37, 0xff, 0xff, 0xff, 0xff, 0xff, 0x31, 0x00, 0x00, 0x00,
  0x00, 0x00, 0x00, 0x00, 0x00, 0x16, 0xff, 0xff, 0xff, 0xff, 0xff, 0x6d, 0x00, 0x00, 0x48, 0xff,
  0xff, 0xff, 0xff, 0xff, 0x07, 0x00, 0x00, 0x00, 0x00, 0x00, 0x00, 0x00, 0x00, 0x00, 0xec, 0xff,
  0xff, 0xff, 0xff, 0x6d, 0x00, 0x00, 0x51, 0xff, 0xff, 0xff, 0xff, 0xfa, 0x00, 0x00, 0x00, 0x00,
  0x00, 0x00, 0x00, 0x00, 0x00, 0x00, 0xde, 0xff, 0xff, 0xff, 0xff, 0x6d, 0x00, 0x00, 0x4a, 0xff,
  0xff, 0xff, 0xff, 0xff, 0x05, 0x00, 0x00, 0x00, 0x00, 0x00, 0x00, 0x00, 0x00, 0x00, 0xe8, 0xff,
  0xff, 0xff, 0xff, 0x6d, 0x00, 0x00, 0x3b, 0xff, 0xff, 0xff, 0xff, 0xff, 0x27, 0x00, 0x00, 0x00,
  0x00, 0x00, 0x00, 0x00, 0x00, 0x0e, 0xfd, 0xff, 0xff, 0xff, 0xff, 0x6d, 0x00, 0x00, 0x17, 0xff,
  0xff, 0xff, 0xff, 0xff, 0x74, 0x00, 0x00, 0x00, 0x00, 0x00, 0x00, 0x00, 0x00, 0x58, 0xff, 0xff,
  0xff, 0xff, 0xff, 0x6d, 0x00, 0x00, 0x00, 0xdf, 0xff, 0xff, 0xff, 0xff, 0xe7, 0x15, 0x00, 0x00,
  0x00, 0x00, 0x00, 0x00, 0x0a, 0xd7, 0xff, 0xff, 0xff, 0xff, 0xff, 0x6f, 0x00, 0x00, 0x00, 0x90,
  0xff, 0xff, 0xff, 0xff, 0xff, 0xce, 0x20, 0x00, 0x00, 0x00, 0x00, 0x17, 0xbc, 0xff, 0xff, 0xff,
  0xff, 0xff, 0xff, 0xaf, 0x10, 0x03, 0x00, 0x24, 0xfc, 0xff, 0xff, 0xff, 0xff, 0xff, 0xf8, 0xae,
  0x80, 0x7d, 0xa6, 0xf3, 0xff, 0xff, 0xff, 0xff, 0xff, 0xff, 0xff, 0xff, 0xff, 0x5c, 0x00, 0x00,
  0x8e, 0xff, 0xff, 0xff, 0xff, 0xff, 0xff, 0xff, 0xff, 0xff, 0xff, 0xff, 0xff, 0xfe, 0xfc, 0xff,
  0xff, 0xff, 0xff, 0xff, 0xff, 0x5c, 0x00, 0x00, 0x07, 0xc8, 0xff, 0xff, 0xff, 0xff, 0xff, 0xff,
  0xff, 0xff, 0xff, 0xff, 0xff, 0x7f, 0x6c, 0xff, 0xff, 0xff, 0xff, 0xff, 0xff, 0x5c, 0x00, 0x00,
  0x00, 0x0f, 0xbe, 0xff, 0xff, 0xff, 0xff, 0xff, 0xff, 0xff, 0xff, 0xff, 0xd0, 0x09, 0x1c, 0xf2,
  0xff, 0xff, 0xff, 0xff, 0xff, 0x5c, 0x00, 0x00, 0x00, 0x00, 0x02, 0x6c, 0xe6, 0xff, 0xff, 0xff,
  0xff, 0xff, 0xff, 0xad, 0x14, 0x00, 0x00, 0x38, 0xc6, 0xfa, 0xff, 0xff, 0xff, 0x5c, 0x00, 0x00,
  0x00, 0x00, 0x00, 0x00, 0x03, 0x41, 0x78, 0x90, 0x8d, 0x6b, 0x25, 0x00, 0x00, 0x00, 0x00, 0x00,
  0x00, 0x00, 0x00, 0x00, 0x00, 0x00, 0x00, 0x00, 0x00, 0x00, 0x00, 0x00, 0x00, 0x85, 0xa6, 0xa6,
  0xa6, 0xa6, 0xa6, 0xa6, 0x89, 0x00, 0x00, 0x00, 0x00, 0x00, 0x00, 0x00, 0x00, 0x00, 0x00, 0x00,
  0x00, 0x00, 0x00, 0x00, 0x50, 0xff, 0xff, 0xff, 0xff, 0xff, 0xff, 0xff, 0xff, 0x56, 0x00, 0x00,
  0x00, 0x00, 0x00, 0x00, 0x00, 0x00, 0x00, 0x00, 0x00, 0x00, 0x00, 0x0b, 0xe2, 0xff, 0xff, 0xff,
  0xbf, 0xbb, 0xff, 0xff, 0xff, 0xe5, 0x0e, 0x00, 0x00, 0x00, 0x00, 0x00, 0x00, 0x00, 0x00, 0x00,
  0x00, 0x00, 0x00, 0x8c, 0xff, 0xff, 0xff, 0xff, 0x34, 0x2f, 0xfe, 0xff, 0xff, 0xff, 0x92, 0x00,
  0x00, 0x00, 0x00, 0x00, 0x00, 0x00, 0x00, 0x00, 0x00, 0x00, 0x2e, 0xfb, 0xff, 0xff, 0xff, 0xb7,
  0x00, 0x00, 0xb1, 0xff, 0xff, 0xff, 0xfd, 0x33, 0x00, 0x00, 0x00, 0x00, 0x00, 0x00, 0x00, 0x00,
  0x00, 0x01, 0xc6, 0xff, 0xff, 0xff, 0xff, 0x3a, 0x00, 0x00, 0x34, 0xff, 0xff, 0xff, 0xff, 0xcb,
  0x02, 0x00, 0x00, 0x00, 0x00, 0x00, 0x00, 0x00, 0x00, 0x01, 0x0f, 0x0f, 0x0f, 0x0f, 0x0e, 0x00,
  0x00, 0x00, 0x00, 0x0e, 0x0f, 0x0f, 0x0f, 0x0f, 0x02, 0x00, 0x00, 0x00, 0x00, 0x00, 0x00, 0x00,
  0x00, 0x00, 0x00, 0x00, 0x00, 0x00, 0x00, 0x00, 0x00, 0x00, 0x00, 0x00, 0x00, 0x00, 0x00, 0x00,
  0x00, 0x00, 0x00, 0x00, 0x00, 0x00, 0x00, 0x00, 0x00, 0x00, 0x00, 0x00, 0x00, 0x23, 0x54, 0x67,
  0x60, 0x3e, 0x07, 0x00, 0x00, 0x00, 0x00, 0x00, 0x00, 0x00, 0x00, 0x00, 0x00, 0x00, 0x00, 0x00,
  0x00, 0x00, 0x00, 0x52, 0xce, 0xff, 0xff, 0xff, 0xff, 0xff, 0xef, 0x77, 0x01, 0x00, 0xb8, 0xd5,
  0xd5, 0xd5, 0xd5, 0x5b, 0x00, 0x00, 0x00, 0x00, 0x00, 0x07, 0xa7, 0xff, 0xff, 0xff, 0xff, 0xff,
  0xff, 0xff, 0xff, 0xff, 0x95, 0x00, 0xdd, 0xff, 0xff, 0xff, 0xff, 0x6d, 0x00, 0x00, 0x00, 0x00,
  0x02, 0xb5, 0xff, 0xff, 0xff, 0xff, 0xff, 0xff, 0xff, 0xff, 0xff, 0xff, 0xff, 0x6f, 0xe8, 0xff,
  0xff, 0xff, 0xff, 0x6d, 0x00, 0x00, 0x00, 0x00, 0x7a, 0xff, 0xff, 0xff, 0xff, 0xff, 0xff, 0xff,
  0xff, 0xff, 0xff, 0xff, 0xff, 0xff, 0xff, 0xff, 0xff, 0xff, 0xff, 0x6d, 0x00, 0x00, 0x00, 0x1a,
  0xf6, 0xff, 0xff, 0xff, 0xff, 0xff, 0xff, 0xd9, 0xab, 0xa8, 0xd2, 0xff, 0xff, 0xff, 0xff, 0xff,
  0xff, 0xff, 0xff, 0x6d, 0x00, 0x00, 0x00, 0x82, 0xff, 0xff, 0xff, 0xff, 0xff, 0xe6, 0x44, 0x00,
  0x00, 0x00, 0x00, 0x35, 0xd9, 0xff, 0xff, 0xff, 0xff, 0xff, 0xff, 0x6d, 0x00, 0x00, 0x00, 0xd5,
  0xff, 0xff, 0xff, 0xff, 0xf4, 0x27, 0x00, 0x00, 0x00, 0x00, 0x00, 0x00, 0x18, 0xe8, 0xff, 0xff,
  0xff, 0xff, 0xff, 0x6d, 0x00, 0x00, 0x11, 0xff, 0xff, 0xff, 0xff, 0xff, 0x86, 0x00, 0x00, 0x00,
  0x00, 0x00, 0x00, 0x00, 0x00, 0x6a, 0xff, 0xff, 0xff, 0xff, 0xff, 0x6d, 0x00, 0x00, 0x37, 0xff,
  0xff, 0xff, 0xff, 0xff, 0x31, 0x00, 0x00, 0x00, 0x00, 0x00, 0x00, 0x00, 0x00, 0x16, 0xff, 0xff,
  0xff, 0xff, 0xff, 0x6d, 0x00, 0x00, 0x48, 0xff, 0xff, 0xff, 0xff, 0xff, 0x07, 0x00, 0x00, 0x00,
  0x00, 0x00, 0x00, 0x00, 0x00, 0x00, 0xec, 0xff, 0xff, 0xff, 0xff, 0x6d, 0x00, 0x00, 0x51, 0xff,
  0xff, 0xff, 0xff, 0xfa, 0x00, 0x00, 0x00, 0x00, 0x00, 0x00, 0x00, 0x00, 0x00, 0x00, 0xde, 0xff,
  0xff, 0xff, 0xff, 0x6d, 0x00, 0x00, 0x4a, 0xff, 0xff, 0xff, 0xff, 0xff, 0x05, 0x00, 0x00, 0x00,
  0x00, 0x00, 0x00, 0x00, 0x00, 0x00, 0xe8, 0xff, 0xff, 0xff, 0xff, 0x6d, 0x00, 0x00, 0x3b, 0xff,
  0xff, 0xff, 0xff, 0xff, 0x27, 0x00, 0x00, 0x00, 0x00, 0x00, 0x00, 0x00, 0x00, 0x0e, 0xfd, 0xff,
  0xff, 0xff, 0xff, 0x6d, 0x00, 0x00, 0x17, 0xff, 0xff, 0xff, 0xff, 0xff, 0x74, 0x00, 0x00, 0x00,
  0x00, 0x00, 0x00, 0x00, 0x00, 0x58, 0xff, 0xff, 0xff, 0xff, 0xff, 0x6d, 0x00, 0x00, 0x00, 0xdf,
  0xff, 0xff, 0xff, 0xff, 0xe7, 0x15, 0x00, 0x00, 0x00, 0x00, 0x00, 0x00, 0x0a, 0xd7, 0xff, 0xff,
  0xff, 0xff, 0xff, 0x6f, 0x00, 0x00, 0x00, 0x90, 0xff, 0xff, 0xff, 0xff, 0xff, 0xce, 0x20, 0x00,
  0x00, 0x00, 0x00, 0x17, 0xbc, 0xff, 0xff, 0xff, 0xff, 0xff, 0xff, 0xaf, 0x10, 0x03, 0x00, 0x24,
  0xfc, 0xff, 0xff, 0xff, 0xff, 0xff, 0xf8, 0xae, 0x80, 0x7d, 0xa6, 0xf3, 0xff, 0xff, 0xff, 0xff,
  0xff, 0xff, 0xff, 0xff, 0xff, 0x5c, 0x00, 0x00, 0x8e, 0xff, 0xff, 0xff, 0xff, 0xff, 0xff, 0xff,
  0xff, 0xff, 0xff, 0xff, 0xff, 0xfe, 0xfc, 0xff, 0xff, 0xff, 0xff, 0xff, 0xff, 0x5c, 0x00, 0x00,
  0x07, 0xc8, 0xff, 0xff, 0xff, 0xff, 0xff, 0xff, 0xff, 0xff, 0xff, 0xff, 0xff, 0x7f, 0x6c, 0xff,
  0xff, 0xff, 0xff, 0xff, 0xff, 0x5c, 0x00, 0x00, 0x00, 0x0f, 0xbe, 0xff, 0xff, 0xff, 0xff, 0xff,
  0xff, 0xff, 0xff, 0xff, 0xd0, 0x09, 0x1c, 0xf2, 0xff, 0xff, 0xff, 0xff, 0xff, 0x5c, 0x00, 0x00,
  0x00, 0x00, 0x02, 0x6c, 0xe6, 0xff, 0xff, 0xff, 0xff, 0xff, 0xff, 0xad, 0x14, 0x00, 0x00, 0x38,
  0xc6, 0xfa, 0xff, 0xff, 0xff, 0x5c, 0x00, 0x00, 0x00, 0x00, 0x00, 0x00, 0x03, 0x41, 0x78, 0x90,
  0x8d, 0x6b, 0x25, 0x00, 0x00, 0x00, 0x00, 0x00, 0x00, 0x00, 0x00, 0x00, 0x00, 0x00, 0x00, 0x00,
  0x00, 0x00, 0x00, 0x00, 0x00, 0x00, 0x20, 0x37, 0x15, 0x00, 0x00, 0x00, 0x00, 0x00, 0x01, 0x0e,
  0x00, 0x00, 0x00, 0x00, 0x00, 0x00, 0x00, 0x00, 0x00, 0x00, 0x00, 0x00, 0x28, 0xc9, 0xff, 0xff,
  0xfd, 0x96, 0x05, 0x00, 0x00, 0x00, 0x7e, 0xde, 0x31, 0x00, 0x00, 0x00, 0x00, 0x00, 0x00, 0x00,
  0x00, 0x00, 0x00, 0x20, 0xe7, 0xff, 0xff, 0xff, 0xff, 0xff, 0xad, 0x07, 0x00, 0x5b, 0xfe, 0xff,
  0xf7, 0x64, 0x00, 0x00, 0x00, 0x00, 0x00, 0x00, 0x00, 0x00, 0x09, 0xcf, 0xff, 0xff, 0xff, 0xff,
  0xff, 0xff, 0xff, 0xde, 0xbf, 0xfe, 0xff, 0xff, 0xff, 0xdd, 0x0b, 0x00, 0x00, 0x00, 0x00, 0x00,
  0x00, 0x00, 0xa3, 0xff, 0xff, 0xff, 0xff, 0xff, 0xff, 0xff, 0xff, 0xff, 0xff, 0xff, 0xff, 0xff,
  0xf4, 0x2d, 0x00, 0x00, 0x00, 0x00, 0x00, 0x00, 0x00, 0x1e, 0xec, 0xff, 0xff, 0xff, 0xbf, 0x56,
  0x9f, 0xff, 0xff, 0xff, 0xff, 0xff, 0xff, 0xff, 0x55, 0x00, 0x00, 0x00, 0x00, 0x00, 0x00, 0x00,
  0x00, 0x00, 0x21, 0xd2, 0xff, 0xc4, 0x08, 0x00, 0x00, 0x87, 0xff, 0xff, 0xff, 0xff, 0xff, 0x75,
  0x00, 0x00, 0x00, 0x00, 0x00, 0x00, 0x00, 0x00, 0x00, 0x00, 0x00, 0x0b, 0x98, 0x19, 0x00, 0x00,
  0x00, 0x00, 0x54, 0xbc, 0xd4, 0xb0, 0x45, 0x00, 0x00, 0x00, 0x00, 0x00, 0x00, 0x00, 0x00, 0x00,
  0x00, 0x00, 0x00, 0x00, 0x00, 0x00, 0x00, 0x00, 0x00, 0x00, 0x00, 0x00, 0x00, 0x00, 0x00, 0x00,
  0x00, 0x00, 0x00, 0x00, 0x00, 0x00, 0x00, 0x00, 0x00, 0x00, 0x00, 0x00, 0x00, 0x23, 0x54, 0x67,
  0x60, 0x3e, 0x07, 0x00, 0x00, 0x00, 0x00, 0x00, 0x00, 0x00, 0x00, 0x00, 0x00, 0x00, 0x00, 0x00,
  0x00, 0x00, 0x00, 0x52, 0xce, 0xff, 0xff, 0xff, 0xff, 0xff, 0xef, 0x77, 0x01, 0x00, 0xb8, 0xd5,
  0xd5, 0xd5, 0xd5, 0x5b, 0x00, 0x00, 0x00, 0x00, 0x00, 0x07, 0xa7, 0xff, 0xff, 0xff, 0xff, 0xff,
  0xff, 0xff, 0xff, 0xff, 0x95, 0x00, 0xdd, 0xff, 0xff, 0xff, 0xff, 0x6d, 0x00, 0x00, 0x00, 0x00,
  0x02, 0xb5, 0xff, 0xff, 0xff, 0xff, 0xff, 0xff, 0xff, 0xff, 0xff, 0xff, 0xff, 0x6f, 0xe8, 0xff,
  0xff, 0xff, 0xff, 0x6d, 0x00, 0x00, 0x00, 0x00, 0x7a, 0xff, 0xff, 0xff, 0xff, 0xff, 0xff, 0xff,
  0xff, 0xff, 0xff, 0xff, 0xff, 0xff, 0xff, 0xff, 0xff, 0xff, 0xff, 0x6d, 0x00, 0x00, 0x00, 0x1a,
  0xf6, 0xff, 0xff, 0xff, 0xff, 0xff, 0xff, 0xd9, 0xab, 0xa8, 0xd2, 0xff, 0xff, 0xff, 0xff, 0xff,
  0xff, 0xff, 0xff, 0x6d, 0x00, 0x00, 0x00, 0x82, 0xff, 0xff, 0xff, 0xff, 0xff, 0xe6, 0x44, 0x00,
  0x00, 0x00, 0x00, 0x35, 0xd9, 0xff, 0xff, 0xff, 0xff, 0xff, 0xff, 0x6d, 0x00, 0x00, 0x00, 0xd5,
  0xff, 0xff, 0xff, 0xff, 0xf4, 0x27, 0x00, 0x00, 0x00, 0x00, 0x00, 0x00, 0x18, 0xe8, 0xff, 0xff,
  0xff, 0xff, 0xff, 0x6d, 0x00, 0x00, 0x11, 0xff, 0xff, 0xff, 0xff, 0xff, 0x86, 0x00, 0x00, 0x00,
  0x00, 0x00, 0x00, 0x00, 0x00, 0x6a, 0xff, 0xff, 0xff, 0xff, 0xff, 0x6d, 0x00, 0x00, 0x37, 0xff,
  0xff, 0xff, 0xff, 0xff, 0x31, 0x00, 0x00, 0x00, 0x00, 0x00, 0x00, 0x00, 0x00, 0x16, 0xff, 0xff,
  0xff, 0xff, 0xff, 0x6d, 0x00, 0x00, 0x48, 0xff, 0xff, 0xff, 0xff, 0xff, 0x07, 0x00, 0x00, 0x00,
  0x00, 0x00, 0x00, 0x00, 0x00, 0x00, 0xec, 0xff, 0xff, 0xff, 0xff, 0x6d, 0x00, 0x00, 0x51, 0xff,
  0xff, 0xff, 0xff, 0xfa, 0x00, 0x00, 0x00, 0x00, 0x00, 0x00, 0x00, 0x00, 0x00, 0x00, 0xde, 0xff,
  0xff, 0xff, 0xff, 0x6d, 0x00, 0x00, 0x4a, 0xff, 0xff, 0xff, 0xff, 0xff, 0x05, 0x00, 0x00, 0x00,
  0x00, 0x00, 0x00, 0x00, 0x00, 0x00, 0xe8, 0xff, 0xff, 0xff, 0xff, 0x6d, 0x00, 0x00, 0x3b, 0xff,
  0xff, 0xff, 0xff, 0xff, 0x27, 0x00, 0x00, 0x00, 0x00, 0x00, 0x00, 0x00, 0x00, 0x0e, 0xfd, 0xff,
  0xff, 0xff, 0xff, 0x6d, 0x00, 0x00, 0x17, 0xff, 0xff, 0xff, 0xff, 0xff, 0x74, 0x00, 0x00, 0x00,
  0x00, 0x00, 0x00, 0x00, 0x00, 0x58, 0xff, 0xff, 0xff, 0xff, 0xff, 0x6d, 0x00, 0x00, 0x00, 0xdf,
  0xff, 0xff, 0xff, 0xff, 0xe7, 0x15, 0x00, 0x00, 0x00, 0x00, 0x00, 0x00, 0x0a, 0xd7, 0xff, 0xff,
  0xff, 0xff, 0xff, 0x6f, 0x00, 0x00, 0x00, 0x90, 0xff, 0xff, 0xff, 0xff, 0xff, 0xce, 0x20, 0x00,
  0x00, 0x00, 0x00, 0x17, 0xbc, 0xff, 0xff, 0xff, 0xff, 0xff, 0xff, 0xaf, 0x10, 0x03, 0x00, 0x24,
  0xfc, 0xff, 0xff, 0xff, 0xff, 0xff, 0xf8, 0xae, 0x80, 0x7d, 0xa6, 0xf3, 0xff, 0xff, 0xff, 0xff,
  0xff, 0xff, 0xff, 0xff, 0xff, 0x5c, 0x00, 0x00, 0x8e, 0xff, 0xff, 0xff, 0xff, 0xff, 0xff, 0xff,
  0xff, 0xff, 0xff, 0xff, 0xff, 0xfe, 0xfc, 0xff, 0xff, 0xff, 0xff, 0xff, 0xff, 0x5c, 0x00, 0x00,
  0x07, 0xc8, 0xff, 0xff, 0xff, 0xff, 0xff, 0xff, 0xff, 0xff, 0xff, 0xff, 0xff, 0x7f, 0x6c, 0xff,
  0xff, 0xff, 0xff, 0xff, 0xff, 0x5c, 0x00, 0x00, 0x00, 0x0f, 0xbe, 0xff, 0xff, 0xff, 0xff, 0xff,
  0xff, 0xff, 0xff, 0xff, 0xd0, 0x09, 0x1c, 0xf2, 0xff, 0xff, 0xff, 0xff, 0xff, 0x5c, 0x00, 0x00,
  0x00, 0x00, 0x02, 0x6c, 0xe6, 0xff, 0xff, 0xff, 0xff, 0xff, 0xff, 0xad, 0x14, 0x00, 0x00, 0x38,
  0xc6, 0xfa, 0xff, 0xff, 0xff, 0x5c, 0x00, 0x00, 0x00, 0x00, 0x00, 0x00, 0x03, 0x41, 0x78, 0x90,
  0x8d, 0x6b, 0x25, 0x00, 0x00, 0x00, 0x00, 0x00, 0x00, 0x00, 0x00, 0x00, 0x00, 0x00, 0x00, 0x00,
  0x00, 0x05, 0x63, 0xa6, 0xa7, 0x65, 0x06, 0x00, 0x00, 0x00, 0x00, 0x05, 0x63, 0xa6, 0xa7, 0x65,
  0x06, 0x00, 0x00, 0x00, 0x00, 0x00, 0x00, 0x00, 0x0a, 0xc2, 0xff, 0xff, 0xff, 0xff, 0xc7, 0x0c,
  0x00, 0x00, 0x0a, 0xc3, 0xff, 0xff, 0xff, 0xff, 0xc6, 0x0c, 0x00, 0x00, 0x00, 0x00, 0x00, 0x00,
  0x8b, 0xff, 0xff, 0xff, 0xff, 0xff, 0xff, 0x92, 0x00, 0x00, 0x8c, 0xff, 0xff, 0xff, 0xff, 0xff,
  0xff, 0x91, 0x00, 0x00, 0x00, 0x00, 0x00, 0x00, 0xe1, 0xff, 0xff, 0xff, 0xff, 0xff, 0xff, 0xe8,
  0x00, 0x00, 0xe2, 0xff, 0xff, 0xff, 0xff, 0xff, 0xff, 0xe7, 0x00, 0x00, 0x00, 0x00, 0x00, 0x00,
  0xf3, 0xff, 0xff, 0xff, 0xff, 0xff, 0xff, 0xfa, 0x00, 0x00, 0xf4, 0xff, 0xff, 0xff, 0xff, 0xff,
  0xff, 0xf9, 0x00, 0x00, 0x00, 0x00, 0x00, 0x00, 0xc7, 0xff, 0xff, 0xff, 0xff, 0xff, 0xff, 0xce,
  0x00, 0x00, 0xc8, 0xff, 0xff, 0xff, 0xff, 0xff, 0xff, 0xcd, 0x00, 0x00, 0x00, 0x00, 0x00, 0x00,
  0x4a, 0xfe, 0xff, 0xff, 0xff, 0xff, 0xff, 0x51, 0x00, 0x00, 0x4b, 0xfe, 0xff, 0xff, 0xff, 0xff,
  0xff, 0x50, 0x00, 0x00, 0x00, 0x00, 0x00, 0x00, 0x00, 0x5c, 0xee, 0xff, 0xff, 0xef, 0x61, 0x00,
  0x00, 0x00, 0x00, 0x5d, 0xee, 0xff, 0xff, 0xef, 0x61, 0x00, 0x00, 0x00, 0x00, 0x00, 0x00, 0x00,
  0x00, 0x00, 0x08, 0x39, 0x3a, 0x09, 0x00, 0x00, 0x00, 0x00, 0x00, 0x00, 0x08, 0x3a, 0x3a, 0x09,
  0x00, 0x00, 0x00, 0x00, 0x00, 0x00, 0x00, 0x00, 0x00, 0x00, 0x00, 0x00, 0x00, 0x23, 0x54, 0x67,
  0x60, 0x3e, 0x07, 0x00, 0x00, 0x00, 0x00, 0x00, 0x00, 0x00, 0x00, 0x00, 0x00, 0x00, 0x00, 0x00,
  0x00, 0x00, 0x00, 0x52, 0xce, 0xff, 0xff, 0xff, 0xff, 0xff, 0xef, 0x77, 0x01, 0x00, 0xb8, 0xd5,
  0xd5, 0xd5, 0xd5, 0x5b, 0x00, 0x00, 0x00, 0x00, 0x00, 0x07, 0xa7, 0xff, 0xff, 0xff, 0xff, 0xff,
  0xff, 0xff, 0xff, 0xff, 0x95, 0x00, 0xdd, 0xff, 0xff, 0xff, 0xff, 0x6d, 0x00, 0x00, 0x00, 0x00,
  0x02, 0xb5, 0xff, 0xff, 0xff, 0xff, 0xff, 0xff, 0xff, 0xff, 0xff, 0xff, 0xff, 0x6f, 0xe8, 0xff,
  0xff, 0xff, 0xff, 0x6d, 0x00, 0x00, 0x00, 0x00, 0x7a, 0xff, 0xff, 0xff, 0xff, 0xff, 0xff, 0xff,
  0xff, 0xff, 0xff, 0xff, 0xff, 0xff, 0xff, 0xff, 0xff, 0xff, 0xff, 0x6d, 0x00, 0x00, 0x00, 0x1a,
  0xf6, 0xff, 0xff, 0xff, 0xff, 0xff, 0xff, 0xd9, 0xab, 0xa8, 0xd2, 0xff, 0xff, 0xff, 0xff, 0xff,
  0xff, 0xff, 0xff, 0x6d, 0x00, 0x00, 0x00, 0x82, 0xff, 0xff, 0xff, 0xff, 0xff, 0xe6, 0x44, 0x00,
  0x00, 0x00, 0x00, 0x35, 0xd9, 0xff, 0xff, 0xff, 0xff, 0xff, 0xff, 0x6d, 0x00, 0x00, 0x00, 0xd5,
  0xff, 0xff, 0xff, 0xff, 0xf4, 0x27, 0x00, 0x00, 0x00, 0x00, 0x00, 0x00, 0x18, 0xe8, 0xff, 0xff,
  0xff, 0xff, 0xff, 0x6d, 0x00, 0x00, 0x11, 0xff, 0xff, 0xff, 0xff, 0xff, 0x86, 0x00, 0x00, 0x00,
  0x00, 0x00, 0x00, 0x00, 0x00, 0x6a, 0xff, 0xff, 0xff, 0xff, 0xff, 0x6d, 0x00, 0x00, 0x37, 0xff,
  0xff, 0xff, 0xff, 0xff, 0x31, 0x00, 0x00, 0x00, 0x00, 0x00, 0x00, 0x00, 0x00, 0x16, 0xff, 0xff,
  0xff, 0xff, 0xff, 0x6d, 0x00, 0x00, 0x48, 0xff, 0xff, 0xff, 0xff, 0xff, 0x07, 0x00, 0x00, 0x00,
  0x00, 0x00, 0x00, 0x00, 0x00, 0x00, 0xec, 0xff, 0xff, 0xff, 0xff, 0x6d, 0x00, 0x00, 0x51, 0xff,
  0xff, 0xff, 0xff, 0xfa, 0x00, 0x00, 0x00, 0x00, 0x00, 0x00, 0x00, 0x00, 0x00, 0x00, 0xde, 0xff,
  0xff, 0xff, 0xff, 0x6d, 0x00, 0x00, 0x4a, 0xff, 0xff, 0xff, 0xff, 0xff, 0x05, 0x00, 0x00, 0x00,
  0x00, 0x00, 0x00, 0x00, 0x00, 0x00, 0xe8, 0xff, 0xff, 0xff, 0xff, 0x6d, 0x00, 0x00, 0x3b, 0xff,
  0xff, 0xff, 0xff, 0xff, 0x27, 0x00, 0x00, 0x00, 0x00, 0x00, 0x00, 0x00, 0x00, 0x0e, 0xfd, 0xff,
  0xff, 0xff, 0xff, 0x6d, 0x00, 0x00, 0x17, 0xff, 0xff, 0xff, 0xff, 0xff, 0x74, 0x00, 0x00, 0x00,
  0x00, 0x00, 0x00, 0x00, 0x00, 0x58, 0xff, 0xff, 0xff, 0xff, 0xff, 0x6d, 0x00, 0x00, 0x00, 0xdf,
  0xff, 0xff, 0xff, 0xff, 0xe7, 0x15, 0x00, 0x00, 0x00, 0x00, 0x00, 0x00, 0x0a, 0xd7, 0xff, 0xff,
  0xff, 0xff, 0xff, 0x6f, 0x00, 0x00, 0x00, 0x90, 0xff, 0xff, 0xff, 0xff, 0xff, 0xce, 0x20, 0x00,
  0x00, 0x00, 0x00, 0x17, 0xbc, 0xff, 0xff, 0xff, 0xff, 0xff, 0xff, 0xaf, 0x10, 0x03, 0x00, 0x24,
  0xfc, 0xff, 0xff, 0xff, 0xff, 0xff, 0xf8, 0xae, 0x80, 0x7d, 0xa6, 0xf3, 0xff, 0xff, 0xff, 0xff,
  0xff, 0xff, 0xff, 0xff, 0xff, 0x5c, 0x00, 0x00, 0x8e, 0xff, 0xff, 0xff, 0xff, 0xff, 0xff, 0xff,
  0xff, 0xff, 0xff, 0xff, 0xff, 0xfe, 0xfc, 0xff, 0xff, 0xff, 0xff, 0xff, 0xff, 0x5c, 0x00, 0x00,
  0x07, 0xc8, 0xff, 0xff, 0xff, 0xff, 0xff, 0xff, 0xff, 0xff, 0xff, 0xff, 0xff, 0x7f, 0x6c, 0xff,
  0xff, 0xff, 0xff, 0xff, 0xff, 0x5c, 0x00, 0x00, 0x00, 0x0f, 0xbe, 0xff, 0xff, 0xff, 0xff, 0xff,
  0xff, 0xff, 0xff, 0xff, 0xd0, 0x09, 0x1c, 0xf2, 0xff, 0xff, 0xff, 0xff, 0xff, 0x5c, 0x00, 0x00,
  0x00, 0x00, 0x02, 0x6c, 0xe6, 0xff, 0xff, 0xff, 0xff, 0xff, 0xff, 0xad, 0x14, 0x00, 0x00, 0x38,
  0xc6, 0xfa, 0xff, 0xff, 0xff, 0x5c, 0x00, 0x00, 0x00, 0x00, 0x00, 0x00, 0x03, 0x41, 0x78, 0x90,
  0x8d, 0x6b, 0x25, 0x00, 0x00, 0x00, 0x00, 0x00, 0x00, 0x00, 0x00, 0x00, 0x00, 0x00, 0x00, 0x00,
  0x00, 0x00, 0x00, 0x00, 0x00, 0x00, 0x2e, 0xa8, 0xe1, 0xe2, 0xaa, 0x31, 0x00, 0x00, 0x00, 0x00,
  0x00, 0x00, 0x00, 0x00, 0x00, 0x00, 0x00, 0x00, 0x00, 0x00, 0x00, 0x00, 0x00, 0x4a, 0xf7, 0xff,
  0xff, 0xff, 0xff, 0xf9, 0x4f, 0x00, 0x00, 0x00, 0x00, 0x00, 0x00, 0x00, 0x00, 0x00, 0x00, 0x00,
  0x00, 0x00, 0x00, 0x00, 0x10, 0xee, 0xff, 0xff, 0xff, 0xff, 0xff, 0xff, 0xf1, 0x13, 0x00, 0x00,
  0x00, 0x00, 0x00, 0x00, 0x00, 0x00, 0x00, 0x00, 0x00, 0x00, 0x00, 0x00, 0x5f, 0xff, 0xff, 0xfe,
  0x82, 0x7f, 0xfd, 0xff, 0xff, 0x65, 0x00, 0x00, 0x00, 0x00, 0x00, 0x00, 0x00, 0x00, 0x00, 0x00,
  0x00, 0x00, 0x00, 0x00, 0x80, 0xff, 0xff, 0xcd, 0x00, 0x00, 0xc7, 0xff, 0xff, 0x86, 0x00, 0x00,
  0x00, 0x00, 0x00, 0x00, 0x00, 0x00, 0x00, 0x00, 0x00, 0x00, 0x00, 0x00, 0x6b, 0xff, 0xff, 0xf6,
  0x4a, 0x47, 0xf4, 0xff, 0xff, 0x71, 0x00, 0x00, 0x00, 0x00, 0x00, 0x00, 0x00, 0x00, 0x00, 0x00,
  0x00, 0x00, 0x00, 0x00, 0x1f, 0xfa, 0xff, 0xff, 0xff, 0xff, 0xff, 0xff, 0xfc, 0x23, 0x00, 0x00,
  0x00, 0x00, 0x00, 0x00, 0x00, 0x00, 0x00, 0x00, 0x00, 0x00, 0x00, 0x00, 0x00, 0x75, 0xff, 0xff,
  0xff, 0xff, 0xff, 0xff, 0x7b, 0x00, 0x00, 0x00, 0x00, 0x00, 0x00, 0x00, 0x00, 0x00, 0x00, 0x00,
  0x00, 0x00, 0x00, 0x00, 0x00, 0x00, 0x5d, 0xdf, 0xff, 0xff, 0xe1, 0x61, 0x00, 0x00, 0x00, 0x00,
  0x00, 0x00, 0x00, 0x00, 0x00, 0x00, 0x00, 0x00, 0x00, 0x00, 0x00, 0x00, 0x00, 0x00, 0x00, 0x00,
  0x18, 0x19, 0x00, 0x00, 0x00, 0x00, 0x00, 0x00, 0x00, 0x00, 0x00, 0x00, 0x00, 0x00, 0x00, 0x00,
  0x00, 0x00, 0x00, 0x00, 0x00, 0x00, 0x00, 0x00, 0x00, 0x00, 0x00, 0x00, 0x00, 0x00, 0x00, 0x00,
  0x00, 0x00, 0x00, 0x00, 0x00, 0x00, 0x00, 0x00, 0x00, 0x00, 0x00, 0x00, 0x00, 0x23, 0x54, 0x67,
  0x60, 0x3e, 0x07, 0x00, 0x00, 0x00, 0x00, 0x00, 0x00, 0x00, 0x00, 0x00, 0x00, 0x00, 0x00, 0x00,
  0x00, 0x00, 0x00, 0x52, 0xce, 0xff, 0xff, 0xff, 0xff, 0xff, 0xef, 0x77, 0x01, 0x00, 0xb8, 0xd5,
  0xd5, 0xd5, 0xd5, 0x5b, 0x00, 0x00, 0x00, 0x00, 0x00, 0x07, 0xa7, 0xff, 0xff, 0xff, 0xff, 0xff,
  0xff, 0xff, 0xff, 0xff, 0x95, 0x00, 0xdd, 0xff, 0xff, 0xff, 0xff, 0x6d, 0x00, 0x00, 0x00, 0x00,
  0x02, 0xb5, 0xff, 0xff, 0xff, 0xff, 0xff, 0xff, 0xff, 0xff, 0xff, 0xff, 0xff, 0x6f, 0xe8, 0xff,
  0xff, 0xff, 0xff, 0x6d, 0x00, 0x00, 0x00, 0x00, 0x7a, 0xff, 0xff, 0xff, 0xff, 0xff, 0xff, 0xff,
  0xff, 0xff, 0xff, 0xff, 0xff, 0xff, 0xff, 0xff, 0xff, 0xff, 0xff, 0x6d, 0x00, 0x00, 0x00, 0x1a,
  0xf6, 0xff, 0xff, 0xff, 0xff, 0xff, 0xff, 0xd9, 0xab, 0xa8, 0xd2, 0xff, 0xff, 0xff, 0xff, 0xff,
  0xff, 0xff, 0xff, 0x6d, 0x00, 0x00, 0x00, 0x82, 0xff, 0xff, 0xff, 0xff, 0xff, 0xe6, 0x44, 0x00,
  0x00, 0x00, 0x00, 0x35, 0xd9, 0xff, 0xff, 0xff, 0xff, 0xff, 0xff, 0x6d, 0x00, 0x00, 0x00, 0xd5,
  0xff, 0xff, 0xff, 0xff, 0xf4, 0x27, 0x00, 0x00, 0x00, 0x00, 0x00, 0x00, 0x18, 0xe8, 0xff, 0xff,
  0xff, 0xff, 0xff, 0x6d, 0x00, 0x00, 0x11, 0xff, 0xff, 0xff, 0xff, 0xff, 0x86, 0x00, 0x00, 0x00,
  0x00, 0x00, 0x00, 0x00, 0x00, 0x6a, 0xff, 0xff, 0xff, 0xff, 0xff, 0x6d, 0x00, 0x00, 0x37, 0xff,
  0xff, 0xff, 0xff, 0xff, 0x31, 0x00, 0x00, 0x00, 0x00, 0x00, 0x00, 0x00, 0x00, 0x16, 0xff, 0xff,
  0xff, 0xff, 0xff, 0x6d, 0x00, 0x00, 0x48, 0xff, 0xff, 0xff, 0xff, 0xff, 0x07, 0x00, 0x00, 0x00,
  0x00, 0x00, 0x00, 0x00, 0x00, 0x00, 0xec, 0xff, 0xff, 0xff, 0xff, 0x6d, 0x00, 0x00, 0x51, 0xff,
  0xff, 0xff, 0xff, 0xfa, 0x00, 0x00, 0x00, 0x00, 0x00, 0x00, 0x00, 0x00, 0x00, 0x00, 0xde, 0xff,
  0xff, 0xff, 0xff, 0x6d, 0x00, 0x00, 0x4a, 0xff, 0xff, 0xff, 0xff, 0xff, 0x05, 0x00, 0x00, 0x00,
  0x00, 0x00, 0x00, 0x00, 0x00, 0x00, 0xe8, 0xff, 0xff, 0xff, 0xff, 0x6d, 0x00, 0x00, 0x3b, 0xff,
  0xff, 0xff, 0xff, 0xff, 0x27, 0x00, 0x00, 0x00, 0x00, 0x00, 0x00, 0x00, 0x00, 0x0e, 0xfd, 0xff,
  0xff, 0xff, 0xff, 0x6d, 0x00, 0x00, 0x17, 0xff, 0xff, 0xff, 0xff, 0xff, 0x74, 0x00, 0x00, 0x00,
  0x00, 0x00, 0x00, 0x00, 0x00, 0x58, 0xff, 0xff, 0xff, 0xff, 0xff, 0x6d, 0x00, 0x00, 0x00, 0xdf,
  0xff, 0xff, 0xff, 0xff, 0xe7, 0x15, 0x00, 0x00, 0x00, 0x00, 0x00, 0x00, 0x0a, 0xd7, 0xff, 0xff,
  0xff, 0xff, 0xff, 0x6f, 0x00, 0x00, 0x00, 0x90, 0xff, 0xff, 0xff, 0xff, 0xff, 0xce, 0x20, 0x00,
  0x00, 0x00, 0x00, 0x17, 0xbc, 0xff, 0xff, 0xff, 0xff, 0xff, 0xff, 0xaf, 0x10, 0x03, 0x00, 0x24,
  0xfc, 0xff, 0xff, 0xff, 0xff, 0xff, 0xf8, 0xae, 0x80, 0x7d, 0xa6, 0xf3, 0xff, 0xff, 0xff, 0xff,
  0xff, 0xff, 0xff, 0xff, 0xff, 0x5c, 0x00, 0x00, 0x8e, 0xff, 0xff, 0xff, 0xff, 0xff, 0xff, 0xff,
  0xff, 0xff, 0xff, 0xff, 0xff, 0xfe, 0xfc, 0xff, 0xff, 0xff, 0xff, 0xff, 0xff, 0x5c, 0x00, 0x00,
  0x07, 0xc8, 0xff, 0xff, 0xff, 0xff, 0xff, 0xff, 0xff, 0xff, 0xff, 0xff, 0xff, 0x7f, 0x6c, 0xff,
  0xff, 0xff, 0xff, 0xff, 0xff, 0x5c, 0x00, 0x00, 0x00, 0x0f, 0xbe, 0xff, 0xff, 0xff, 0xff, 0xff,
  0xff, 0xff, 0xff, 0xff, 0xd0, 0x09, 0x1c, 0xf2, 0xff, 0xff, 0xff, 0xff, 0xff, 0x5c, 0x00, 0x00,
  0x00, 0x00, 0x02, 0x6c, 0xe6, 0xff, 0xff, 0xff, 0xff, 0xff, 0xff, 0xad, 0x14, 0x00, 0x00, 0x38,
  0xc6, 0xfa, 0xff, 0xff, 0xff, 0x5c, 0x00, 0x00, 0x00, 0x00, 0x00, 0x00, 0x03, 0x41, 0x78, 0x90,
  0x8d, 0x6b, 0x25, 0x00, 0x00, 0x00, 0x00, 0x00, 0x00, 0x00, 0x00, 0x00, 0x00, 0x00, 0x00, 0x00,
  0x00, 0x00, 0x00, 0x00, 0x00, 0x26, 0x4b, 0x61, 0x68, 0x5f, 0x49, 0x20, 0x00, 0x00, 0x00, 0x00,
  0x00, 0x00, 0x00, 0x00, 0x00, 0x00, 0x00, 0x00, 0x23, 0x95, 0xe9, 0xff, 0xff, 0xff, 0xff, 0xff,
  0xff, 0xff, 0xe0, 0x88, 0x1a, 0x00, 0x00, 0x00, 0x00, 0x00, 0x00, 0x00, 0x02, 0x80, 0xfb, 0xff,
  0xff, 0xff, 0xff, 0xff, 0xff, 0xff, 0xff, 0xff, 0xff, 0xff, 0xf4, 0x70, 0x00, 0x00, 0x00, 0x00,
  0x00, 0x02, 0xa8, 0xff, 0xff, 0xff, 0xff, 0xff, 0xff, 0xff, 0xff, 0xff, 0xff, 0xff, 0xff, 0xff,
  0xff, 0xff, 0x9e, 0x01, 0x00, 0x00, 0x00, 0x17, 0xe2, 0xff, 0xff, 0xff, 0xff, 0xff, 0xff, 0xff,
  0xff, 0xff, 0xff, 0xff, 0xff, 0xff, 0xff, 0xff, 0xff, 0x81, 0x00, 0x00, 0x00, 0x00, 0x26, 0xe8,
  0xff, 0xff, 0xff, 0xe6, 0xfb, 0xff, 0xff, 0xff, 0xff, 0xed, 0xff, 0xff, 0xff, 0xff, 0xff, 0xfb,
  0x2c, 0x00, 0x00, 0x00, 0x00, 0x2d, 0xed, 0xf7, 0x60, 0x01, 0xeb, 0xff, 0xff, 0xff, 0xff, 0x5f,
  0x2f, 0xdc, 0xff, 0xff, 0xff, 0xff, 0xa5, 0x00, 0x00, 0x00, 0x00, 0x00, 0x34, 0x55, 0x00, 0x00,
  0xeb, 0xff, 0xff, 0xff, 0xff, 0x5f, 0x00, 0x3a, 0xff, 0xff, 0xff, 0xff, 0xf5, 0x09, 0x00, 0x00,
  0x00, 0x00, 0x00, 0x00, 0x00, 0x00, 0xeb, 0xff, 0xff, 0xff, 0xff, 0x5f, 0x00, 0x00, 0xf0, 0xff,
  0xff, 0xff, 0xff, 0x3b, 0x00, 0x00, 0x00, 0x05, 0x55, 0xa7, 0xd2, 0xea, 0xfe, 0xff, 0xff, 0xff,
  0xff, 0xf5, 0xef, 0xef, 0xfd, 0xff, 0xff, 0xff, 0xff, 0x5f, 0x00, 0x00, 0x39, 0xd5, 0xff, 0xff,
  0xff, 0xff, 0xff, 0xff, 0xff, 0xff, 0xff, 0xff, 0xff, 0xff, 0xff, 0xff, 0xff, 0xff, 0xff, 0x6d,
  0x00, 0x3a, 0xf4, 0xff, 0xff, 0xff, 0xff, 0xff, 0xff, 0xff, 0xff, 0xff, 0xff, 0xff, 0xff, 0xff,
  0xff, 0xff, 0xff, 0xff, 0xff, 0x6f, 0x0b, 0xe5, 0xff, 0xff, 0xff, 0xff, 0xff, 0xff, 0xff, 0xff,
  0xff, 0xff, 0xff, 0xff, 0xff, 0xff, 0xff, 0xff, 0xff, 0xff, 0xff, 0x6f, 0x5d, 0xff, 0xff, 0xff,
  0xff, 0xff, 0xff, 0xff, 0xff, 0xff, 0xff, 0xff, 0xff, 0xff, 0xff, 0xff, 0xff, 0xff, 0xff, 0xff,
  0xff, 0x6f, 0x94, 0xff, 0xff, 0xff, 0xff, 0xfc, 0x69, 0x20, 0xed, 0xff, 0xff, 0xff, 0xff, 0x6f,
  0x1a, 0x1a, 0x1a, 0x1a, 0x1a, 0x1a, 0x1a, 0x0b, 0xa4, 0xff, 0xff, 0xff, 0xff, 0xb6, 0x00, 0x00,
  0xeb, 0xff, 0xff, 0xff, 0xff, 0x5f, 0x00, 0x00, 0x2a, 0x00, 0x00, 0x00, 0x00, 0x00, 0x9a, 0xff,
  0xff, 0xff, 0xff, 0xd1, 0x02, 0x00, 0xeb, 0xff, 0xff, 0xff, 0xff, 0x5f, 0x00, 0x4e, 0xfb, 0xb1,
  0x1d, 0x00, 0x00, 0x00, 0x73, 0xff, 0xff, 0xff, 0xff, 0xff, 0xc0, 0x7a, 0xf4, 0xff, 0xff, 0xff,
  0xff, 0xc8, 0xcf, 0xff, 0xff, 0xff, 0xf3, 0x6f, 0x03, 0x00, 0x21, 0xfc, 0xff, 0xff, 0xff, 0xff,
  0xff, 0xff, 0xff, 0xff, 0xff, 0xff, 0xff, 0xff, 0xff, 0xff, 0xff, 0xff, 0xff, 0xff, 0x72, 0x00,
  0x00, 0x85, 0xff, 0xff, 0xff, 0xff, 0xff, 0xff, 0xff, 0xff, 0xff, 0xff, 0xff, 0xff, 0xff, 0xff,
  0xff, 0xff, 0xff, 0xcc, 0x09, 0x00, 0x00, 0x01, 0x8b, 0xff, 0xff, 0xff, 0xff, 0xff, 0xff, 0xff,
  0xff, 0xff, 0xff, 0xff, 0xff, 0xff, 0xff, 0xff, 0xbd, 0x13, 0x00, 0x00, 0x00, 0x00, 0x00, 0x39,
  0xb0, 0xf8, 0xff, 0xff, 0xff, 0xff, 0xff, 0xff, 0xff, 0xff, 0xff, 0xff, 0xc7, 0x5a, 0x01, 0x00,
  0x00, 0x00, 0x00, 0x00, 0x00, 0x00, 0x00, 0x07, 0x39, 0x6a, 0x7e, 0x8f, 0x96, 0x93, 0x89, 0x72,
  0x4e, 0x17, 0x00, 0x00, 0x00, 0x00, 0x00, 0x00, 0x00, 0x00, 0x00, 0x00, 0x00, 0x00, 0x00, 0x00,
  0x22, 0x4e, 0x62, 0x64, 0x53, 0x34, 0x04, 0x00, 0x00, 0x00, 0x00, 0x00, 0x00, 0x00, 0x00, 0x00,
  0x00, 0x00, 0x00, 0x15, 0x81, 0xde, 0xff, 0xff, 0xff, 0xff, 0xff, 0xff, 0xf6, 0xaa, 0x3c, 0x00,
  0x00, 0x00, 0x00, 0x00, 0x00, 0x00, 0x00, 0x00, 0x64, 0xf0, 0xff, 0xff, 0xff, 0xff, 0xff, 0xff,
  0xff, 0xff, 0xff, 0xff, 0xff, 0xa0, 0x0e, 0x00, 0x00, 0x00, 0x00, 0x00, 0x00, 0x93, 0xff, 0xff,
  0xff, 0xff, 0xff, 0xff, 0xff, 0xff, 0xff, 0xff, 0xff, 0xff, 0xff, 0xff, 0xcb, 0x10, 0x00, 0x00,
  0x00, 0x00, 0x80, 0xff, 0xff, 0xff, 0xff, 0xff, 0xff, 0xff, 0xff, 0xff, 0xff, 0xff, 0xff, 0xff,
  0xff, 0xff, 0xff, 0xbb, 0x01, 0x00, 0x00, 0x38, 0xfd, 0xff, 0xff, 0xff, 0xff, 0xff, 0xff, 0xd8,
  0xaa, 0xa7, 0xca, 0xfc, 0xff, 0xff, 0xff, 0xff, 0xff, 0xff, 0x67, 0x00, 0x00, 0xc1, 0xff, 0xff,
  0xff, 0xff, 0xff, 0xd7, 0x3c, 0x00, 0x00, 0x00, 0x00, 0x20, 0xb7, 0xff, 0xff, 0xff, 0xff, 0xff,
  0xdf, 0x03, 0x2a, 0xff, 0xff, 0xff, 0xff, 0xff, 0xd4, 0x0f, 0x00, 0x00, 0x00, 0x00, 0x00, 0x00,
  0x04, 0xbc, 0xff, 0xff, 0xff, 0xff, 0xff, 0x41, 0x76, 0xff, 0xff, 0xff, 0xff, 0xff, 0x32, 0x00,
  0x00, 0x00, 0x00, 0x00, 0x00, 0x00, 0x00, 0x22, 0xfd, 0xff, 0xff, 0xff, 0xff, 0x73, 0xa7, 0xff,
  0xff, 0xff, 0xff, 0xc9, 0x00, 0x00, 0x00, 0x00, 0x00, 0x00, 0x00, 0x00, 0x00, 0x00, 0xc0, 0xdf,
  0x9c, 0x5a, 0x19, 0x00, 0xc2, 0xff, 0xff, 0xff, 0xff, 0x92, 0x00, 0x00, 0x00, 0x00, 0x00, 0x00,
  0x00, 0x00, 0x00, 0x00, 0x0c, 0x00, 0x00, 0x00, 0x00, 0x00, 0xcf, 0xff, 0xff, 0xff, 0xff, 0x7d,
  0x00, 0x00, 0x00, 0x00, 0x00, 0x00, 0x00, 0x00, 0x00, 0x00, 0x00, 0x00, 0x00, 0x00, 0x00, 0x00,
  0xca, 0xff, 0xff, 0xff, 0xff, 0x86, 0x00, 0x00, 0x00, 0x00, 0x00, 0x00, 0x00, 0x00, 0x00, 0x00,
  0x00, 0x00, 0x00, 0x00, 0x00, 0x00, 0xb9, 0xff, 0xff, 0xff, 0xff, 0xa9, 0x00, 0x00, 0x00, 0x00,
  0x00, 0x00, 0x00, 0x00, 0x00, 0x00, 0xa3, 0xab, 0x6b, 0x2b, 0x01, 0x00, 0x92, 0xff, 0xff, 0xff,
  0xff, 0xee, 0x0c, 0x00, 0x00, 0x00, 0x00, 0x00, 0x00, 0x00, 0x00, 0x13, 0xf7, 0xff, 0xff, 0xff,
  0xea, 0x60, 0x52, 0xff, 0xff, 0xff, 0xff, 0xff, 0x93, 0x00, 0x00, 0x00, 0x00, 0x00, 0x00, 0x00,
  0x00, 0x97, 0xff, 0xff, 0xff, 0xff, 0xff, 0x4c, 0x0a, 0xec, 0xff, 0xff, 0xff, 0xff, 0xff, 0x9a,
  0x0f, 0x00, 0x00, 0x00, 0x00, 0x04, 0x81, 0xff, 0xff, 0xff, 0xff, 0xff, 0xe9, 0x07, 0x00, 0x79,
  0xff, 0xff, 0xff, 0xff, 0xff, 0xff, 0xf1, 0xa7, 0x7e, 0x7b, 0x9b, 0xe3, 0xff, 0xff, 0xff, 0xff,
  0xff, 0xff, 0x7a, 0x00, 0x00, 0x06, 0xcc, 0xff, 0xff, 0xff, 0xff, 0xff, 0xff, 0xff, 0xff, 0xff,
  0xff, 0xff, 0xff, 0xff, 0xff, 0xff, 0xff, 0xd3, 0x06, 0x00, 0x00, 0x00, 0x1c, 0xdb, 0xff, 0xff,
  0xff, 0xff, 0xff, 0xff, 0xff, 0xff, 0xff, 0xff, 0xff, 0xff, 0xff, 0xff, 0xe5, 0x20, 0x00, 0x00,
  0x00, 0x00, 0x00, 0x15, 0xb3, 0xff, 0xff, 0xff, 0xff, 0xff, 0xff, 0xff, 0xff, 0xff, 0xff, 0xff,
  0xff, 0xc9, 0x1e, 0x00, 0x00, 0x00, 0x00, 0x00, 0x00, 0x00, 0x00, 0x48, 0xba, 0xfd, 0xff, 0xff,
  0xff, 0xff, 0xff, 0xff, 0xff, 0xcf, 0x5e, 0x03, 0x00, 0x00, 0x00, 0x00, 0x00, 0x00, 0x00, 0x00,
  0x00, 0x00, 0x00, 0x13, 0x4e, 0xcf, 0xff, 0xff, 0x9a, 0x53, 0x1e, 0x00, 0x00, 0x00, 0x00, 0x00,
  0x00, 0x00, 0x00, 0x00, 0x00, 0x00, 0x00, 0x00, 0x00, 0x00, 0x00, 0xd6, 0xff, 0xff, 0x50, 0xd0,
  0xf8, 0xd9, 0x62, 0x00, 0x00, 0x00, 0x00, 0x00, 0x00, 0x00, 0x00, 0x00, 0x00, 0x00, 0x00, 0x00,
  0x0d, 0xfd, 0xff, 0xff, 0xff, 0xff, 0xff, 0xff, 0xff, 0x52, 0x00, 0x00, 0x00, 0x00, 0x00, 0x00,
  0x00, 0x00, 0x00, 0x00, 0x00, 0x00, 0x41, 0xff, 0xff, 0xff, 0xff, 0xd7, 0xfe, 0xff, 0xff, 0xc5,
  0x00, 0x00, 0x00, 0x00, 0x00, 0x00, 0x00, 0x00, 0x00, 0x00, 0x00, 0x00, 0x1f, 0x5e, 0x5e, 0x5e,
  0x51, 0x00, 0xa6, 0xff, 0xff, 0xed, 0x00, 0x00, 0x00, 0x00, 0x00, 0x00, 0x00, 0x00, 0x00, 0x00,
  0x00, 0x00, 0x00, 0x00, 0x33, 0x87, 0x45, 0x4d, 0xe3, 0xff, 0xff, 0xdc, 0x00, 0x00, 0x00, 0x00,
  0x00, 0x00, 0x00, 0x00, 0x00, 0x00, 0x00, 0x00, 0x00, 0x00, 0x99, 0xff, 0xff, 0xff, 0xff, 0xff,
  0xff, 0x8e, 0x00, 0x00, 0x00, 0x00, 0x00, 0x00, 0x00, 0x00, 0x00, 0x00, 0x00, 0x00, 0x00, 0x0a,
  0xf1, 0xff, 0xff, 0xff, 0xff, 0xff, 0xcd, 0x0f, 0x00, 0x00, 0x00, 0x00, 0x00, 0x00, 0x00, 0x00,
  0x00, 0x00, 0x00, 0x00, 0x00, 0x05, 0x57, 0xb1, 0xdb, 0xe2, 0xc5, 0x74, 0x08, 0x00, 0x00, 0x00,
  0x00, 0x00, 0x00, 0x00, 0x00, 0x00, 0x00, 0x6d, 0xa6, 0xa6, 0xa6, 0xa6, 0x95, 0x00, 0x00, 0x00,
  0x00, 0x00, 0x00, 0x00, 0x00, 0x00, 0x00, 0x00, 0x00, 0x00, 0x00, 0x00, 0x00, 0x2b, 0xfa, 0xff,
  0xff, 0xff, 0xff, 0x35, 0x00, 0x00, 0x00, 0x00, 0x00, 0x00, 0x00, 0x00, 0x00, 0x00, 0x00, 0x00,
  0x00, 0x00, 0x00, 0x00, 0x87, 0xff, 0xff, 0xff, 0xff, 0x97, 0x00, 0x00, 0x00, 0x00, 0x00, 0x00,
  0x00, 0x00, 0x00, 0x00, 0x00, 0x00, 0x00, 0x00, 0x00, 0x00, 0x0a, 0xdf, 0xff, 0xff, 0xff, 0xf0,
  0x09, 0x00, 0x00, 0x00, 0x00, 0x00, 0x00, 0x00, 0x00, 0x00, 0x00, 0x00, 0x00, 0x00, 0x00, 0x00,
  0x00, 0x4b, 0xff, 0xff, 0xff, 0xff, 0x5b, 0x00, 0x00, 0x00, 0x00, 0x00, 0x00, 0x00, 0x00, 0x00,
  0x00, 0x00, 0x00, 0x00, 0x00, 0x00, 0x00, 0x00, 0xad, 0xff, 0xff, 0xff, 0xbc, 0x00, 0x00, 0x00,
  0x00, 0x00, 0x00, 0x00, 0x00, 0x00, 0x00, 0x00, 0x00, 0x00, 0x00, 0x00, 0x00, 0x00, 0x05, 0x0f,
  0x0f, 0x0f, 0x0e, 0x00, 0x00, 0x00, 0x00, 0x00, 0x00, 0x00, 0x00, 0x00, 0x00, 0x00, 0x00, 0x00,
  0x00, 0x00, 0x00, 0x00, 0x00, 0x00, 0x00, 0x00, 0x00, 0x00, 0x00, 0x00, 0x00, 0x00, 0x00, 0x00,
  0x00, 0x00, 0x00, 0x00, 0x00, 0x00, 0x00, 0x00, 0x00, 0x00, 0x22, 0x4f, 0x64, 0x65, 0x53, 0x2b,
  0x01, 0x00, 0x00, 0x00, 0x00, 0x00, 0x00, 0x00, 0x00, 0x00, 0x00, 0x00, 0x00, 0x0c, 0x75, 0xd9,
  0xff, 0xff, 0xff, 0xff, 0xff, 0xff, 0xe7, 0x84, 0x0d, 0x00, 0x00, 0x00, 0x00, 0x00, 0x00, 0x00,
  0x00, 0x00, 0x44, 0xe2, 0xff, 0xff, 0xff, 0xff, 0xff, 0xff, 0xff, 0xff, 0xff, 0xff, 0xe6, 0x4b,
  0x00, 0x00, 0x00, 0x00, 0x00, 0x00, 0x00, 0x61, 0xfc, 0xff, 0xff, 0xff, 0xff, 0xff, 0xff, 0xff,
  0xff, 0xff, 0xff, 0xff, 0xff, 0xfb, 0x5c, 0x00, 0x00, 0x00, 0x00, 0x00, 0x48, 0xfc, 0xff, 0xff,
  0xff, 0xff, 0xff, 0xff, 0xff, 0xff, 0xff, 0xff, 0xff, 0xff, 0xff, 0xff, 0xfb, 0x35, 0x00, 0x00,
  0x00, 0x11, 0xe8, 0xff, 0xff, 0xff, 0xff, 0xff, 0xe1, 0x8b, 0x65, 0x67, 0x8e, 0xe1, 0xff, 0xff,
  0xff, 0xff, 0xff, 0xd7, 0x03, 0x00, 0x00, 0x83, 0xff, 0xff, 0xff, 0xff, 0xff, 0x93, 0x06, 0x00,
  0x00, 0x00, 0x00, 0x06, 0x8a, 0xff, 0xff, 0xff, 0xff, 0xff, 0x56, 0x00, 0x02, 0xe7, 0xff, 0xff,
  0xff, 0xff, 0xa8, 0x00, 0x00, 0x00, 0x00, 0x00, 0x00, 0x00, 0x00, 0xa8, 0xff, 0xff, 0xff, 0xff,
  0xb8, 0x00, 0x34, 0xff, 0xff, 0xff, 0xff, 0xff, 0x5c, 0x3a, 0x3a, 0x3a, 0x3a, 0x3a, 0x3a, 0x3a,
  0x3a, 0x6d, 0xff, 0xff, 0xff, 0xff, 0xf5, 0x06, 0x63, 0xff, 0xff, 0xff, 0xff, 0xff, 0xff, 0xff,
  0xff, 0xff, 0xff, 0xff, 0xff, 0xff, 0xff, 0xff, 0xff, 0xff, 0xff, 0xff, 0xff, 0x22, 0x7a, 0xff,
  0xff, 0xff, 0xff, 0xff, 0xff, 0xff, 0xff, 0xff, 0xff, 0xff, 0xff, 0xff, 0xff, 0xff, 0xff, 0xff,
  0xff, 0xff, 0xff, 0x37, 0x83, 0xff, 0xff, 0xff, 0xff, 0xff, 0xff, 0xff, 0xff, 0xff, 0xff, 0xff,
  0xff, 0xff, 0xff, 0xff, 0xff, 0xff, 0xff, 0xff, 0xff, 0x39, 0x78, 0xff, 0xff, 0xff, 0xff, 0xff,
  0xff, 0xff, 0xff, 0xff, 0xff, 0xff, 0xff, 0xff, 0xff, 0xff, 0xff, 0xff, 0xff, 0xff, 0xff, 0x39,
  0x62, 0xff, 0xff, 0xff, 0xff, 0xfc, 0x4f, 0x4e, 0x4e, 0x4e, 0x4e, 0x4e, 0x4e, 0x4e, 0x4e, 0x4e,
  0x4e, 0x4e, 0x4e, 0x4e, 0x4e, 0x11, 0x38, 0xff, 0xff, 0xff, 0xff, 0xff, 0x30, 0x00, 0x00, 0x00,
  0x00, 0x00, 0x00, 0x00, 0x00, 0x00, 0x00, 0x00, 0x00, 0x00, 0x00, 0x00, 0x05, 0xf0, 0xff, 0xff,
  0xff, 0xff, 0xb5, 0x02, 0x00, 0x00, 0x00, 0x00, 0x00, 0x00, 0x00, 0x8a, 0x41, 0x00, 0x00, 0x00,
  0x00, 0x00, 0x00, 0x9c, 0xff, 0xff, 0xff, 0xff, 0xff, 0xab, 0x12, 0x00, 0x00, 0x00, 0x00, 0x05,
  0x92, 0xff, 0xff, 0xb3, 0x29, 0x00, 0x00, 0x00, 0x00, 0x28, 0xfa, 0xff, 0xff, 0xff, 0xff, 0xff,
  0xf3, 0xa7, 0x7d, 0x7a, 0x99, 0xe3, 0xff, 0xff, 0xff, 0xff, 0xfb, 0x94, 0x00, 0x00, 0x00, 0x00,
  0x82, 0xff, 0xff, 0xff, 0xff, 0xff, 0xff, 0xff, 0xff, 0xff, 0xff, 0xff, 0xff, 0xff, 0xff, 0xff,
  0xff, 0x98, 0x00, 0x00, 0x00, 0x00, 0x02, 0xac, 0xff, 0xff, 0xff, 0xff, 0xff, 0xff, 0xff, 0xff,
  0xff, 0xff, 0xff, 0xff, 0xff, 0xff, 0xcd, 0x0a, 0x00, 0x00, 0x00, 0x00, 0x00, 0x03, 0x8e, 0xfe,
  0xff, 0xff, 0xff, 0xff, 0xff, 0xff, 0xff, 0xff, 0xff, 0xff, 0xff, 0xba, 0x10, 0x00, 0x00, 0x00,
  0x00, 0x00, 0x00, 0x00, 0x00, 0x37, 0xb3, 0xfc, 0xff, 0xff, 0xff, 0xff, 0xff, 0xff, 0xff, 0xd8,
  0x5a, 0x01, 0x00, 0x00, 0x00, 0x00, 0x00, 0x00, 0x00, 0x00, 0x00, 0x00, 0x00, 0x13, 0x52, 0x7c,
  0x8e, 0x92, 0x85, 0x65, 0x2f, 0x00, 0x00, 0x00, 0x00, 0x00, 0x00, 0x00, 0x00, 0x00, 0x00, 0x00,
  0x00, 0x00, 0x00, 0x00, 0x00, 0x00, 0x34, 0xa6, 0xa6, 0xa6, 0xa6, 0xa6, 0x27, 0x00, 0x00, 0x00,
  0x00, 0x00, 0x00, 0x00, 0x00, 0x00, 0x00, 0x00, 0x00, 0x00, 0x00, 0x00, 0xa1, 0xff, 0xff, 0xff,
  0xff, 0xb9, 0x00, 0x00, 0x00, 0x00, 0x00, 0x00, 0x00, 0x00, 0x00, 0x00, 0x00, 0x00, 0x00, 0x00,
  0x00, 0x0d, 0xf5, 0xff, 0xff, 0xff, 0xf7, 0x24, 0x00, 0x00, 0x00, 0x00, 0x00, 0x00, 0x00, 0x00,
  0x00, 0x00, 0x00, 0x00, 0x00, 0x00, 0x00, 0x65, 0xff, 0xff, 0xff, 0xff, 0x7d, 0x00, 0x00, 0x00,
  0x00, 0x00, 0x00, 0x00, 0x00, 0x00, 0x00, 0x00, 0x00, 0x00, 0x00, 0x00, 0x00, 0xc7, 0xff, 0xff,
  0xff, 0xd8, 0x06, 0x00, 0x00, 0x00, 0x00, 0x00, 0x00, 0x00, 0x00, 0x00, 0x00, 0x00, 0x00, 0x00,
  0x00, 0x00, 0x29, 0xff, 0xff, 0xff, 0xff, 0x42, 0x00, 0x00, 0x00, 0x00, 0x00, 0x00, 0x00, 0x00,
  0x00, 0x00, 0x00, 0x00, 0x00, 0x00, 0x00, 0x00, 0x05, 0x0f, 0x0f, 0x0f, 0x0e, 0x00, 0x00, 0x00,
  0x00, 0x00, 0x00, 0x00, 0x00, 0x00, 0x00, 0x00, 0x00, 0x00, 0x00, 0x00, 0x00, 0x00, 0x00, 0x00,
  0x00, 0x00, 0x00, 0x00, 0x00, 0x00, 0x00, 0x00, 0x00, 0x00, 0x00, 0x00, 0x00, 0x00, 0x00, 0x00,
  0x00, 0x00, 0x00, 0x00, 0x22, 0x4f, 0x64, 0x65, 0x53, 0x2b, 0x01, 0x00, 0x00, 0x00, 0x00, 0x00,
  0x00, 0x00, 0x00, 0x00, 0x00, 0x00, 0x00, 0x0c, 0x75, 0xd9, 0xff, 0xff, 0xff, 0xff, 0xff, 0xff,
  0xe7, 0x84, 0x0d, 0x00, 0x00, 0x00, 0x00, 0x00, 0x00, 0x00, 0x00, 0x00, 0x44, 0xe2, 0xff, 0xff,
  0xff, 0xff, 0xff, 0xff, 0xff, 0xff, 0xff, 0xff, 0xe6, 0x4b, 0x00, 0x00, 0x00, 0x00, 0x00, 0x00,
  0x00, 0x61, 0xfc, 0xff, 0xff, 0xff, 0xff, 0xff, 0xff, 0xff, 0xff, 0xff, 0xff, 0xff, 0xff, 0xfb,
  0x5c, 0x00, 0x00, 0x00, 0x00, 0x00, 0x48, 0xfc, 0xff, 0xff, 0xff, 0xff, 0xff, 0xff, 0xff, 0xff,
  0xff, 0xff, 0xff, 0xff, 0xff, 0xff, 0xfb, 0x35, 0x00, 0x00, 0x00, 0x11, 0xe8, 0xff, 0xff, 0xff,
  0xff, 0xff, 0xe1, 0x8b, 0x65, 0x67, 0x8e, 0xe1, 0xff, 0xff, 0xff, 0xff, 0xff, 0xd7, 0x03, 0x00,
  0x00, 0x83, 0xff, 0xff, 0xff, 0xff, 0xff, 0x93, 0x06, 0x00, 0x00, 0x00, 0x00, 0x06, 0x8a, 0xff,
  0xff, 0xff, 0xff, 0xff, 0x56, 0x00, 0x02, 0xe7, 0xff, 0xff, 0xff, 0xff, 0xa8, 0x00, 0x00, 0x00,
  0x00, 0x00, 0x00, 0x00, 0x00, 0xa8, 0xff, 0xff, 0xff, 0xff, 0xb8, 0x00, 0x34, 0xff, 0xff, 0xff,
  0xff, 0xff, 0x5c, 0x3a, 0x3a, 0x3a, 0x3a, 0x3a, 0x3a, 0x3a, 0x3a, 0x6d, 0xff, 0xff, 0xff, 0xff,
  0xf5, 0x06, 0x63, 0xff, 0xff, 0xff, 0xff, 0xff, 0xff, 0xff, 0xff, 0xff, 0xff, 0xff, 0xff, 0xff,
  0xff, 0xff, 0xff, 0xff, 0xff, 0xff, 0xff, 0x22, 0x7a, 0xff, 0xff, 0xff, 0xff, 0xff, 0xff, 0xff,
  0xff, 0xff, 0xff, 0xff, 0xff, 0xff, 0xff, 0xff, 0xff, 0xff, 0xff, 0xff, 0xff, 0x37, 0x83, 0xff,
  0xff, 0xff, 0xff, 0xff, 0xff, 0xff, 0xff, 0xff, 0xff, 0xff, 0xff, 0xff, 0xff, 0xff, 0xff, 0xff,
  0xff, 0xff, 0xff, 0x39, 0x78, 0xff, 0xff, 0xff, 0xff, 0xff, 0xff, 0xff, 0xff, 0xff, 0xff, 0xff,
  0xff, 0xff, 0xff, 0xff, 0xff, 0xff, 0xff, 0xff, 0xff, 0x39, 0x62, 0xff, 0xff, 0xff, 0xff, 0xfc,
  0x4f, 0x4e, 0x4e, 0x4e, 0x4e, 0x4e, 0x4e, 0x4e, 0x4e, 0x4e, 0x4e, 0x4e, 0x4e, 0x4e, 0x4e, 0x11,
  0x38, 0xff, 0xff, 0xff, 0xff, 0xff, 0x30, 0x00, 0x00, 0x00, 0x00, 0x00, 0x00, 0x00, 0x00, 0x00,
  0x00, 0x00, 0x00, 0x00, 0x00, 0x00, 0x05, 0xf0, 0xff, 0xff, 0xff, 0xff, 0xb5, 0x02, 0x00, 0x00,
  0x00, 0x00, 0x00, 0x00, 0x00, 0x8a, 0x41, 0x00, 0x00, 0x00, 0x00, 0x00, 0x00, 0x9c, 0xff, 0xff,
  0xff, 0xff, 0xff, 0xab, 0x12, 0x00, 0x00, 0x00, 0x00, 0x05, 0x92, 0xff, 0xff, 0xb3, 0x29, 0x00,
  0x00, 0x00, 0x00, 0x28, 0xfa, 0xff, 0xff, 0xff, 0xff, 0xff, 0xf3, 0xa7, 0x7d, 0x7a, 0x99, 0xe3,
  0xff, 0xff, 0xff, 0xff, 0xfb, 0x94, 0x00, 0x00, 0x00, 0x00, 0x82, 0xff, 0xff, 0xff, 0xff, 0xff,
  0xff, 0xff, 0xff, 0xff, 0xff, 0xff, 0xff, 0xff, 0xff, 0xff, 0xff, 0x98, 0x00, 0x00, 0x00, 0x00,
  0x02, 0xac, 0xff, 0xff, 0xff, 0xff, 0xff, 0xff, 0xff, 0xff, 0xff, 0xff, 0xff, 0xff, 0xff, 0xff,
  0xcd, 0x0a, 0x00, 0x00, 0x00, 0x00, 0x00, 0x03, 0x8e, 0xfe, 0xff, 0xff, 0xff, 0xff, 0xff, 0xff,
  0xff, 0xff, 0xff, 0xff, 0xff, 0xba, 0x10, 0x00, 0x00, 0x00, 0x00, 0x00, 0x00, 0x00, 0x00, 0x37,
  0xb3, 0xfc, 0xff, 0xff, 0xff, 0xff, 0xff, 0xff, 0xff, 0xd8, 0x5a, 0x01, 0x00, 0x00, 0x00, 0x00,
  0x00, 0x00, 0x00, 0x00, 0x00, 0x00, 0x00, 0x13, 0x52, 0x7c, 0x8e, 0x92, 0x85, 0x65, 0x2f, 0x00,
  0x00, 0x00, 0x00, 0x00, 0x00, 0x00, 0x00, 0x00, 0x00, 0x00, 0x00, 0x00, 0x05, 0x9b, 0xa6, 0xa6,
  0xa6, 0xa6, 0xa6, 0xa6, 0x6f, 0x00, 0x00, 0x00, 0x00, 0x00, 0x00, 0x00, 0x00, 0x00, 0x00, 0x00,
  0x00, 0x00, 0x79, 0xff, 0xff, 0xff, 0xff, 0xff, 0xff, 0xff, 0xfc, 0x30, 0x00, 0x00, 0x00, 0x00,
  0x00, 0x00, 0x00, 0x00, 0x00, 0x00, 0x00, 0x20, 0xf6, 0xff, 0xff, 0xff, 0xa5, 0xd5, 0xff, 0xff,
  0xff, 0xc8, 0x02, 0x00, 0x00, 0x00, 0x00, 0x00, 0x00, 0x00, 0x00, 0x00, 0x00, 0xb4, 0xff, 0xff,
  0xff, 0xf5, 0x15, 0x57, 0xff, 0xff, 0xff, 0xff, 0x69, 0x00, 0x00, 0x00, 0x00, 0x00, 0x00, 0x00,
  0x00, 0x00, 0x53, 0xff, 0xff, 0xff, 0xff, 0x8e, 0x00, 0x02, 0xd7, 0xff, 0xff, 0xff, 0xef, 0x17,
  0x00, 0x00, 0x00, 0x00, 0x00, 0x00, 0x00, 0x0d, 0xe4, 0xff, 0xff, 0xff, 0xf7, 0x19, 0x00, 0x00,
  0x5d, 0xff, 0xff, 0xff, 0xff, 0xa5, 0x00, 0x00, 0x00, 0x00, 0x00, 0x00, 0x00, 0x04, 0x0f, 0x0f,
  0x0f, 0x0f, 0x0c, 0x00, 0x00, 0x00, 0x01, 0x0f, 0x0f, 0x0f, 0x0f, 0x0e, 0x00, 0x00, 0x00, 0x00,
  0x00, 0x00, 0x00, 0x00, 0x00, 0x00, 0x00, 0x00, 0x00, 0x00, 0x00, 0x00, 0x00, 0x00, 0x00, 0x00,
  0x00, 0x00, 0x00, 0x00, 0x00, 0x00, 0x00, 0x00, 0x00, 0x00, 0x00, 0x00, 0x00, 0x00, 0x22, 0x4f,
  0x64, 0x65, 0x53, 0x2b, 0x01, 0x00, 0x00, 0x00, 0x00, 0x00, 0x00, 0x00, 0x00, 0x00, 0x00, 0x00,
  0x00, 0x0c, 0x75, 0xd9, 0xff, 0xff, 0xff, 0xff, 0xff, 0xff, 0xe7, 0x84, 0x0d, 0x00, 0x00, 0x00,
  0x00, 0x00, 0x00, 0x00, 0x00, 0x00, 0x44, 0xe2, 0xff, 0xff, 0xff, 0xff, 0xff, 0xff, 0xff, 0xff,
  0xff, 0xff, 0xe6, 0x4b, 0x00, 0x00, 0x00, 0x00, 0x00, 0x00, 0x00, 0x61, 0xfc, 0xff, 0xff, 0xff,
  0xff, 0xff, 0xff, 0xff, 0xff, 0xff, 0xff, 0xff, 0xff, 0xfb, 0x5c, 0x00, 0x00, 0x00, 0x00, 0x00,
  0x48, 0xfc, 0xff, 0xff, 0xff, 0xff, 0xff, 0xff, 0xff, 0xff, 0xff, 0xff, 0xff, 0xff, 0xff, 0xff,
  0xfb, 0x35, 0x00, 0x00, 0x00, 0x11, 0xe8, 0xff, 0xff, 0xff, 0xff, 0xff, 0xe1, 0x8b, 0x65, 0x67,
  0x8e, 0xe1, 0xff, 0xff, 0xff, 0xff, 0xff, 0xd7, 0x03, 0x00, 0x00, 0x83, 0xff, 0xff, 0xff, 0xff,
  0xff, 0x93, 0x06, 0x00, 0x00, 0x00, 0x00, 0x06, 0x8a, 0xff, 0xff, 0xff, 0xff, 0xff, 0x56, 0x00,
  0x02, 0xe7, 0xff, 0xff, 0xff, 0xff, 0xa8, 0x00, 0x00, 0x00, 0x00, 0x00, 0x00, 0x00, 0x00, 0xa8,
  0xff, 0xff, 0xff, 0xff, 0xb8, 0x00, 0x34, 0xff, 0xff, 0xff, 0xff, 0xff, 0x5c, 0x3a, 0x3a, 0x3a,
  0x3a, 0x3a, 0x3a, 0x3a, 0x3a, 0x6d, 0xff, 0xff, 0xff, 0xff, 0xf5, 0x06, 0x63, 0xff, 0xff, 0xff,
  0xff, 0xff, 0xff, 0xff, 0xff, 0xff, 0xff, 0xff, 0xff, 0xff, 0xff, 0xff, 0xff, 0xff, 0xff, 0xff,
  0xff, 0x22, 0x7a, 0xff, 0xff, 0xff, 0xff, 0xff, 0xff, 0xff, 0xff, 0xff, 0xff, 0xff, 0xff, 0xff,
  0xff, 0xff, 0xff, 0xff, 0xff, 0xff, 0xff, 0x37, 0x83, 0xff, 0xff, 0xff, 0xff, 0xff, 0xff, 0xff,
  0xff, 0xff, 0xff, 0xff, 0xff, 0xff, 0xff, 0xff, 0xff, 0xff, 0xff, 0xff, 0xff, 0x39, 0x78, 0xff,
  0xff, 0xff, 0xff, 0xff, 0xff, 0xff, 0xff, 0xff, 0xff, 0xff, 0xff, 0xff, 0xff, 0xff, 0xff, 0xff,
  0xff, 0xff, 0xff, 0x39, 0x62, 0xff, 0xff, 0xff, 0xff, 0xfc, 0x4f, 0x4e, 0x4e, 0x4e, 0x4e, 0x4e,
  0x4e, 0x4e, 0x4e, 0x4e, 0x4e, 0x4e, 0x4e, 0x4e, 0x4e, 0x11, 0x38, 0xff, 0xff, 0xff, 0xff, 0xff,
  0x30, 0x00, 0x00, 0x00, 0x00, 0x00, 0x00, 0x00, 0x00, 0x00, 0x00, 0x00, 0x00, 0x00, 0x00, 0x00,
  0x05, 0xf0, 0xff, 0xff, 0xff, 0xff, 0xb5, 0x02, 0x00, 0x00, 0x00, 0x00, 0x00, 0x00, 0x00, 0x8a,
  0x41, 0x00, 0x00, 0x00, 0x00, 0x00, 0x00, 0x9c, 0xff, 0xff, 0xff, 0xff, 0xff, 0xab, 0x12, 0x00,
  0x00, 0x00, 0x00, 0x05, 0x92, 0xff, 0xff, 0xb3, 0x29, 0x00, 0x00, 0x00, 0x00, 0x28, 0xfa, 0xff,
  0xff, 0xff, 0xff, 0xff, 0xf3, 0xa7, 0x7d, 0x7a, 0x99, 0xe3, 0xff, 0xff, 0xff, 0xff, 0xfb, 0x94,
  0x00, 0x00, 0x00, 0x00, 0x82, 0xff, 0xff, 0xff, 0xff, 0xff, 0xff, 0xff, 0xff, 0xff, 0xff, 0xff,
  0xff, 0xff, 0xff, 0xff, 0xff, 0x98, 0x00, 0x00, 0x00, 0x00, 0x02, 0xac, 0xff, 0xff, 0xff, 0xff,
  0xff, 0xff, 0xff, 0xff, 0xff, 0xff, 0xff, 0xff, 0xff, 0xff, 0xcd, 0x0a, 0x00, 0x00, 0x00, 0x00,
  0x00, 0x03, 0x8e, 0xfe, 0xff, 0xff, 0xff, 0xff, 0xff, 0xff, 0xff, 0xff, 0xff, 0xff, 0xff, 0xba,
  0x10, 0x00, 0x00, 0x00, 0x00, 0x00, 0x00, 0x00, 0x00, 0x37, 0xb3, 0xfc, 0xff, 0xff, 0xff, 0xff,
  0xff, 0xff, 0xff, 0xd8, 0x5a, 0x01, 0x00, 0x00, 0x00, 0x00, 0x00, 0x00, 0x00, 0x00, 0x00, 0x00,
  0x00, 0x13, 0x52, 0x7c, 0x8e, 0x92, 0x85, 0x65, 0x2f, 0x00, 0x00, 0x00, 0x00, 0x00, 0x00, 0x00,
  0x00, 0x00, 0x00, 0x0d, 0x73, 0xaa, 0xa1, 0x54, 0x01, 0x00, 0x00, 0x00, 0x00, 0x0d, 0x73, 0xaa,
  0xa1, 0x54, 0x01, 0x00, 0x00, 0x00, 0x00, 0x00, 0x1a, 0xdb, 0xff, 0xff, 0xff, 0xff, 0xa8, 0x02,
  0x00, 0x00, 0x1b, 0xdb, 0xff, 0xff, 0xff, 0xff, 0xa7, 0x02, 0x00, 0x00, 0x00, 0x00, 0xb4, 0xff,
  0xff, 0xff, 0xff, 0xff, 0xff, 0x69, 0x00, 0x00, 0xb5, 0xff, 0xff, 0xff, 0xff, 0xff, 0xff, 0x68,
  0x00, 0x00, 0x00, 0x0d, 0xfd, 0xff, 0xff, 0xff, 0xff, 0xff, 0xff, 0xbf, 0x00, 0x0d, 0xfd, 0xff,
  0xff, 0xff, 0xff, 0xff, 0xff, 0xbe, 0x00, 0x00, 0x00, 0x1c, 0xff, 0xff, 0xff, 0xff, 0xff, 0xff,
  0xff, 0xd1, 0x00, 0x1d, 0xff, 0xff, 0xff, 0xff, 0xff, 0xff, 0xff, 0xd0, 0x00, 0x00, 0x00, 0x03,
  0xec, 0xff, 0xff, 0xff, 0xff, 0xff, 0xff, 0xa5, 0x00, 0x03, 0xed, 0xff, 0xff, 0xff, 0xff, 0xff,
  0xff, 0xa4, 0x00, 0x00, 0x00, 0x00, 0x72, 0xff, 0xff, 0xff, 0xff, 0xff, 0xf8, 0x2f, 0x00, 0x00,
  0x73, 0xff, 0xff, 0xff, 0xff, 0xff, 0xf7, 0x2e, 0x00, 0x00, 0x00, 0x00, 0x00, 0x7b, 0xf7, 0xff,
  0xff, 0xe3, 0x45, 0x00, 0x00, 0x00, 0x00, 0x7c, 0xf7, 0xff, 0xff, 0xe3, 0x44, 0x00, 0x00, 0x00,
  0x00, 0x00, 0x00, 0x00, 0x0f, 0x3e, 0x34, 0x04, 0x00, 0x00, 0x00, 0x00, 0x00, 0x00, 0x0f, 0x3e,
  0x34, 0x04, 0x00, 0x00, 0x00, 0x00, 0x00, 0x00, 0x00, 0x00, 0x00, 0x00, 0x00, 0x00, 0x22, 0x4f,
  0x64, 0x65, 0x53, 0x2b, 0x01, 0x00, 0x00, 0x00, 0x00, 0x00, 0x00, 0x00, 0x00, 0x00, 0x00, 0x00,
  0x00, 0x0c, 0x75, 0xd9, 0xff, 0xff, 0xff, 0xff, 0xff, 0xff, 0xe7, 0x84, 0x0d, 0x00, 0x00, 0x00,
  0x00, 0x00, 0x00, 0x00, 0x00, 0x00, 0x44, 0xe2, 0xff, 0xff, 0xff, 0xff, 0xff, 0xff, 0xff, 0xff,
  0xff, 0xff, 0xe6, 0x4b, 0x00, 0x00, 0x00, 0x00, 0x00, 0x00, 0x00, 0x61, 0xfc, 0xff, 0xff, 0xff,
  0xff, 0xff, 0xff, 0xff, 0xff, 0xff, 0xff, 0xff, 0xff, 0xfb, 0x5c, 0x00, 0x00, 0x00, 0x00, 0x00,
  0x48, 0xfc, 0xff, 0xff, 0xff, 0xff, 0xff, 0xff, 0xff, 0xff, 0xff, 0xff, 0xff, 0xff, 0xff, 0xff,
  0xfb, 0x35, 0x00, 0x00, 0x00, 0x11, 0xe8, 0xff, 0xff, 0xff, 0xff, 0xff, 0xe1, 0x8b, 0x65, 0x67,
  0x8e, 0xe1, 0xff, 0xff, 0xff, 0xff, 0xff, 0xd7, 0x03, 0x00, 0x00, 0x83, 0xff, 0xff, 0xff, 0xff,
  0xff, 0x93, 0x06, 0x00, 0x00, 0x00, 0x00, 0x06, 0x8a, 0xff, 0xff, 0xff, 0xff, 0xff, 0x56, 0x00,
  0x02, 0xe7, 0xff, 0xff, 0xff, 0xff, 0xa8, 0x00, 0x00, 0x00, 0x00, 0x00, 0x00, 0x00, 0x00, 0xa8,
  0xff, 0xff, 0xff, 0xff, 0xb8, 0x00, 0x34, 0xff, 0xff, 0xff, 0xff, 0xff, 0x5c, 0x3a, 0x3a, 0x3a,
  0x3a, 0x3a, 0x3a, 0x3a, 0x3a, 0x6d, 0xff, 0xff, 0xff, 0xff, 0xf5, 0x06, 0x63, 0xff, 0xff, 0xff,
  0xff, 0xff, 0xff, 0xff, 0xff, 0xff, 0xff, 0xff, 0xff, 0xff, 0xff, 0xff, 0xff, 0xff, 0xff, 0xff,
  0xff, 0x22, 0x7a, 0xff, 0xff, 0xff, 0xff, 0xff, 0xff, 0xff, 0xff, 0xff, 0xff, 0xff, 0xff, 0xff,
  0xff, 0xff, 0xff, 0xff, 0xff, 0xff, 0xff, 0x37, 0x83, 0xff, 0xff, 0xff, 0xff, 0xff, 0xff, 0xff,
  0xff, 0xff, 0xff, 0xff, 0xff, 0xff, 0xff, 0xff, 0xff, 0xff, 0xff, 0xff, 0xff, 0x39, 0x78, 0xff,
  0xff, 0xff, 0xff, 0xff, 0xff, 0xff, 0xff, 0xff, 0xff, 0xff, 0xff, 0xff, 0xff, 0xff, 0xff, 0xff,
  0xff, 0xff, 0xff, 0x39, 0x62, 0xff, 0xff, 0xff, 0xff, 0xfc, 0x4f, 0x4e, 0x4e, 0x4e, 0x4e, 0x4e,
  0x4e, 0x4e, 0x4e, 0x4e, 0x4e, 0x4e, 0x4e, 0x4e, 0x4e, 0x11, 0x38, 0xff, 0xff, 0xff, 0xff, 0xff,
  0x30, 0x00, 0x00, 0x00, 0x00, 0x00, 0x00, 0x00, 0x00, 0x00, 0x00, 0x00, 0x00, 0x00, 0x00, 0x00,
  0x05, 0xf0, 0xff, 0xff, 0xff, 0xff, 0xb5, 0x02, 0x00, 0x00, 0x00, 0x00, 0x00, 0x00, 0x00, 0x8a,
  0x41, 0x00, 0x00, 0x00, 0x00, 0x00, 0x00, 0x9c, 0xff, 0xff, 0xff, 0xff, 0xff, 0xab, 0x12, 0x00,
  0x00, 0x00, 0x00, 0x05, 0x92, 0xff, 0xff, 0xb3, 0x29, 0x00, 0x00, 0x00, 0x00, 0x28, 0xfa, 0xff,
  0xff, 0xff, 0xff, 0xff, 0xf3, 0xa7, 0x7d, 0x7a, 0x99, 0xe3, 0xff, 0xff, 0xff, 0xff, 0xfb, 0x94,
  0x00, 0x00, 0x00, 0x00, 0x82, 0xff, 0xff, 0xff, 0xff, 0xff, 0xff, 0xff, 0xff, 0xff, 0xff, 0xff,
  0xff, 0xff, 0xff, 0xff, 0xff, 0x98, 0x00, 0x00, 0x00, 0x00, 0x02, 0xac, 0xff, 0xff, 0xff, 0xff,
  0xff, 0xff, 0xff, 0xff, 0xff, 0xff, 0xff, 0xff, 0xff, 0xff, 0xcd, 0x0a, 0x00, 0x00, 0x00, 0x00,
  0x00, 0x03, 0x8e, 0xfe, 0xff, 0xff, 0xff, 0xff, 0xff, 0xff, 0xff, 0xff, 0xff, 0xff, 0xff, 0xba,
  0x10, 0x00, 0x00, 0x00, 0x00, 0x00, 0x00, 0x00, 0x00, 0x37, 0xb3, 0xfc, 0xff, 0xff, 0xff, 0xff,
  0xff, 0xff, 0xff, 0xd8, 0x5a, 0x01, 0x00, 0x00, 0x00, 0x00, 0x00, 0x00, 0x00, 0x00, 0x00, 0x00,
  0x00, 0x13, 0x52, 0x7c, 0x8e, 0x92, 0x85, 0x65, 0x2f, 0x00, 0x00, 0x00, 0x00, 0x00, 0x00, 0x00,
  0x00, 0x00, 0x00, 0x10, 0xa3, 0xa6, 0xa6, 0xa6, 0xa6, 0x4e, 0x00, 0x00, 0x00, 0x00, 0x00, 0x00,
  0x00, 0x00, 0x00, 0x00, 0x00, 0x00, 0x00, 0x00, 0x91, 0xff, 0xff, 0xff, 0xff, 0xc9, 0x00, 0x00,
  0x00, 0x00, 0x00, 0x00, 0x00, 0x00, 0x00, 0x00, 0x00, 0x00, 0x00, 0x00, 0x0d, 0xe5, 0xff, 0xff,
  0xff, 0xff, 0x2b, 0x00, 0x00, 0x00, 0x00, 0x00, 0x00, 0x00, 0x00, 0x00, 0x00, 0x00, 0x00, 0x00,
  0x00, 0x55, 0xff, 0xff, 0xff, 0xff, 0x8d, 0x00, 0x00, 0x00, 0x00, 0x00, 0x00, 0x00, 0x00, 0x00,
  0x00, 0x00, 0x00, 0x00, 0x00, 0x00, 0xb7, 0xff, 0xff, 0xff, 0xea, 0x05, 0x00, 0x00, 0x00, 0x00,
  0x00, 0x00, 0x00, 0x00, 0x00, 0x00, 0x00, 0x00, 0x00, 0x00, 0x22, 0xf6, 0xff, 0xff, 0xff, 0x51,
  0x00, 0x00, 0x00, 0x00, 0x00, 0x00, 0x00, 0x00, 0x00, 0x00, 0x00, 0x00, 0x00, 0x00, 0x00, 0x0b,
  0x0f, 0x0f, 0x0f, 0x08, 0x00, 0x00, 0x00, 0x00, 0x00, 0x00, 0x00, 0x00, 0x00, 0x00, 0x00, 0x00,
  0x00, 0x00, 0x00, 0x00, 0x00, 0x00, 0x00, 0x00, 0x00, 0x00, 0x00, 0x00, 0x00, 0x00, 0x00, 0x00,
  0x00, 0x00, 0x00, 0x00, 0x00, 0x00, 0x00, 0x00, 0x00, 0x00, 0x00, 0x00, 0x00, 0x00, 0x00, 0x00,
  0x00, 0x00, 0x00, 0x00, 0x00, 0xb3, 0xd5, 0xd5, 0xd5, 0xd5, 0xd5, 0xd5, 0xd5, 0xd5, 0xd5, 0xd5,
  0xd5, 0x00, 0x00, 0x00, 0x00, 0x00, 0x00, 0x00, 0x00, 0xd7, 0xff, 0xff, 0xff, 0xff, 0xff, 0xff,
  0xff, 0xff, 0xff, 0xff, 0xff, 0x00, 0x00, 0x00, 0x00, 0x00, 0x00, 0x00, 0x00, 0xd7, 0xff, 0xff,
  0xff, 0xff, 0xff, 0xff, 0xff, 0xff, 0xff, 0xff, 0xff, 0x00, 0x00, 0x00, 0x00, 0x00, 0x00, 0x00,
  0x00, 0xd7, 0xff, 0xff, 0xff, 0xff, 0xff, 0xff, 0xff, 0xff, 0xff, 0xff, 0xff, 0x00, 0x00, 0x00,
  0x00, 0x00, 0x00, 0x00, 0x00, 0xd7, 0xff, 0xff, 0xff, 0xff, 0xff, 0xff, 0xff, 0xff, 0xff, 0xff,
  0xff, 0x00, 0x00, 0x00, 0x00, 0x00, 0x00, 0x00, 0x00, 0x2c, 0x35, 0x35, 0x35, 0x35, 0x35, 0x70,
  0xff, 0xff, 0xff, 0xff, 0xff, 0x00, 0x00, 0x00, 0x00, 0x00, 0x00, 0x00, 0x00, 0x00, 0x00, 0x00,
  0x00, 0x00, 0x00, 0x4a, 0xff, 0xff, 0xff, 0xff, 0xff, 0x00, 0x00, 0x00, 0x00, 0x00, 0x00, 0x00,
  0x00, 0x00, 0x00, 0x00, 0x00, 0x00, 0x00, 0x4a, 0xff, 0xff, 0xff, 0xff, 0xff, 0x00, 0x00, 0x00,
  0x00, 0x00, 0x00, 0x00, 0x00, 0x00, 0x00, 0x00, 0x00, 0x00, 0x00, 0x4a, 0xff, 0xff, 0xff, 0xff,
  0xff, 0x00, 0x00, 0x00, 0x00, 0x00, 0x00, 0x00, 0x00, 0x00, 0x00, 0x00, 0x00, 0x00, 0x00, 0x4a,
  0xff, 0xff, 0xff, 0xff, 0xff, 0x00, 0x00, 0x00, 0x00, 0x00, 0x00, 0x00, 0x00, 0x00, 0x00, 0x00,
  0x00, 0x00, 0x00, 0x4a, 0xff, 0xff, 0xff, 0xff, 0xff, 0x00, 0x00, 0x00, 0x00, 0x00, 0x00, 0x00,
  0x00, 0x00, 0x00, 0x00, 0x00, 0x00, 0x00, 0x4a, 0xff, 0xff, 0xff, 0xff, 0xff, 0x00, 0x00, 0x00,
  0x00, 0x00, 0x00, 0x00, 0x00, 0x00, 0x00, 0x00, 0x00, 0x00, 0x00, 0x4a, 0xff, 0xff, 0xff, 0xff,
  0xff, 0x00, 0x00, 0x00, 0x00, 0x00, 0x00, 0x00, 0x00, 0x00, 0x00, 0x00, 0x00, 0x00, 0x00, 0x4a,
  0xff, 0xff, 0xff, 0xff, 0xff, 0x00, 0x00, 0x00, 0x00, 0x00, 0x00, 0x00, 0x00, 0x00, 0x00, 0x00,
  0x00, 0x00, 0x00, 0x4a, 0xff, 0xff, 0xff, 0xff, 0xff, 0x00, 0x00, 0x00, 0x00, 0x00, 0x00, 0x00,
  0x03, 0x0a, 0x0a, 0x0a, 0x0a, 0x0a, 0x0a, 0x51, 0xff, 0xff, 0xff, 0xff, 0xff, 0x0a, 0x0a, 0x0a,
  0x0a, 0x0a, 0x0a, 0x00, 0x58, 0xff, 0xff, 0xff, 0xff, 0xff, 0xff, 0xff, 0xff, 0xff, 0xff, 0xff,
  0xff, 0xff, 0xff, 0xff, 0xff, 0xff, 0xff, 0x0c, 0x58, 0xff, 0xff, 0xff, 0xff, 0xff, 0xff, 0xff,
  0xff, 0xff, 0xff, 0xff, 0xff, 0xff, 0xff, 0xff, 0xff, 0xff, 0xff, 0x0c, 0x58, 0xff, 0xff, 0xff,
  0xff, 0xff, 0xff, 0xff, 0xff, 0xff, 0xff, 0xff, 0xff, 0xff, 0xff, 0xff, 0xff, 0xff, 0xff, 0x0c,
  0x58, 0xff, 0xff, 0xff, 0xff, 0xff, 0xff, 0xff, 0xff, 0xff, 0xff, 0xff, 0xff, 0xff, 0xff, 0xff,
  0xff, 0xff, 0xff, 0x0c, 0x58, 0xff, 0xff, 0xff, 0xff, 0xff, 0xff, 0xff, 0xff, 0xff, 0xff, 0xff,
  0xff, 0xff, 0xff, 0xff, 0xff, 0xff, 0xff, 0x0c, 0x00, 0x00, 0x00, 0x00, 0x00, 0x00, 0x00, 0x00,
  0x00, 0x7a, 0xa6, 0xa6, 0xa6, 0xa6, 0x88, 0x00, 0x00, 0x00, 0x00, 0x00, 0x00, 0x00, 0x00, 0x00,
  0x00, 0x00, 0x00, 0x00, 0x13, 0xf9, 0xff, 0xff, 0xff, 0xff, 0x4e, 0x00, 0x00, 0x00, 0x00, 0x00,
  0x00, 0x00, 0x00, 0x00, 0x00, 0x00, 0x00, 0x00, 0x6f, 0xff, 0xff, 0xff, 0xff, 0xb0, 0x00, 0x00,
  0x00, 0x00, 0x00, 0x00, 0x00, 0x00, 0x00, 0x00, 0x00, 0x00, 0x00, 0x00, 0xd0, 0xff, 0xff, 0xff,
  0xf4, 0x1d, 0x00, 0x00, 0x00, 0x00, 0x00, 0x00, 0x00, 0x00, 0x00, 0x00, 0x00, 0x00, 0x00, 0x32,
  0xff, 0xff, 0xff, 0xff, 0x73, 0x00, 0x00, 0x00, 0x00, 0x00, 0x00, 0x00, 0x00, 0x00, 0x00, 0x00,
  0x00, 0x00, 0x00, 0x94, 0xff, 0xff, 0xff, 0xd1, 0x04, 0x00, 0x00, 0x00, 0x00, 0x00, 0x00, 0x00,
  0x00, 0x00, 0x00, 0x00, 0x00, 0x00, 0x00, 0x0c, 0x0f, 0x0f, 0x0f, 0x07, 0x00, 0x00, 0x00, 0x00,
  0x00, 0x00, 0x00, 0x00, 0x00, 0x00, 0x00, 0x00, 0x00, 0x00, 0x00, 0x00, 0x00, 0x00, 0x00, 0x00,
  0x00, 0x00, 0x00, 0x00, 0x00, 0x00, 0x00, 0x00, 0x00, 0x00, 0x00, 0x00, 0x00, 0x00, 0x00, 0x00,
  0x00, 0x00, 0x00, 0x00, 0x00, 0x00, 0x00, 0x00, 0x00, 0x00, 0x00, 0x00, 0x00, 0xb3, 0xd5, 0xd5,
  0xd5, 0xd5, 0xd5, 0xd5, 0xd5, 0xd5, 0xd5, 0xd5, 0xd5, 0x00, 0x00, 0x00, 0x00, 0x00, 0x00, 0x00,
  0x00, 0xd7, 0xff, 0xff, 0xff, 0xff, 0xff, 0xff, 0xff, 0xff, 0xff, 0xff, 0xff, 0x00, 0x00, 0x00,
  0x00, 0x00, 0x00, 0x00, 0x00, 0xd7, 0xff, 0xff, 0xff, 0xff, 0xff, 0xff, 0xff, 0xff, 0xff, 0xff,
  0xff, 0x00, 0x00, 0x00, 0x00, 0x00, 0x00, 0x00, 0x00, 0xd7, 0xff, 0xff, 0xff, 0xff, 0xff, 0xff,
  0xff, 0xff, 0xff, 0xff, 0xff, 0x00, 0x00, 0x00, 0x00, 0x00, 0x00, 0x00, 0x00, 0xd7, 0xff, 0xff,
  0xff, 0xff, 0xff, 0xff, 0xff, 0xff, 0xff, 0xff, 0xff, 0x00, 0x00, 0x00, 0x00, 0x00, 0x00, 0x00,
  0x00, 0x2c, 0x35, 0x35, 0x35, 0x35, 0x35, 0x70, 0xff, 0xff, 0xff, 0xff, 0xff, 0x00, 0x00, 0x00,
  0x00, 0x00, 0x00, 0x00, 0x00, 0x00, 0x00, 0x00, 0x00, 0x00, 0x00, 0x4a, 0xff, 0xff, 0xff, 0xff,
  0xff, 0x00, 0x00, 0x00, 0x00, 0x00, 0x00, 0x00, 0x00, 0x00, 0x00, 0x00, 0x00, 0x00, 0x00, 0x4a,
  0xff, 0xff, 0xff, 0xff, 0xff, 0x00, 0x00, 0x00, 0x00, 0x00, 0x00, 0x00, 0x00, 0x00, 0x00, 0x00,
  0x00, 0x00, 0x00, 0x4a, 0xff, 0xff, 0xff, 0xff, 0xff, 0x00, 0x00, 0x00, 0x00, 0x00, 0x00, 0x00,
  0x00, 0x00, 0x00, 0x00, 0x00, 0x00, 0x00, 0x4a, 0xff, 0xff, 0xff, 0xff, 0xff, 0x00, 0x00, 0x00,
  0x00, 0x00, 0x00, 0x00, 0x00, 0x00, 0x00, 0x00, 0x00, 0x00, 0x00, 0x4a, 0xff, 0xff, 0xff, 0xff,
  0xff, 0x00, 0x00, 0x00, 0x00, 0x00, 0x00, 0x00, 0x00, 0x00, 0x00, 0x00, 0x00, 0x00, 0x00, 0x4a,
  0xff, 0xff, 0xff, 0xff, 0xff, 0x00, 0x00, 0x00, 0x00, 0x00, 0x00, 0x00, 0x00, 0x00, 0x00, 0x00,
  0x00, 0x00, 0x00, 0x4a, 0xff, 0xff, 0xff, 0xff, 0xff, 0x00, 0x00, 0x00, 0x00, 0x00, 0x00, 0x00,
  0x00, 0x00, 0x00, 0x00, 0x00, 0x00, 0x00, 0x4a, 0xff, 0xff, 0xff, 0xff, 0xff, 0x00, 0x00, 0x00,
  0x00, 0x00, 0x00, 0x00, 0x00, 0x00, 0x00, 0x00, 0x00, 0x00, 0x00, 0x4a, 0xff, 0xff, 0xff, 0xff,
  0xff, 0x00, 0x00, 0x00, 0x00, 0x00, 0x00, 0x00, 0x03, 0x0a, 0x0a, 0x0a, 0x0a, 0x0a, 0x0a, 0x51,
  0xff, 0xff, 0xff, 0xff, 0xff, 0x0a, 0x0a, 0x0a, 0x0a, 0x0a, 0x0a, 0x00, 0x58, 0xff, 0xff, 0xff,
  0xff, 0xff, 0xff, 0xff, 0xff, 0xff, 0xff, 0xff, 0xff, 0xff, 0xff, 0xff, 0xff, 0xff, 0xff, 0x0c,
  0x58, 0xff, 0xff, 0xff, 0xff, 0xff, 0xff, 0xff, 0xff, 0xff, 0xff, 0xff, 0xff, 0xff, 0xff, 0xff,
  0xff, 0xff, 0xff, 0x0c, 0x58, 0xff, 0xff, 0xff, 0xff, 0xff, 0xff, 0xff, 0xff, 0xff, 0xff, 0xff,
  0xff, 0xff, 0xff, 0xff, 0xff, 0xff, 0xff, 0x0c, 0x58, 0xff, 0xff, 0xff, 0xff, 0xff, 0xff, 0xff,
  0xff, 0xff, 0xff, 0xff, 0xff, 0xff, 0xff, 0xff, 0xff, 0xff, 0xff, 0x0c, 0x58, 0xff, 0xff, 0xff,
  0xff, 0xff, 0xff, 0xff, 0xff, 0xff, 0xff, 0xff, 0xff, 0xff, 0xff, 0xff, 0xff, 0xff, 0xff, 0x0c,
  0x00, 0x00, 0x00, 0x00, 0x00, 0x3f, 0xa6, 0xa6, 0xa6, 0xa6, 0xa6, 0xa6, 0xa6, 0x29, 0x00, 0x00,
  0x00, 0x00, 0x00, 0x00, 0x00, 0x00, 0x00, 0x00, 0x08, 0xdb, 0xff, 0xff, 0xff, 0xff, 0xff, 0xff,
  0xff, 0xc0, 0x00, 0x00, 0x00, 0x00, 0x00, 0x00, 0x00, 0x00, 0x00, 0x00, 0x82, 0xff, 0xff, 0xff,
  0xfb, 0x7f, 0xff, 0xff, 0xff, 0xff, 0x5f, 0x00, 0x00, 0x00, 0x00, 0x00, 0x00, 0x00, 0x00, 0x27,
  0xf9, 0xff, 0xff, 0xff, 0x9f, 0x00, 0xc2, 0xff, 0xff, 0xff, 0xeb, 0x12, 0x00, 0x00, 0x00, 0x00,
  0x00, 0x00, 0x00, 0xbe, 0xff, 0xff, 0xff, 0xfc, 0x25, 0x00, 0x45, 0xff, 0xff, 0xff, 0xff, 0x9b,
  0x00, 0x00, 0x00, 0x00, 0x00, 0x00, 0x5c, 0xff, 0xff, 0xff, 0xff, 0xa5, 0x00, 0x00, 0x00, 0xc8,
  0xff, 0xff, 0xff, 0xfe, 0x3b, 0x00, 0x00, 0x00, 0x00, 0x00, 0x0a, 0x0f, 0x0f, 0x0f, 0x0f, 0x05,
  0x00, 0x00, 0x00, 0x08, 0x0f, 0x0f, 0x0f, 0x0f, 0x08, 0x00, 0x00, 0x00, 0x00, 0x00, 0x00, 0x00,
  0x00, 0x00, 0x00, 0x00, 0x00, 0x00, 0x00, 0x00, 0x00, 0x00, 0x00, 0x00, 0x00, 0x00, 0x00, 0x00,
  0x00, 0x00, 0x00, 0x00, 0x00, 0x00, 0x00, 0x00, 0x00, 0x00, 0x00, 0x00, 0x00, 0x00, 0x00, 0x00,
  0x00, 0x00, 0x00, 0x00, 0x00, 0xb3, 0xd5, 0xd5, 0xd5, 0xd5, 0xd5, 0xd5, 0xd5, 0xd5, 0xd5, 0xd5,
  0xd5, 0x00, 0x00, 0x00, 0x00, 0x00, 0x00, 0x00, 0x00, 0xd7, 0xff, 0xff, 0xff, 0xff, 0xff, 0xff,
  0xff, 0xff, 0xff, 0xff, 0xff, 0x00, 0x00, 0x00, 0x00, 0x00, 0x00, 0x00, 0x00, 0xd7, 0xff, 0xff,
  0xff, 0xff, 0xff, 0xff, 0xff, 0xff, 0xff, 0xff, 0xff, 0x00, 0x00, 0x00, 0x00, 0x00, 0x00, 0x00,
  0x00, 0xd7, 0xff, 0xff, 0xff, 0xff, 0xff, 0xff, 0xff, 0xff, 0xff, 0xff, 0xff, 0x00, 0x00, 0x00,
  0x00, 0x00, 0x00, 0x00, 0x00, 0xd7, 0xff, 0xff, 0xff, 0xff, 0xff, 0xff, 0xff, 0xff, 0xff, 0xff,
  0xff, 0x00, 0x00, 0x00, 0x00, 0x00, 0x00, 0x00, 0x00, 0x2c, 0x35, 0x35, 0x35, 0x35, 0x35, 0x70,
  0xff, 0xff, 0xff, 0xff, 0xff, 0x00, 0x00, 0x00, 0x00, 0x00, 0x00, 0x00, 0x00, 0x00, 0x00, 0x00,
  0x00, 0x00, 0x00, 0x4a, 0xff, 0xff, 0xff, 0xff, 0xff, 0x00, 0x00, 0x00, 0x00, 0x00, 0x00, 0x00,
  0x00, 0x00, 0x00, 0x00, 0x00, 0x00, 0x00, 0x4a, 0xff, 0xff, 0xff, 0xff, 0xff, 0x00, 0x00, 0x00,
  0x00, 0x00, 0x00, 0x00, 0x00, 0x00, 0x00, 0x00, 0x00, 0x00, 0x00, 0x4a, 0xff, 0xff, 0xff, 0xff,
  0xff, 0x00, 0x00, 0x00, 0x00, 0x00, 0x00, 0x00, 0x00, 0x00, 0x00, 0x00, 0x00, 0x00, 0x00, 0x4a,
  0xff, 0xff, 0xff, 0xff, 0xff, 0x00, 0x00, 0x00, 0x00, 0x00, 0x00, 0x00, 0x00, 0x00, 0x00, 0x00,
  0x00, 0x00, 0x00, 0x4a, 0xff, 0xff, 0xff, 0xff, 0xff, 0x00, 0x00, 0x00, 0x00, 0x00, 0x00, 0x00,
  0x00, 0x00, 0x00, 0x00, 0x00, 0x00, 0x00, 0x4a, 0xff, 0xff, 0xff, 0xff, 0xff, 0x00, 0x00, 0x00,
  0x00, 0x00, 0x00, 0x00, 0x00, 0x00, 0x00, 0x00, 0x00, 0x00, 0x00, 0x4a, 0xff, 0xff, 0xff, 0xff,
  0xff, 0x00, 0x00, 0x00, 0x00, 0x00, 0x00, 0x00, 0x00, 0x00, 0x00, 0x00, 0x00, 0x00, 0x00, 0x4a,
  0xff, 0xff, 0xff, 0xff, 0xff, 0x00, 0x00, 0x00, 0x00, 0x00, 0x00, 0x00, 0x00, 0x00, 0x00, 0x00,
  0x00, 0x00, 0x00, 0x4a, 0xff, 0xff, 0xff, 0xff, 0xff, 0x00, 0x00, 0x00, 0x00, 0x00, 0x00, 0x00,
  0x03, 0x0a, 0x0a, 0x0a, 0x0a, 0x0a, 0x0a, 0x51, 0xff, 0xff, 0xff, 0xff, 0xff, 0x0a, 0x0a, 0x0a,
  0x0a, 0x0a, 0x0a, 0x00, 0x58, 0xff, 0xff, 0xff, 0xff, 0xff, 0xff, 0xff, 0xff, 0xff, 0xff, 0xff,
  0xff, 0xff, 0xff, 0xff, 0xff, 0xff, 0xff, 0x0c, 0x58, 0xff, 0xff, 0xff, 0xff, 0xff, 0xff, 0xff,
  0xff, 0xff, 0xff, 0xff, 0xff, 0xff, 0xff, 0xff, 0xff, 0xff, 0xff, 0x0c, 0x58, 0xff, 0xff, 0xff,
  0xff, 0xff, 0xff, 0xff, 0xff, 0xff, 0xff, 0xff, 0xff, 0xff, 0xff, 0xff, 0xff, 0xff, 0xff, 0x0c,
  0x58, 0xff, 0xff, 0xff, 0xff, 0xff, 0xff, 0xff, 0xff, 0xff, 0xff, 0xff, 0xff, 0xff, 0xff, 0xff,
  0xff, 0xff, 0xff, 0x0c, 0x58, 0xff, 0xff, 0xff, 0xff, 0xff, 0xff, 0xff, 0xff, 0xff, 0xff, 0xff,
  0xff, 0xff, 0xff, 0xff, 0xff, 0xff, 0xff, 0x0c, 0x00, 0x00, 0x32, 0x93, 0xad, 0x8a, 0x24, 0x00,
  0x00, 0x00, 0x00, 0x00, 0x32, 0x93, 0xad, 0x8a, 0x23, 0x00, 0x00, 0x00, 0x00, 0x64, 0xfc, 0xff,
  0xff, 0xff, 0xf6, 0x49, 0x00, 0x00, 0x00, 0x65, 0xfd, 0xff, 0xff, 0xff, 0xf5, 0x48, 0x00, 0x00,
  0x24, 0xfb, 0xff, 0xff, 0xff, 0xff, 0xff, 0xee, 0x0f, 0x00, 0x25, 0xfb, 0xff, 0xff, 0xff, 0xff,
  0xff, 0xed, 0x0e, 0x00, 0x75, 0xff, 0xff, 0xff, 0xff, 0xff, 0xff, 0xff, 0x54, 0x00, 0x76, 0xff,
  0xff, 0xff, 0xff, 0xff, 0xff, 0xff, 0x53, 0x00, 0x87, 0xff, 0xff, 0xff, 0xff, 0xff, 0xff, 0xff,
  0x65, 0x00, 0x88, 0xff, 0xff, 0xff, 0xff, 0xff, 0xff, 0xff, 0x64, 0x00, 0x5b, 0xff, 0xff, 0xff,
  0xff, 0xff, 0xff, 0xff, 0x39, 0x00, 0x5c, 0xff, 0xff, 0xff, 0xff, 0xff, 0xff, 0xff, 0x38, 0x00,
  0x07, 0xd6, 0xff, 0xff, 0xff, 0xff, 0xff, 0xbb, 0x00, 0x00, 0x07, 0xd7, 0xff, 0xff, 0xff, 0xff,
  0xff, 0xba, 0x00, 0x00, 0x00, 0x1c, 0xc2, 0xff, 0xff, 0xff, 0xad, 0x0f, 0x00, 0x00, 0x00, 0x1d,
  0xc3, 0xff, 0xff, 0xff, 0xad, 0x0f, 0x00, 0x00, 0x00, 0x00, 0x00, 0x26, 0x41, 0x1e, 0x00, 0x00,
  0x00, 0x00, 0x00, 0x00, 0x00, 0x26, 0x41, 0x1e, 0x00, 0x00, 0x00, 0x00, 0x00, 0x00, 0x00, 0x00,
  0x00, 0x00, 0x00, 0x00, 0x00, 0x00, 0x00, 0x00, 0x00, 0x00, 0x00, 0x00, 0x00, 0x00, 0x00, 0x00,
  0x00, 0xb3, 0xd5, 0xd5, 0xd5, 0xd5, 0xd5, 0xd5, 0xd5, 0xd5, 0xd5, 0xd5, 0xd5, 0x00, 0x00, 0x00,
  0x00, 0x00, 0x00, 0x00, 0x00, 0xd7, 0xff, 0xff, 0xff, 0xff, 0xff, 0xff, 0xff, 0xff, 0xff, 0xff,
  0xff, 0x00, 0x00, 0x00, 0x00, 0x00, 0x00, 0x00, 0x00, 0xd7, 0xff, 0xff, 0xff, 0xff, 0xff, 0xff,
  0xff, 0xff, 0xff, 0xff, 0xff, 0x00, 0x00, 0x00, 0x00, 0x00, 0x00, 0x00, 0x00, 0xd7, 0xff, 0xff,
  0xff, 0xff, 0xff, 0xff, 0xff, 0xff, 0xff, 0xff, 0xff, 0x00, 0x00, 0x00, 0x00, 0x00, 0x00, 0x00,
  0x00, 0xd7, 0xff, 0xff, 0xff, 0xff, 0xff, 0xff, 0xff, 0xff, 0xff, 0xff, 0xff, 0x00, 0x00, 0x00,
  0x00, 0x00, 0x00, 0x00, 0x00, 0x2c, 0x35, 0x35, 0x35, 0x35, 0x35, 0x70, 0xff, 0xff, 0xff, 0xff,
  0xff, 0x00, 0x00, 0x00, 0x00, 0x00, 0x00, 0x00, 0x00, 0x00, 0x00, 0x00, 0x00, 0x00, 0x00, 0x4a,
  0xff, 0xff, 0xff, 0xff, 0xff, 0x00, 0x00, 0x00, 0x00, 0x00, 0x00, 0x00, 0x00, 0x00, 0x00, 0x00,
  0x00, 0x00, 0x00, 0x4a, 0xff, 0xff, 0xff, 0xff, 0xff, 0x00, 0x00, 0x00, 0x00, 0x00, 0x00, 0x00,
  0x00, 0x00, 0x00, 0x00, 0x00, 0x00, 0x00, 0x4a, 0xff, 0xff, 0xff, 0xff, 0xff, 0x00, 0x00, 0x00,
  0x00, 0x00, 0x00, 0x00, 0x00, 0x00, 0x00, 0x00, 0x00, 0x00, 0x00, 0x4a, 0xff, 0xff, 0xff, 0xff,
  0xff, 0x00, 0x00, 0x00, 0x00, 0x00, 0x00, 0x00, 0x00, 0x00, 0x00, 0x00, 0x00, 0x00, 0x00, 0x4a,
  0xff, 0xff, 0xff, 0xff, 0xff, 0x00, 0x00, 0x00, 0x00, 0x00, 0x00, 0x00, 0x00, 0x00, 0x00, 0x00,
  0x00, 0x00, 0x00, 0x4a, 0xff, 0xff, 0xff, 0xff, 0xff, 0x00, 0x00, 0x00, 0x00, 0x00, 0x00, 0x00,
  0x00, 0x00, 0x00, 0x00, 0x00, 0x00, 0x00, 0x4a, 0xff, 0xff, 0xff, 0xff, 0xff, 0x00, 0x00, 0x00,
  0x00, 0x00, 0x00, 0x00, 0x00, 0x00, 0x00, 0x00, 0x00, 0x00, 0x00, 0x4a, 0xff, 0xff, 0xff, 0xff,
  0xff, 0x00, 0x00, 0x00, 0x00, 0x00, 0x00, 0x00, 0x00, 0x00, 0x00, 0x00, 0x00, 0x00, 0x00, 0x4a,
  0xff, 0xff, 0xff, 0xff, 0xff, 0x00, 0x00, 0x00, 0x00, 0x00, 0x00, 0x00, 0x03, 0x0a, 0x0a, 0x0a,
  0x0a, 0x0a, 0x0a, 0x51, 0xff, 0xff, 0xff, 0xff, 0xff, 0x0a, 0x0a, 0x0a, 0x0a, 0x0a, 0x0a, 0x00,
  0x58, 0xff, 0xff, 0xff, 0xff, 0xff, 0xff, 0xff, 0xff, 0xff, 0xff, 0xff, 0xff, 0xff, 0xff, 0xff,
  0xff, 0xff, 0xff, 0x0c, 0x58, 0xff, 0xff, 0xff, 0xff, 0xff, 0xff, 0xff, 0xff, 0xff, 0xff, 0xff,
  0xff, 0xff, 0xff, 0xff, 0xff, 0xff, 0xff, 0x0c, 0x58, 0xff, 0xff, 0xff, 0xff, 0xff, 0xff, 0xff,
  0xff, 0xff, 0xff, 0xff, 0xff, 0xff, 0xff, 0xff, 0xff, 0xff, 0xff, 0x0c, 0x58, 0xff, 0xff, 0xff,
  0xff, 0xff, 0xff, 0xff, 0xff, 0xff, 0xff, 0xff, 0xff, 0xff, 0xff, 0xff, 0xff, 0xff, 0xff, 0x0c,
  0x58, 0xff, 0xff, 0xff, 0xff, 0xff, 0xff, 0xff, 0xff, 0xff, 0xff, 0xff, 0xff, 0xff, 0xff, 0xff,
  0xff, 0xff, 0xff, 0x0c, 0x00, 0x00, 0x00, 0x00, 0x00, 0x00, 0x00, 0x00, 0x00, 0x19, 0x69, 0x1e,
  0x00, 0x00, 0x00, 0x00, 0x00, 0x00, 0x00, 0x00, 0x00, 0x00, 0x00, 0x00, 0x00, 0x00, 0x00, 0x00,
  0x05, 0x82, 0x60, 0x2f, 0x6f, 0xff, 0xff, 0xd2, 0x83, 0x00, 0x00, 0x00, 0x00, 0x00, 0x00, 0x00,
  0x00, 0x00, 0x00, 0x00, 0x00, 0x00, 0x00, 0x2c, 0xff, 0xff, 0xff, 0xff, 0xff, 0xff, 0xff, 0xc4,
  0x00, 0x00, 0x00, 0x00, 0x00, 0x00, 0x00, 0x00, 0x00, 0x00, 0x00, 0x00, 0x00, 0x00, 0x59, 0xff,
  0xff, 0xff, 0xff, 0xff, 0xff, 0xff, 0xc0, 0x19, 0x00, 0x00, 0x00, 0x00, 0x00, 0x00, 0x00, 0x00,
  0x00, 0x00, 0x00, 0x00, 0x00, 0x86, 0xff, 0xff, 0xff, 0xff, 0xff, 0xff, 0xff, 0xff, 0xf5, 0x76,
  0x02, 0x00, 0x00, 0x00, 0x00, 0x00, 0x00, 0x00, 0x00, 0x00, 0x00, 0x00, 0xb3, 0xff, 0xff, 0xff,
  0xff, 0xff, 0xff, 0xff, 0xff, 0xff, 0xff, 0xbf, 0x12, 0x00, 0x00, 0x00, 0x00, 0x00, 0x00, 0x00,
  0x00, 0x00, 0x00, 0x37, 0x65, 0x9e, 0xff, 0xff, 0xff, 0xff, 0xff, 0xff, 0xff, 0xff, 0xff, 0xd8,
  0x16, 0x00, 0x00, 0x00, 0x00, 0x00, 0x00, 0x00, 0x00, 0x00, 0x00, 0x00, 0x4f, 0xff, 0xff, 0xff,
  0xff, 0xff, 0xff, 0xff, 0xff, 0xff, 0xff, 0xcd, 0x08, 0x00, 0x00, 0x00, 0x00, 0x00, 0x00, 0x00,
  0x00, 0x00, 0x00, 0x49, 0xc3, 0xfc, 0xff, 0xe0, 0x5e, 0xec, 0xff, 0xff, 0xff, 0xff, 0xff, 0x97,
  0x00, 0x00, 0x00, 0x00, 0x00, 0x00, 0x00, 0x00, 0x00, 0x00, 0x00, 0x00, 0x12, 0x5b, 0x5d, 0x00,
  0x20, 0xd8, 0xff, 0xff, 0xff, 0xff, 0xfe, 0x3a, 0x00, 0x00, 0x00, 0x00, 0x00, 0x00, 0x00, 0x00,
  0x00, 0x08, 0x3c, 0x5f, 0x65, 0x56, 0x2e, 0x01, 0x1c, 0xea, 0xff, 0xff, 0xff, 0xff, 0xc3, 0x00,
  0x00, 0x00, 0x00, 0x00, 0x00, 0x00, 0x18, 0x94, 0xf1, 0xff, 0xff, 0xff, 0xff, 0xff, 0xe0, 0x53,
  0x57, 0xff, 0xff, 0xff, 0xff, 0xff, 0x38, 0x00, 0x00, 0x00, 0x00, 0x00, 0x4b, 0xed, 0xff, 0xff,
  0xff, 0xff, 0xff, 0xff, 0xff, 0xff, 0xfe, 0x94, 0xf8, 0xff, 0xff, 0xff, 0xff, 0x96, 0x00, 0x00,
  0x00, 0x00, 0x4f, 0xfb, 0xff, 0xff, 0xff, 0xff, 0xff, 0xff, 0xff, 0xff, 0xff, 0xff, 0xff, 0xff,
  0xff, 0xff, 0xff, 0xff, 0xe5, 0x00, 0x00, 0x00, 0x22, 0xf3, 0xff, 0xff, 0xff, 0xff, 0xff, 0xff,
  0xff, 0xff, 0xff, 0xff, 0xff, 0xff, 0xff, 0xff, 0xff, 0xff, 0xff, 0xff, 0x27, 0x00, 0x00, 0xb2,
  0xff, 0xff, 0xff, 0xff, 0xff, 0xff, 0xf8, 0xbf, 0xa4, 0xb0, 0xe4, 0xff, 0xff, 0xff, 0xff, 0xff,
  0xff, 0xff, 0xff, 0x59, 0x00, 0x2a, 0xff, 0xff, 0xff, 0xff, 0xff, 0xff, 0x9a, 0x12, 0x00, 0x00,
  0x00, 0x01, 0x52, 0xeb, 0xff, 0xff, 0xff, 0xff, 0xff, 0xff, 0x82, 0x00, 0x80, 0xff, 0xff, 0xff,
  0xff, 0xff, 0x8d, 0x00, 0x00, 0x00, 0x00, 0x00, 0x00, 0x00, 0x28, 0xf1, 0xff, 0xff, 0xff, 0xff,
  0xff, 0x9d, 0x00, 0xc0, 0xff, 0xff, 0xff, 0xff, 0xe2, 0x05, 0x00, 0x00, 0x00, 0x00, 0x00, 0x00,
  0x00, 0x00, 0x75, 0xff, 0xff, 0xff, 0xff, 0xff, 0xaf, 0x00, 0xe8, 0xff, 0xff, 0xff, 0xff, 0x88,
  0x00, 0x00, 0x00, 0x00, 0x00, 0x00, 0x00, 0x00, 0x00, 0x19, 0xff, 0xff, 0xff, 0xff, 0xff, 0xb7,
  0x00, 0xfb, 0xff, 0xff, 0xff, 0xff, 0x57, 0x00, 0x00, 0x00, 0x00, 0x00, 0x00, 0x00, 0x00, 0x00,
  0x00, 0xeb, 0xff, 0xff, 0xff, 0xff, 0xb2, 0x05, 0xff, 0xff, 0xff, 0xff, 0xff, 0x46, 0x00, 0x00,
  0x00, 0x00, 0x00, 0x00, 0x00, 0x00, 0x00, 0x00, 0xe0, 0xff, 0xff, 0xff, 0xff, 0xa6, 0x00, 0xfc,
  0xff, 0xff, 0xff, 0xff, 0x52, 0x00, 0x00, 0x00, 0x00, 0x00, 0x00, 0x00, 0x00, 0x00, 0x00, 0xef,
  0xff, 0xff, 0xff, 0xff, 0x89, 0x00, 0xe9, 0xff, 0xff, 0xff, 0xff, 0x79, 0x00, 0x00, 0x00, 0x00,
  0x00, 0x00, 0x00, 0x00, 0x00, 0x1b, 0xff, 0xff, 0xff, 0xff, 0xff, 0x62, 0x00, 0xbe, 0xff, 0xff,
  0xff, 0xff, 0xcb, 0x00, 0x00, 0x00, 0x00, 0x00, 0x00, 0x00, 0x00, 0x00, 0x6b, 0xff, 0xff, 0xff,
  0xff, 0xff, 0x25, 0x00, 0x7a, 0xff, 0xff, 0xff, 0xff, 0xff, 0x5d, 0x00, 0x00, 0x00, 0x00, 0x00,
  0x00, 0x00, 0x15, 0xe5, 0xff, 0xff, 0xff, 0xff, 0xd8, 0x00, 0x00, 0x20, 0xfb, 0xff, 0xff, 0xff,
  0xff, 0xf8, 0x65, 0x01, 0x00, 0x00, 0x00, 0x00, 0x2a, 0xd3, 0xff, 0xff, 0xff, 0xff, 0xff, 0x6f,
  0x00, 0x00, 0x00, 0x99, 0xff, 0xff, 0xff, 0xff, 0xff, 0xff, 0xda, 0x93, 0x79, 0x85, 0xba, 0xfd,
  0xff, 0xff, 0xff, 0xff, 0xff, 0xe0, 0x09, 0x00, 0x00, 0x00, 0x0e, 0xde, 0xff, 0xff, 0xff, 0xff,
  0xff, 0xff, 0xff, 0xff, 0xff, 0xff, 0xff, 0xff, 0xff, 0xff, 0xff, 0xfd, 0x45, 0x00, 0x00, 0x00,
  0x00, 0x00, 0x27, 0xe8, 0xff, 0xff, 0xff, 0xff, 0xff, 0xff, 0xff, 0xff, 0xff, 0xff, 0xff, 0xff,
  0xff, 0xfe, 0x6b, 0x00, 0x00, 0x00, 0x00, 0x00, 0x00, 0x00, 0x1e, 0xc8, 0xff, 0xff, 0xff, 0xff,
  0xff, 0xff, 0xff, 0xff, 0xff, 0xff, 0xff, 0xef, 0x57, 0x00, 0x00, 0x00, 0x00, 0x00, 0x00, 0x00,
  0x00, 0x00, 0x02, 0x60, 0xd2, 0xff, 0xff, 0xff, 0xff, 0xff, 0xff, 0xff, 0xef, 0x8f, 0x19, 0x00,
  0x00, 0x00, 0x00, 0x00, 0x00, 0x00, 0x00, 0x00, 0x00, 0x00, 0x00, 0x00, 0x27, 0x61, 0x85, 0x92,
  0x89, 0x70, 0x40, 0x05, 0x00, 0x00, 0x00, 0x00, 0x00, 0x00, 0x00, 0x00, 0x00, 0x00, 0x00, 0x00,
  0x00, 0x00, 0x13, 0x36, 0x22, 0x00, 0x00, 0x00, 0x00, 0x00, 0x00, 0x0f, 0x00, 0x00, 0x00, 0x00,
  0x00, 0x00, 0x00, 0x00, 0x0d, 0xa5, 0xfd, 0xff, 0xff, 0xc1, 0x19, 0x00, 0x00, 0x00, 0x40, 0xf0,
  0x5d, 0x00, 0x00, 0x00, 0x00, 0x00, 0x00, 0x05, 0xbf, 0xff, 0xff, 0xff, 0xff, 0xff, 0xda, 0x1d,
  0x00, 0x2b, 0xeb, 0xff, 0xff, 0x97, 0x07, 0x00, 0x00, 0x00, 0x00, 0x96, 0xff, 0xff, 0xff, 0xff,
  0xff, 0xff, 0xff, 0xf0, 0xb7, 0xf3, 0xff, 0xff, 0xff, 0xf9, 0x31, 0x00, 0x00, 0x00, 0x61, 0xff,
  0xff, 0xff, 0xff, 0xff, 0xff, 0xff, 0xff, 0xff, 0xff, 0xff, 0xff, 0xff, 0xff, 0x64, 0x00, 0x00,
  0x00, 0x01, 0xc6, 0xff, 0xff, 0xff, 0xe1, 0x60, 0x78, 0xf9, 0xff, 0xff, 0xff, 0xff, 0xff, 0xff,
  0x97, 0x00, 0x00, 0x00, 0x00, 0x00, 0x0a, 0xa7, 0xff, 0xec, 0x22, 0x00, 0x00, 0x4c, 0xf8, 0xff,
  0xff, 0xff, 0xff, 0xb2, 0x05, 0x00, 0x00, 0x00, 0x00, 0x00, 0x00, 0x00, 0x76, 0x46, 0x00, 0x00,
  0x00, 0x00, 0x30, 0xaa, 0xd4, 0xbf, 0x68, 0x02, 0x00, 0x00, 0x00, 0x00, 0x00, 0x00, 0x00, 0x00,
  0x00, 0x00, 0x00, 0x00, 0x00, 0x00, 0x00, 0x00, 0x00, 0x00, 0x00, 0x00, 0x00, 0x00, 0x00, 0x00,
  0x00, 0x00, 0x00, 0x00, 0x00, 0x00, 0x00, 0x00, 0x01, 0x31, 0x5c, 0x67, 0x55, 0x23, 0x00, 0x00,
  0x00, 0x00, 0x00, 0x9a, 0xd5, 0xd5, 0xd5, 0xd5, 0x79, 0x00, 0x00, 0x58, 0xdd, 0xff, 0xff, 0xff,
  0xff, 0xff, 0xcc, 0x46, 0x00, 0x00, 0x00, 0xb9, 0xff, 0xff, 0xff, 0xff, 0x91, 0x00, 0x84, 0xff,
  0xff, 0xff, 0xff, 0xff, 0xff, 0xff, 0xff, 0xff, 0x75, 0x00, 0x00, 0xb9, 0xff, 0xff, 0xff, 0xff,
  0x91, 0x45, 0xff, 0xff, 0xff, 0xff, 0xff, 0xff, 0xff, 0xff, 0xff, 0xff, 0xff, 0x4b, 0x00, 0xb9,
  0xff, 0xff, 0xff, 0xff, 0xe1, 0xe4, 0xff, 0xff, 0xff, 0xff, 0xff, 0xff, 0xff, 0xff, 0xff, 0xff,
  0xff, 0xd9, 0x01, 0xb9, 0xff, 0xff, 0xff, 0xff, 0xff, 0xff, 0xfd, 0xac, 0x6f, 0x65, 0x8b, 0xe9,
  0xff, 0xff, 0xff, 0xff, 0xff, 0xff, 0x3b, 0xb9, 0xff, 0xff, 0xff, 0xff, 0xff, 0xf3, 0x3d, 0x00,
  0x00, 0x00, 0x00, 0x11, 0xcc, 0xff, 0xff, 0xff, 0xff, 0xff, 0x79, 0xb9, 0xff, 0xff, 0xff, 0xff,
  0xff, 0x69, 0x00, 0x00, 0x00, 0x00, 0x00, 0x00, 0x2c, 0xff, 0xff, 0xff, 0xff, 0xff, 0x9c, 0xb9,
  0xff, 0xff, 0xff, 0xff, 0xf0, 0x08, 0x00, 0x00, 0x00, 0x00, 0x00, 0x00, 0x00, 0xcf, 0xff, 0xff,
  0xff, 0xff, 0xaa, 0xb9, 0xff, 0xff, 0xff, 0xff, 0xb8, 0x00, 0x00, 0x00, 0x00, 0x00, 0x00, 0x00,
  0x00, 0xa7, 0xff, 0xff, 0xff, 0xff, 0xae, 0xb9, 0xff, 0xff, 0xff, 0xff, 0x9b, 0x00, 0x00, 0x00,
  0x00, 0x00, 0x00, 0x00, 0x00, 0x9c, 0xff, 0xff, 0xff, 0xff, 0xae, 0xb9, 0xff, 0xff, 0xff, 0xff,
  0x91, 0x00, 0x00, 0x00, 0x00, 0x00, 0x00, 0x00, 0x00, 0x9c, 0xff, 0xff, 0xff, 0xff, 0xae, 0xb9,
  0xff, 0xff, 0xff, 0xff, 0x91, 0x00, 0x00, 0x00, 0x00, 0x00, 0x00, 0x00, 0x00, 0x9c, 0xff, 0xff,
  0xff, 0xff, 0xae, 0xb9, 0xff, 0xff, 0xff, 0xff, 0x91, 0x00, 0x00, 0x00, 0x00, 0x00, 0x00, 0x00,
  0x00, 0x9c, 0xff, 0xff, 0xff, 0xff, 0xae, 0xb9, 0xff, 0xff, 0xff, 0xff, 0x91, 0x00, 0x00, 0x00,
  0x00, 0x00, 0x00, 0x00, 0x00, 0x9c, 0xff, 0xff, 0xff, 0xff, 0xae, 0xb9, 0xff, 0xff, 0xff, 0xff,
  0x91, 0x00, 0x00, 0x00, 0x00, 0x00, 0x00, 0x00, 0x00, 0x9c, 0xff, 0xff, 0xff, 0xff, 0xae, 0xb9,
  0xff, 0xff, 0xff, 0xff, 0x91, 0x00, 0x00, 0x00, 0x00, 0x00, 0x00, 0x00, 0x00, 0x9c, 0xff, 0xff,
  0xff, 0xff, 0xae, 0xb9, 0xff, 0xff, 0xff, 0xff, 0x91, 0x00, 0x00, 0x00, 0x00, 0x00, 0x00, 0x00,
  0x00, 0x9c, 0xff, 0xff, 0xff, 0xff, 0xae, 0xb9, 0xff, 0xff, 0xff, 0xff, 0x91, 0x00, 0x00, 0x00,
  0x00, 0x00, 0x00, 0x00, 0x00, 0x9c, 0xff, 0xff, 0xff, 0xff, 0xae, 0xb9, 0xff, 0xff, 0xff, 0xff,
  0x91, 0x00, 0x00, 0x00, 0x00, 0x00, 0x00, 0x00, 0x00, 0x9c, 0xff, 0xff, 0xff, 0xff, 0xae, 0xb9,
  0xff, 0xff, 0xff, 0xff, 0x91, 0x00, 0x00, 0x00, 0x00, 0x00, 0x00, 0x00, 0x00, 0x9c, 0xff, 0xff,
  0xff, 0xff, 0xae, 0xb9, 0xff, 0xff, 0xff, 0xff, 0x91, 0x00, 0x00, 0x00, 0x00, 0x00, 0x00, 0x00,
  0x00, 0x9c, 0xff, 0xff, 0xff, 0xff, 0xae, 0x00, 0x00, 0x00, 0x00, 0x00, 0x6d, 0xa6, 0xa6, 0xa6,
  0xa6, 0x95, 0x00, 0x00, 0x00, 0x00, 0x00, 0x00, 0x00, 0x00, 0x00, 0x00, 0x00, 0x00, 0x00, 0x00,
  0x00, 0x00, 0x2b, 0xfa, 0xff, 0xff, 0xff, 0xff, 0x35, 0x00, 0x00, 0x00, 0x00, 0x00, 0x00, 0x00,
  0x00, 0x00, 0x00, 0x00, 0x00, 0x00, 0x00, 0x00, 0x00, 0x87, 0xff, 0xff, 0xff, 0xff, 0x97, 0x00,
  0x00, 0x00, 0x00, 0x00, 0x00, 0x00, 0x00, 0x00, 0x00, 0x00, 0x00, 0x00, 0x00, 0x00, 0x00, 0x0a,
  0xdf, 0xff, 0xff, 0xff, 0xf0, 0x09, 0x00, 0x00, 0x00, 0x00, 0x00, 0x00, 0x00, 0x00, 0x00, 0x00,
  0x00, 0x00, 0x00, 0x00, 0x00, 0x00, 0x4b, 0xff, 0xff, 0xff, 0xff, 0x5b, 0x00, 0x00, 0x00, 0x00,
  0x00, 0x00, 0x00, 0x00, 0x00, 0x00, 0x00, 0x00, 0x00, 0x00, 0x00, 0x00, 0x00, 0xad, 0xff, 0xff,
  0xff, 0xbc, 0x00, 0x00, 0x00, 0x00, 0x00, 0x00, 0x00, 0x00, 0x00, 0x00, 0x00, 0x00, 0x00, 0x00,
  0x00, 0x00, 0x00, 0x05, 0x0f, 0x0f, 0x0f, 0x0e, 0x00, 0x00, 0x00, 0x00, 0x00, 0x00, 0x00, 0x00,
  0x00, 0x00, 0x00, 0x00, 0x00, 0x00, 0x00, 0x00, 0x00, 0x00, 0x00, 0x00, 0x00, 0x00, 0x00, 0x00,
  0x00, 0x00, 0x00, 0x00, 0x00, 0x00, 0x00, 0x00, 0x00, 0x00, 0x00, 0x00, 0x00, 0x00, 0x02, 0x2d,
  0x55, 0x66, 0x62, 0x4b, 0x1d, 0x00, 0x00, 0x00, 0x00, 0x00, 0x00, 0x00, 0x00, 0x00, 0x00, 0x00,
  0x00, 0x00, 0x26, 0x95, 0xea, 0xff, 0xff, 0xff, 0xff, 0xff, 0xff, 0xd6, 0x75, 0x0f, 0x00, 0x00,
  0x00, 0x00, 0x00, 0x00, 0x00, 0x00, 0x05, 0x8a, 0xfb, 0xff, 0xff, 0xff, 0xff, 0xff, 0xff, 0xff,
  0xff, 0xff, 0xff, 0xe9, 0x56, 0x00, 0x00, 0x00, 0x00, 0x00, 0x00, 0x0b, 0xc1, 0xff, 0xff, 0xff,
  0xff, 0xff, 0xff, 0xff, 0xff, 0xff, 0xff, 0xff, 0xff, 0xff, 0xff, 0x81, 0x00, 0x00, 0x00, 0x00,
  0x01, 0xb8, 0xff, 0xff, 0xff, 0xff, 0xff, 0xff, 0xff, 0xff, 0xff, 0xff, 0xff, 0xff, 0xff, 0xff,
  0xff, 0xff, 0x6e, 0x00, 0x00, 0x00, 0x70, 0xff, 0xff, 0xff, 0xff, 0xff, 0xff, 0xfc, 0xc8, 0xa6,
  0xac, 0xdb, 0xff, 0xff, 0xff, 0xff, 0xff, 0xff, 0xf9, 0x2b, 0x00, 0x0d, 0xed, 0xff, 0xff, 0xff,
  0xff, 0xff, 0xa9, 0x1d, 0x00, 0x00, 0x00, 0x00, 0x3d, 0xd5, 0xff, 0xff, 0xff, 0xff, 0xff, 0xaf,
  0x00, 0x60, 0xff, 0xff, 0xff, 0xff, 0xff, 0x91, 0x00, 0x00, 0x00, 0x00, 0x00, 0x00, 0x00, 0x0d,
  0xcf, 0xff, 0xff, 0xff, 0xff, 0xfc, 0x17, 0xaa, 0xff, 0xff, 0xff, 0xff, 0xdf, 0x06, 0x00, 0x00,
  0x00, 0x00, 0x00, 0x00, 0x00, 0x00, 0x32, 0xff, 0xff, 0xff, 0xff, 0xff, 0x5e, 0xd9, 0xff, 0xff,
  0xff, 0xff, 0x87, 0x00, 0x00, 0x00, 0x00, 0x00, 0x00, 0x00, 0x00, 0x00, 0x00, 0xd3, 0xff, 0xff,
  0xff, 0xff, 0x8d, 0xef, 0xff, 0xff, 0xff, 0xff, 0x5c, 0x00, 0x00, 0x00, 0x00, 0x00, 0x00, 0x00,
  0x00, 0x00, 0x00, 0xa8, 0xff, 0xff, 0xff, 0xff, 0xa3, 0xfb, 0xff, 0xff, 0xff, 0xff, 0x4f, 0x00,
  0x00, 0x00, 0x00, 0x00, 0x00, 0x00, 0x00, 0x00, 0x00, 0x9b, 0xff, 0xff, 0xff, 0xff, 0xaf, 0xf2,
  0xff, 0xff, 0xff, 0xff, 0x59, 0x00, 0x00, 0x00, 0x00, 0x00, 0x00, 0x00, 0x00, 0x00, 0x00, 0xa5,
  0xff, 0xff, 0xff, 0xff, 0xa6, 0xdf, 0xff, 0xff, 0xff, 0xff, 0x7e, 0x00, 0x00, 0x00, 0x00, 0x00,
  0x00, 0x00, 0x00, 0x00, 0x00, 0xca, 0xff, 0xff, 0xff, 0xff, 0x93, 0xb3, 0xff, 0xff, 0xff, 0xff,
  0xd2, 0x01, 0x00, 0x00, 0x00, 0x00, 0x00, 0x00, 0x00, 0x00, 0x23, 0xfd, 0xff, 0xff, 0xff, 0xff,
  0x67, 0x71, 0xff, 0xff, 0xff, 0xff, 0xff, 0x73, 0x00, 0x00, 0x00, 0x00, 0x00, 0x00, 0x00, 0x04,
  0xba, 0xff, 0xff, 0xff, 0xff, 0xff, 0x25, 0x19, 0xf8, 0xff, 0xff, 0xff, 0xff, 0xfd, 0x82, 0x08,
  0x00, 0x00, 0x00, 0x00, 0x1b, 0xb8, 0xff, 0xff, 0xff, 0xff, 0xff, 0xc6, 0x00, 0x00, 0x8d, 0xff,
  0xff, 0xff, 0xff, 0xff, 0xff, 0xe8, 0x9d, 0x7b, 0x81, 0xb1, 0xf8, 0xff, 0xff, 0xff, 0xff, 0xff,
  0xff, 0x42, 0x00, 0x00, 0x09, 0xd4, 0xff, 0xff, 0xff, 0xff, 0xff, 0xff, 0xff, 0xff, 0xff, 0xff,
  0xff, 0xff, 0xff, 0xff, 0xff, 0xff, 0x92, 0x00, 0x00, 0x00, 0x00, 0x1d, 0xde, 0xff, 0xff, 0xff,
  0xff, 0xff, 0xff, 0xff, 0xff, 0xff, 0xff, 0xff, 0xff, 0xff, 0xff, 0xab, 0x03, 0x00, 0x00, 0x00,
  0x00, 0x00, 0x14, 0xb5, 0xff, 0xff, 0xff, 0xff, 0xff, 0xff, 0xff, 0xff, 0xff, 0xff, 0xff, 0xfa,
  0x81, 0x02, 0x00, 0x00, 0x00, 0x00, 0x00, 0x00, 0x00, 0x00, 0x4c, 0xc0, 0xfe, 0xff, 0xff, 0xff,
  0xff, 0xff, 0xff, 0xf7, 0xa0, 0x28, 0x00, 0x00, 0x00, 0x00, 0x00, 0x00, 0x00, 0x00, 0x00, 0x00,
  0x00, 0x00, 0x19, 0x58, 0x80, 0x91, 0x8d, 0x76, 0x48, 0x0a, 0x00, 0x00, 0x00, 0x00, 0x00, 0x00,
  0x00, 0x00, 0x00, 0x00, 0x00, 0x00, 0x00, 0x00, 0x00, 0x00, 0x00, 0x34, 0xa6, 0xa6, 0xa6, 0xa6,
  0xa6, 0x27, 0x00, 0x00, 0x00, 0x00, 0x00, 0x00, 0x00, 0x00, 0x00, 0x00, 0x00, 0x00, 0x00, 0x00,
  0x00, 0xa1, 0xff, 0xff, 0xff, 0xff, 0xb9, 0x00, 0x00, 0x00, 0x00, 0x00, 0x00, 0x00, 0x00, 0x00,
  0x00, 0x00, 0x00, 0x00, 0x00, 0x00, 0x0d, 0xf5, 0xff, 0xff, 0xff, 0xf7, 0x24, 0x00, 0x00, 0x00,
  0x00, 0x00, 0x00, 0x00, 0x00, 0x00, 0x00, 0x00, 0x00, 0x00, 0x00, 0x00, 0x65, 0xff, 0xff, 0xff,
  0xff, 0x7d, 0x00, 0x00, 0x00, 0x00, 0x00, 0x00, 0x00, 0x00, 0x00, 0x00, 0x00, 0x00, 0x00, 0x00,
  0x00, 0x00, 0xc7, 0xff, 0xff, 0xff, 0xd8, 0x06, 0x00, 0x00, 0x00, 0x00, 0x00, 0x00, 0x00, 0x00,
  0x00, 0x00, 0x00, 0x00, 0x00, 0x00, 0x00, 0x29, 0xff, 0xff, 0xff, 0xff, 0x42, 0x00, 0x00, 0x00,
  0x00, 0x00, 0x00, 0x00, 0x00, 0x00, 0x00, 0x00, 0x00, 0x00, 0x00, 0x00, 0x00, 0x05, 0x0f, 0x0f,
  0x0f, 0x0e, 0x00, 0x00, 0x00, 0x00, 0x00, 0x00, 0x00, 0x00, 0x00, 0x00, 0x00, 0x00, 0x00, 0x00,
  0x00, 0x00, 0x00, 0x00, 0x00, 0x00, 0x00, 0x00, 0x00, 0x00, 0x00, 0x00, 0x00, 0x00, 0x00, 0x00,
  0x00, 0x00, 0x00, 0x00, 0x00, 0x00, 0x00, 0x00, 0x02, 0x2d, 0x55, 0x66, 0x62, 0x4b, 0x1d, 0x00,
  0x00, 0x00, 0x00, 0x00, 0x00, 0x00, 0x00, 0x00, 0x00, 0x00, 0x00, 0x00, 0x26, 0x95, 0xea, 0xff,
  0xff, 0xff, 0xff, 0xff, 0xff, 0xd6, 0x75, 0x0f, 0x00, 0x00, 0x00, 0x00, 0x00, 0x00, 0x00, 0x00,
  0x05, 0x8a, 0xfb, 0xff, 0xff, 0xff, 0xff, 0xff, 0xff, 0xff, 0xff, 0xff, 0xff, 0xe9, 0x56, 0x00,
  0x00, 0x00, 0x00, 0x00, 0x00, 0x0b, 0xc1, 0xff, 0xff, 0xff, 0xff, 0xff, 0xff, 0xff, 0xff, 0xff,
  0xff, 0xff, 0xff, 0xff, 0xff, 0x81, 0x00, 0x00, 0x00, 0x00, 0x01, 0xb8, 0xff, 0xff, 0xff, 0xff,
  0xff, 0xff, 0xff, 0xff, 0xff, 0xff, 0xff, 0xff, 0xff, 0xff, 0xff, 0xff, 0x6e, 0x00, 0x00, 0x00,
  0x70, 0xff, 0xff, 0xff, 0xff, 0xff, 0xff, 0xfc, 0xc8, 0xa6, 0xac, 0xdb, 0xff, 0xff, 0xff, 0xff,
  0xff, 0xff, 0xf9, 0x2b, 0x00, 0x0d, 0xed, 0xff, 0xff, 0xff, 0xff, 0xff, 0xa9, 0x1d, 0x00, 0x00,
  0x00, 0x00, 0x3d, 0xd5, 0xff, 0xff, 0xff, 0xff, 0xff, 0xaf, 0x00, 0x60, 0xff, 0xff, 0xff, 0xff,
  0xff, 0x91, 0x00, 0x00, 0x00, 0x00, 0x00, 0x00, 0x00, 0x0d, 0xcf, 0xff, 0xff, 0xff, 0xff, 0xfc,
  0x17, 0xaa, 0xff, 0xff, 0xff, 0xff, 0xdf, 0x06, 0x00, 0x00, 0x00, 0x00, 0x00, 0x00, 0x00, 0x00,
  0x32, 0xff, 0xff, 0xff, 0xff, 0xff, 0x5e, 0xd9, 0xff, 0xff, 0xff, 0xff, 0x87, 0x00, 0x00, 0x00,
  0x00, 0x00, 0x00, 0x00, 0x00, 0x00, 0x00, 0xd3, 0xff, 0xff, 0xff, 0xff, 0x8d, 0xef, 0xff, 0xff,
  0xff, 0xff, 0x5c, 0x00, 0x00, 0x00, 0x00, 0x00, 0x00, 0x00, 0x00, 0x00, 0x00, 0xa8, 0xff, 0xff,
  0xff, 0xff, 0xa3, 0xfb, 0xff, 0xff, 0xff, 0xff, 0x4f, 0x00, 0x00, 0x00, 0x00, 0x00, 0x00, 0x00,
  0x00, 0x00, 0x00, 0x9b, 0xff, 0xff, 0xff, 0xff, 0xaf, 0xf2, 0xff, 0xff, 0xff, 0xff, 0x59, 0x00,
  0x00, 0x00, 0x00, 0x00, 0x00, 0x00, 0x00, 0x00, 0x00, 0xa5, 0xff, 0xff, 0xff, 0xff, 0xa6, 0xdf,
  0xff, 0xff, 0xff, 0xff, 0x7e, 0x00, 0x00, 0x00, 0x00, 0x00, 0x00, 0x00, 0x00, 0x00, 0x00, 0xca,
  0xff, 0xff, 0xff, 0xff, 0x93, 0xb3, 0xff, 0xff, 0xff, 0xff, 0xd2, 0x01, 0x00, 0x00, 0x00, 0x00,
  0x00, 0x00, 0x00, 0x00, 0x23, 0xfd, 0xff, 0xff, 0xff, 0xff, 0x67, 0x71, 0xff, 0xff, 0xff, 0xff,
  0xff, 0x73, 0x00, 0x00, 0x00, 0x00, 0x00, 0x00, 0x00, 0x04, 0xba, 0xff, 0xff, 0xff, 0xff, 0xff,
  0x25, 0x19, 0xf8, 0xff, 0xff, 0xff, 0xff, 0xfd, 0x82, 0x08, 0x00, 0x00, 0x00, 0x00, 0x1b, 0xb8,
  0xff, 0xff, 0xff, 0xff, 0xff, 0xc6, 0x00, 0x00, 0x8d, 0xff, 0xff, 0xff, 0xff, 0xff, 0xff, 0xe8,
  0x9d, 0x7b, 0x81, 0xb1, 0xf8, 0xff, 0xff, 0xff, 0xff, 0xff, 0xff, 0x42, 0x00, 0x00, 0x09, 0xd4,
  0xff, 0xff, 0xff, 0xff, 0xff, 0xff, 0xff, 0xff, 0xff, 0xff, 0xff, 0xff, 0xff, 0xff, 0xff, 0xff,
  0x92, 0x00, 0x00, 0x00, 0x00, 0x1d, 0xde, 0xff, 0xff, 0xff, 0xff, 0xff, 0xff, 0xff, 0xff, 0xff,
  0xff, 0xff, 0xff, 0xff, 0xff, 0xab, 0x03, 0x00, 0x00, 0x00, 0x00, 0x00, 0x14, 0xb5, 0xff, 0xff,
  0xff, 0xff, 0xff, 0xff, 0xff, 0xff, 0xff, 0xff, 0xff, 0xfa, 0x81, 0x02, 0x00, 0x00, 0x00, 0x00,
  0x00, 0x00, 0x00, 0x00, 0x4c, 0xc0, 0xfe, 0xff, 0xff, 0xff, 0xff, 0xff, 0xff, 0xf7, 0xa0, 0x28,
  0x00, 0x00, 0x00, 0x00, 0x00, 0x00, 0x00, 0x00, 0x00, 0x00, 0x00, 0x00, 0x19, 0x58, 0x80, 0x91,
  0x8d, 0x76, 0x48, 0x0a, 0x00, 0x00, 0x00, 0x00, 0x00, 0x00, 0x00, 0x00, 0x00, 0x00, 0x00, 0x00,
  0x00, 0x05, 0x9b, 0xa6, 0xa6, 0xa6, 0xa6, 0xa6, 0xa6, 0x6f, 0x00, 0x00, 0x00, 0x00, 0x00, 0x00,
  0x00, 0x00, 0x00, 0x00, 0x00, 0x00, 0x00, 0x79, 0xff, 0xff, 0xff, 0xff, 0xff, 0xff, 0xff, 0xfc,
  0x30, 0x00, 0x00, 0x00, 0x00, 0x00, 0x00, 0x00, 0x00, 0x00, 0x00, 0x00, 0x20, 0xf6, 0xff, 0xff,
  0xff, 0xa5, 0xd5, 0xff, 0xff, 0xff, 0xc8, 0x02, 0x00, 0x00, 0x00, 0x00, 0x00, 0x00, 0x00, 0x00,
  0x00, 0x00, 0xb4, 0xff, 0xff, 0xff, 0xf5, 0x15, 0x57, 0xff, 0xff, 0xff, 0xff, 0x69, 0x00, 0x00,
  0x00, 0x00, 0x00, 0x00, 0x00, 0x00, 0x00, 0x53, 0xff, 0xff, 0xff, 0xff, 0x8e, 0x00, 0x02, 0xd7,
  0xff, 0xff, 0xff, 0xef, 0x17, 0x00, 0x00, 0x00, 0x00, 0x00, 0x00, 0x00, 0x0d, 0xe4, 0xff, 0xff,
  0xff, 0xf7, 0x19, 0x00, 0x00, 0x5d, 0xff, 0xff, 0xff, 0xff, 0xa5, 0x00, 0x00, 0x00, 0x00, 0x00,
  0x00, 0x00, 0x04, 0x0f, 0x0f, 0x0f, 0x0f, 0x0c, 0x00, 0x00, 0x00, 0x01, 0x0f, 0x0f, 0x0f, 0x0f,
  0x0e, 0x00, 0x00, 0x00, 0x00, 0x00, 0x00, 0x00, 0x00, 0x00, 0x00, 0x00, 0x00, 0x00, 0x00, 0x00,
  0x00, 0x00, 0x00, 0x00, 0x00, 0x00, 0x00, 0x00, 0x00, 0x00, 0x00, 0x00, 0x00, 0x00, 0x00, 0x00,
  0x00, 0x00, 0x02, 0x2d, 0x55, 0x66, 0x62, 0x4b, 0x1d, 0x00, 0x00, 0x00, 0x00, 0x00, 0x00, 0x00,
  0x00, 0x00, 0x00, 0x00, 0x00, 0x00, 0x26, 0x95, 0xea, 0xff, 0xff, 0xff, 0xff, 0xff, 0xff, 0xd6,
  0x75, 0x0f, 0x00, 0x00, 0x00, 0x00, 0x00, 0x00, 0x00, 0x00, 0x05, 0x8a, 0xfb, 0xff, 0xff, 0xff,
  0xff, 0xff, 0xff, 0xff, 0xff, 0xff, 0xff, 0xe9, 0x56, 0x00, 0x00, 0x00, 0x00, 0x00, 0x00, 0x0b,
  0xc1, 0xff, 0xff, 0xff, 0xff, 0xff, 0xff, 0xff, 0xff, 0xff, 0xff, 0xff, 0xff, 0xff, 0xff, 0x81,
  0x00, 0x00, 0x00, 0x00, 0x01, 0xb8, 0xff, 0xff, 0xff, 0xff, 0xff, 0xff, 0xff, 0xff, 0xff, 0xff,
  0xff, 0xff, 0xff, 0xff, 0xff, 0xff, 0x6e, 0x00, 0x00, 0x00, 0x70, 0xff, 0xff, 0xff, 0xff, 0xff,
  0xff, 0xfc, 0xc8, 0xa6, 0xac, 0xdb, 0xff, 0xff, 0xff, 0xff, 0xff, 0xff, 0xf9, 0x2b, 0x00, 0x0d,
  0xed, 0xff, 0xff, 0xff, 0xff, 0xff, 0xa9, 0x1d, 0x00, 0x00, 0x00, 0x00, 0x3d, 0xd5, 0xff, 0xff,
  0xff, 0xff, 0xff, 0xaf, 0x00, 0x60, 0xff, 0xff, 0xff, 0xff, 0xff, 0x91, 0x00, 0x00, 0x00, 0x00,
  0x00, 0x00, 0x00, 0x0d, 0xcf, 0xff, 0xff, 0xff, 0xff, 0xfc, 0x17, 0xaa, 0xff, 0xff, 0xff, 0xff,
  0xdf, 0x06, 0x00, 0x00, 0x00, 0x00, 0x00, 0x00, 0x00, 0x00, 0x32, 0xff, 0xff, 0xff, 0xff, 0xff,
  0x5e, 0xd9, 0xff, 0xff, 0xff, 0xff, 0x87, 0x00, 0x00, 0x00, 0x00, 0x00, 0x00, 0x00, 0x00, 0x00,
  0x00, 0xd3, 0xff, 0xff, 0xff, 0xff, 0x8d, 0xef, 0xff, 0xff, 0xff, 0xff, 0x5c, 0x00, 0x00, 0x00,
  0x00, 0x00, 0x00, 0x00, 0x00, 0x00, 0x00, 0xa8, 0xff, 0xff, 0xff, 0xff, 0xa3, 0xfb, 0xff, 0xff,
  0xff, 0xff, 0x4f, 0x00, 0x00, 0x00, 0x00, 0x00, 0x00, 0x00, 0x00, 0x00, 0x00, 0x9b, 0xff, 0xff,
  0xff, 0xff, 0xaf, 0xf2, 0xff, 0xff, 0xff, 0xff, 0x59, 0x00, 0x00, 0x00, 0x00, 0x00, 0x00, 0x00,
  0x00, 0x00, 0x00, 0xa5, 0xff, 0xff, 0xff, 0xff, 0xa6, 0xdf, 0xff, 0xff, 0xff, 0xff, 0x7e, 0x00,
  0x00, 0x00, 0x00, 0x00, 0x00, 0x00, 0x00, 0x00, 0x00, 0xca, 0xff, 0xff, 0xff, 0xff, 0x93, 0xb3,
  0xff, 0xff, 0xff, 0xff, 0xd2, 0x01, 0x00, 0x00, 0x00, 0x00, 0x00, 0x00, 0x00, 0x00, 0x23, 0xfd,
  0xff, 0xff, 0xff, 0xff, 0x67, 0x71, 0xff, 0xff, 0xff, 0xff, 0xff, 0x73, 0x00, 0x00, 0x00, 0x00,
  0x00, 0x00, 0x00, 0x04, 0xba, 0xff, 0xff, 0xff, 0xff, 0xff, 0x25, 0x19, 0xf8, 0xff, 0xff, 0xff,
  0xff, 0xfd, 0x82, 0x08, 0x00, 0x00, 0x00, 0x00, 0x1b, 0xb8, 0xff, 0xff, 0xff, 0xff, 0xff, 0xc6,
  0x00, 0x00, 0x8d, 0xff, 0xff, 0xff, 0xff, 0xff, 0xff, 0xe8, 0x9d, 0x7b, 0x81, 0xb1, 0xf8, 0xff,
  0xff, 0xff, 0xff, 0xff, 0xff, 0x42, 0x00, 0x00, 0x09, 0xd4, 0xff, 0xff, 0xff, 0xff, 0xff, 0xff,
  0xff, 0xff, 0xff, 0xff, 0xff, 0xff, 0xff, 0xff, 0xff, 0xff, 0x92, 0x00, 0x00, 0x00, 0x00, 0x1d,
  0xde, 0xff, 0xff, 0xff, 0xff, 0xff, 0xff, 0xff, 0xff, 0xff, 0xff, 0xff, 0xff, 0xff, 0xff, 0xab,
  0x03, 0x00, 0x00, 0x00, 0x00, 0x00, 0x14, 0xb5, 0xff, 0xff, 0xff, 0xff, 0xff, 0xff, 0xff, 0xff,
  0xff, 0xff, 0xff, 0xfa, 0x81, 0x02, 0x00, 0x00, 0x00, 0x00, 0x00, 0x00, 0x00, 0x00, 0x4c, 0xc0,
  0xfe, 0xff, 0xff, 0xff, 0xff, 0xff, 0xff, 0xf7, 0xa0, 0x28, 0x00, 0x00, 0x00, 0x00, 0x00, 0x00,
  0x00, 0x00, 0x00, 0x00, 0x00, 0x00, 0x19, 0x58, 0x80, 0x91, 0x8d, 0x76, 0x48, 0x0a, 0x00, 0x00,
  0x00, 0x00, 0x00, 0x00, 0x00, 0x00, 0x00, 0x00, 0x00, 0x00, 0x00, 0x00, 0x22, 0x36, 0x13, 0x00,
  0x00, 0x00, 0x00, 0x00, 0x02, 0x0c, 0x00, 0x00, 0x00, 0x00, 0x00, 0x00, 0x00, 0x00, 0x00, 0x00,
  0x2e, 0xcf, 0xff, 0xff, 0xfc, 0x8e, 0x03, 0x00, 0x00, 0x00, 0x89, 0xd9, 0x2c, 0x00, 0x00, 0x00,
  0x00, 0x00, 0x00, 0x00, 0x00, 0x26, 0xec, 0xff, 0xff, 0xff, 0xff, 0xff, 0xa5, 0x05, 0x00, 0x65,
  0xff, 0xff, 0xf5, 0x5c, 0x00, 0x00, 0x00, 0x00, 0x00, 0x00, 0x0d, 0xd6, 0xff, 0xff, 0xff, 0xff,
  0xff, 0xff, 0xff, 0xdb, 0xc1, 0xff, 0xff, 0xff, 0xff, 0xd6, 0x07, 0x00, 0x00, 0x00, 0x00, 0x00,
  0xad, 0xff, 0xff, 0xff, 0xff, 0xff, 0xff, 0xff, 0xff, 0xff, 0xff, 0xff, 0xff, 0xff, 0xf0, 0x26,
  0x00, 0x00, 0x00, 0x00, 0x00, 0x25, 0xf0, 0xff, 0xff, 0xff, 0xb9, 0x55, 0xa5, 0xff, 0xff, 0xff,
  0xff, 0xff, 0xff, 0xfe, 0x4c, 0x00, 0x00, 0x00, 0x00, 0x00, 0x00, 0x00, 0x26, 0xd7, 0xff, 0xbb,
  0x05, 0x00, 0x00, 0x91, 0xff, 0xff, 0xff, 0xff, 0xfe, 0x6b, 0x00, 0x00, 0x00, 0x00, 0x00, 0x00,
  0x00, 0x00, 0x00, 0x0e, 0x9a, 0x14, 0x00, 0x00, 0x00, 0x00, 0x5a, 0xbe, 0xd3, 0xad, 0x3f, 0x00,
  0x00, 0x00, 0x00, 0x00, 0x00, 0x00, 0x00, 0x00, 0x00, 0x00, 0x00, 0x00, 0x00, 0x00, 0x00, 0x00,
  0x00, 0x00, 0x00, 0x00, 0x00, 0x00, 0x00, 0x00, 0x00, 0x00, 0x00, 0x00, 0x00, 0x00, 0x00, 0x00,
  0x00, 0x00, 0x02, 0x2d, 0x55, 0x66, 0x62, 0x4b, 0x1d, 0x00, 0x00, 0x00, 0x00, 0x00, 0x00, 0x00,
  0x00, 0x00, 0x00, 0x00, 0x00, 0x00, 0x26, 0x95, 0xea, 0xff, 0xff, 0xff, 0xff, 0xff, 0xff, 0xd6,
  0x75, 0x0f, 0x00, 0x00, 0x00, 0x00, 0x00, 0x00, 0x00, 0x00, 0x05, 0x8a, 0xfb, 0xff, 0xff, 0xff,
  0xff, 0xff, 0xff, 0xff, 0xff, 0xff, 0xff, 0xe9, 0x56, 0x00, 0x00, 0x00, 0x00, 0x00, 0x00, 0x0b,
  0xc1, 0xff, 0xff, 0xff, 0xff, 0xff, 0xff, 0xff, 0xff, 0xff, 0xff, 0xff, 0xff, 0xff, 0xff, 0x81,
  0x00, 0x00, 0x00, 0x00, 0x01, 0xb8, 0xff, 0xff, 0xff, 0xff, 0xff, 0xff, 0xff, 0xff, 0xff, 0xff,
  0xff, 0xff, 0xff, 0xff, 0xff, 0xff, 0x6e, 0x00, 0x00, 0x00, 0x70, 0xff, 0xff, 0xff, 0xff, 0xff,
  0xff, 0xfc, 0xc8, 0xa6, 0xac, 0xdb, 0xff, 0xff, 0xff, 0xff, 0xff, 0xff, 0xf9, 0x2b, 0x00, 0x0d,
  0xed, 0xff, 0xff, 0xff, 0xff, 0xff, 0xa9, 0x1d, 0x00, 0x00, 0x00, 0x00, 0x3d, 0xd5, 0xff, 0xff,
  0xff, 0xff, 0xff, 0xaf, 0x00, 0x60, 0xff, 0xff, 0xff, 0xff, 0xff, 0x91, 0x00, 0x00, 0x00, 0x00,
  0x00, 0x00, 0x00, 0x0d, 0xcf, 0xff, 0xff, 0xff, 0xff, 0xfc, 0x17, 0xaa, 0xff, 0xff, 0xff, 0xff,
  0xdf, 0x06, 0x00, 0x00, 0x00, 0x00, 0x00, 0x00, 0x00, 0x00, 0x32, 0xff, 0xff, 0xff, 0xff, 0xff,
  0x5e, 0xd9, 0xff, 0xff, 0xff, 0xff, 0x87, 0x00, 0x00, 0x00, 0x00, 0x00, 0x00, 0x00, 0x00, 0x00,
  0x00, 0xd3, 0xff, 0xff, 0xff, 0xff, 0x8d, 0xef, 0xff, 0xff, 0xff, 0xff, 0x5c, 0x00, 0x00, 0x00,
  0x00, 0x00, 0x00, 0x00, 0x00, 0x00, 0x00, 0xa8, 0xff, 0xff, 0xff, 0xff, 0xa3, 0xfb, 0xff, 0xff,
  0xff, 0xff, 0x4f, 0x00, 0x00, 0x00, 0x00, 0x00, 0x00, 0x00, 0x00, 0x00, 0x00, 0x9b, 0xff, 0xff,
  0xff, 0xff, 0xaf, 0xf2, 0xff, 0xff, 0xff, 0xff, 0x59, 0x00, 0x00, 0x00, 0x00, 0x00, 0x00, 0x00,
  0x00, 0x00, 0x00, 0xa5, 0xff, 0xff, 0xff, 0xff, 0xa6, 0xdf, 0xff, 0xff, 0xff, 0xff, 0x7e, 0x00,
  0x00, 0x00, 0x00, 0x00, 0x00, 0x00, 0x00, 0x00, 0x00, 0xca, 0xff, 0xff, 0xff, 0xff, 0x93, 0xb3,
  0xff, 0xff, 0xff, 0xff, 0xd2, 0x01, 0x00, 0x00, 0x00, 0x00, 0x00, 0x00, 0x00, 0x00, 0x23, 0xfd,
  0xff, 0xff, 0xff, 0xff, 0x67, 0x71, 0xff, 0xff, 0xff, 0xff, 0xff, 0x73, 0x00, 0x00, 0x00, 0x00,
  0x00, 0x00, 0x00, 0x04, 0xba, 0xff, 0xff, 0xff, 0xff, 0xff, 0x25, 0x19, 0xf8, 0xff, 0xff, 0xff,
  0xff, 0xfd, 0x82, 0x08, 0x00, 0x00, 0x00, 0x00, 0x1b, 0xb8, 0xff, 0xff, 0xff, 0xff, 0xff, 0xc6,
  0x00, 0x00, 0x8d, 0xff, 0xff, 0xff, 0xff, 0xff, 0xff, 0xe8, 0x9d, 0x7b, 0x81, 0xb1, 0xf8, 0xff,
  0xff, 0xff, 0xff, 0xff, 0xff, 0x42, 0x00, 0x00, 0x09, 0xd4, 0xff, 0xff, 0xff, 0xff, 0xff, 0xff,
  0xff, 0xff, 0xff, 0xff, 0xff, 0xff, 0xff, 0xff, 0xff, 0xff, 0x92, 0x00, 0x00, 0x00, 0x00, 0x1d,
  0xde, 0xff, 0xff, 0xff, 0xff, 0xff, 0xff, 0xff, 0xff, 0xff, 0xff, 0xff, 0xff, 0xff, 0xff, 0xab,
  0x03, 0x00, 0x00, 0x00, 0x00, 0x00, 0x14, 0xb5, 0xff, 0xff, 0xff, 0xff, 0xff, 0xff, 0xff, 0xff,
  0xff, 0xff, 0xff, 0xfa, 0x81, 0x02, 0x00, 0x00, 0x00, 0x00, 0x00, 0x00, 0x00, 0x00, 0x4c, 0xc0,
  0xfe, 0xff, 0xff, 0xff, 0xff, 0xff, 0xff, 0xf7, 0xa0, 0x28, 0x00, 0x00, 0x00, 0x00, 0x00, 0x00,
  0x00, 0x00, 0x00, 0x00, 0x00, 0x00, 0x19, 0x58, 0x80, 0x91, 0x8d, 0x76, 0x48, 0x0a, 0x00, 0x00,
  0x00, 0x00, 0x00, 0x00, 0x00, 0x00, 0x00, 0x00, 0x0d, 0x73, 0xaa, 0xa1, 0x54, 0x01, 0x00, 0x00,
  0x00, 0x00, 0x0d, 0x73, 0xaa, 0xa1, 0x54, 0x01, 0x00, 0x00, 0x00, 0x00, 0x00, 0x1a, 0xdb, 0xff,
  0xff, 0xff, 0xff, 0xa8, 0x02, 0x00, 0x00, 0x1b, 0xdb, 0xff, 0xff, 0xff, 0xff, 0xa7, 0x02, 0x00,
  0x00, 0x00, 0x00, 0xb4, 0xff, 0xff, 0xff, 0xff, 0xff, 0xff, 0x69, 0x00, 0x00, 0xb5, 0xff, 0xff,
  0xff, 0xff, 0xff, 0xff, 0x68, 0x00, 0x00, 0x00, 0x0d, 0xfd, 0xff, 0xff, 0xff, 0xff, 0xff, 0xff,
  0xbf, 0x00, 0x0d, 0xfd, 0xff, 0xff, 0xff, 0xff, 0xff, 0xff, 0xbe, 0x00, 0x00, 0x00, 0x1c, 0xff,
  0xff, 0xff, 0xff, 0xff, 0xff, 0xff, 0xd1, 0x00, 0x1d, 0xff, 0xff, 0xff, 0xff, 0xff, 0xff, 0xff,
  0xd0, 0x00, 0x00, 0x00, 0x03, 0xec, 0xff, 0xff, 0xff, 0xff, 0xff, 0xff, 0xa5, 0x00, 0x03, 0xed,
  0xff, 0xff, 0xff, 0xff, 0xff, 0xff, 0xa4, 0x00, 0x00, 0x00, 0x00, 0x72, 0xff, 0xff, 0xff, 0xff,
  0xff, 0xf8, 0x2f, 0x00, 0x00, 0x73, 0xff, 0xff, 0xff, 0xff, 0xff, 0xf7, 0x2e, 0x00, 0x00, 0x00,
  0x00, 0x00, 0x7b, 0xf7, 0xff, 0xff, 0xe3, 0x45, 0x00, 0x00, 0x00, 0x00, 0x7c, 0xf7, 0xff, 0xff,
  0xe3, 0x44, 0x00, 0x00, 0x00, 0x00, 0x00, 0x00, 0x00, 0x0f, 0x3e, 0x34, 0x04, 0x00, 0x00, 0x00,
  0x00, 0x00, 0x00, 0x0f, 0x3e, 0x34, 0x04, 0x00, 0x00, 0x00, 0x00, 0x00, 0x00, 0x00, 0x00, 0x00,
  0x00, 0x00, 0x02, 0x2d, 0x55, 0x66, 0x62, 0x4b, 0x1d, 0x00, 0x00, 0x00, 0x00, 0x00, 0x00, 0x00,
  0x00, 0x00, 0x00, 0x00, 0x00, 0x00, 0x26, 0x95, 0xea, 0xff, 0xff, 0xff, 0xff, 0xff, 0xff, 0xd6,
  0x75, 0x0f, 0x00, 0x00, 0x00, 0x00, 0x00, 0x00, 0x00, 0x00, 0x05, 0x8a, 0xfb, 0xff, 0xff, 0xff,
  0xff, 0xff, 0xff, 0xff, 0xff, 0xff, 0xff, 0xe9, 0x56, 0x00, 0x00, 0x00, 0x00, 0x00, 0x00, 0x0b,
  0xc1, 0xff, 0xff, 0xff, 0xff, 0xff, 0xff, 0xff, 0xff, 0xff, 0xff, 0xff, 0xff, 0xff, 0xff, 0x81,
  0x00, 0x00, 0x00, 0x00, 0x01, 0xb8, 0xff, 0xff, 0xff, 0xff, 0xff, 0xff, 0xff, 0xff, 0xff, 0xff,
  0xff, 0xff, 0xff, 0xff, 0xff, 0xff, 0x6e, 0x00, 0x00, 0x00, 0x70, 0xff, 0xff, 0xff, 0xff, 0xff,
  0xff, 0xfc, 0xc8, 0xa6, 0xac, 0xdb, 0xff, 0xff, 0xff, 0xff, 0xff, 0xff, 0xf9, 0x2b, 0x00, 0x0d,
  0xed, 0xff, 0xff, 0xff, 0xff, 0xff, 0xa9, 0x1d, 0x00, 0x00, 0x00, 0x00, 0x3d, 0xd5, 0xff, 0xff,
  0xff, 0xff, 0xff, 0xaf, 0x00, 0x60, 0xff, 0xff, 0xff, 0xff, 0xff, 0x91, 0x00, 0x00, 0x00, 0x00,
  0x00, 0x00, 0x00, 0x0d, 0xcf, 0xff, 0xff, 0xff, 0xff, 0xfc, 0x17, 0xaa, 0xff, 0xff, 0xff, 0xff,
  0xdf, 0x06, 0x00, 0x00, 0x00, 0x00, 0x00, 0x00, 0x00, 0x00, 0x32, 0xff, 0xff, 0xff, 0xff, 0xff,
  0x5e, 0xd9, 0xff, 0xff, 0xff, 0xff, 0x87, 0x00, 0x00, 0x00, 0x00, 0x00, 0x00, 0x00, 0x00, 0x00,
  0x00, 0xd3, 0xff, 0xff, 0xff, 0xff, 0x8d, 0xef, 0xff, 0xff, 0xff, 0xff, 0x5c, 0x00, 0x00, 0x00,
  0x00, 0x00, 0x00, 0x00, 0x00, 0x00, 0x00, 0xa8, 0xff, 0xff, 0xff, 0xff, 0xa3, 0xfb, 0xff, 0xff,
  0xff, 0xff, 0x4f, 0x00, 0x00, 0x00, 0x00, 0x00, 0x00, 0x00, 0x00, 0x00, 0x00, 0x9b, 0xff, 0xff,
  0xff, 0xff, 0xaf, 0xf2, 0xff, 0xff, 0xff, 0xff, 0x59, 0x00, 0x00, 0x00, 0x00, 0x00, 0x00, 0x00,
  0x00, 0x00, 0x00, 0xa5, 0xff, 0xff, 0xff, 0xff, 0xa6, 0xdf, 0xff, 0xff, 0xff, 0xff, 0x7e, 0x00,
  0x00, 0x00, 0x00, 0x00, 0x00, 0x00, 0x00, 0x00, 0x00, 0xca, 0xff, 0xff, 0xff, 0xff, 0x93, 0xb3,
  0xff, 0xff, 0xff, 0xff, 0xd2, 0x01, 0x00, 0x00, 0x00, 0x00, 0x00, 0x00, 0x00, 0x00, 0x23, 0xfd,
  0xff, 0xff, 0xff, 0xff, 0x67, 0x71, 0xff, 0xff, 0xff, 0xff, 0xff, 0x73, 0x00, 0x00, 0x00, 0x00,
  0x00, 0x00, 0x00, 0x04, 0xba, 0xff, 0xff, 0xff, 0xff, 0xff, 0x25, 0x19, 0xf8, 0xff, 0xff, 0xff,
  0xff, 0xfd, 0x82, 0x08, 0x00, 0x00, 0x00, 0x00, 0x1b, 0xb8, 0xff, 0xff, 0xff, 0xff, 0xff, 0xc6,
  0x00, 0x00, 0x8d, 0xff, 0xff, 0xff, 0xff, 0xff, 0xff, 0xe8, 0x9d, 0x7b, 0x81, 0xb1, 0xf8, 0xff,
  0xff, 0xff, 0xff, 0xff, 0xff, 0x42, 0x00, 0x00, 0x09, 0xd4, 0xff, 0xff, 0xff, 0xff, 0xff, 0xff,
  0xff, 0xff, 0xff, 0xff, 0xff, 0xff, 0xff, 0xff, 0xff, 0xff, 0x92, 0x00, 0x00, 0x00, 0x00, 0x1d,
  0xde, 0xff, 0xff, 0xff, 0xff, 0xff, 0xff, 0xff, 0xff, 0xff, 0xff, 0xff, 0xff, 0xff, 0xff, 0xab,
  0x03, 0x00, 0x00, 0x00, 0x00, 0x00, 0x14, 0xb5, 0xff, 0xff, 0xff, 0xff, 0xff, 0xff, 0xff, 0xff,
  0xff, 0xff, 0xff, 0xfa, 0x81, 0x02, 0x00, 0x00, 0x00, 0x00, 0x00, 0x00, 0x00, 0x00, 0x4c, 0xc0,
  0xfe, 0xff, 0xff, 0xff, 0xff, 0xff, 0xff, 0xf7, 0xa0, 0x28, 0x00, 0x00, 0x00, 0x00, 0x00, 0x00,
  0x00, 0x00, 0x00, 0x00, 0x00, 0x00, 0x19, 0x58, 0x80, 0x91, 0x8d, 0x76, 0x48, 0x0a, 0x00, 0x00,
  0x00, 0x00, 0x00, 0x00, 0x00, 0x00, 0x00, 0x00, 0x00, 0x00, 0x00, 0x00, 0x14, 0x4c, 0x41, 0x07,
  0x00, 0x00, 0x00, 0x00, 0x00, 0x00, 0x00, 0x00, 0x00, 0x00, 0x00, 0x00, 0x00, 0x6c, 0xf7, 0xff,
  0xff, 0xe2, 0x35, 0x00, 0x00, 0x00, 0x00, 0x00, 0x00, 0x00, 0x00, 0x00, 0x00, 0x00, 0x46, 0xff,
  0xff, 0xff, 0xff, 0xff, 0xea, 0x0f, 0x00, 0x00, 0x00, 0x00, 0x00, 0x00, 0x00, 0x00, 0x00, 0x00,
  0xa8, 0xff, 0xff, 0xff, 0xff, 0xff, 0xff, 0x5c, 0x00, 0x00, 0x00, 0x00, 0x00, 0x00, 0x00, 0x00,
  0x00, 0x00, 0xbb, 0xff, 0xff, 0xff, 0xff, 0xff, 0xff, 0x6f, 0x00, 0x00, 0x00, 0x00, 0x00, 0x00,
  0x00, 0x00, 0x00, 0x00, 0x88, 0xff, 0xff, 0xff, 0xff, 0xff, 0xff, 0x3c, 0x00, 0x00, 0x00, 0x00,
  0x00, 0x00, 0x00, 0x00, 0x00, 0x00, 0x15, 0xe0, 0xff, 0xff, 0xff, 0xff, 0xa9, 0x00, 0x00, 0x00,
  0x00, 0x00, 0x00, 0x00, 0x00, 0x00, 0x00, 0x00, 0x00, 0x19, 0x9a, 0xda, 0xcf, 0x77, 0x04, 0x00,
  0x00, 0x00, 0x00, 0x00, 0x00, 0x00, 0x00, 0x00, 0x00, 0x00, 0x00, 0x00, 0x00, 0x00, 0x00, 0x00,
  0x00, 0x00, 0x00, 0x00, 0x00, 0x00, 0x00, 0x16, 0x18, 0x18, 0x18, 0x18, 0x18, 0x18, 0x18, 0x18,
  0x18, 0x18, 0x18, 0x18, 0x18, 0x18, 0x18, 0x18, 0x0f, 0xed, 0xff, 0xff, 0xff, 0xff, 0xff, 0xff,
  0xff, 0xff, 0xff, 0xff, 0xff, 0xff, 0xff, 0xff, 0xff, 0xff, 0xa1, 0xed, 0xff, 0xff, 0xff, 0xff,
  0xff, 0xff, 0xff, 0xff, 0xff, 0xff, 0xff, 0xff, 0xff, 0xff, 0xff, 0xff, 0xa1, 0xed, 0xff, 0xff,
  0xff, 0xff, 0xff, 0xff, 0xff, 0xff, 0xff, 0xff, 0xff, 0xff, 0xff, 0xff, 0xff, 0xff, 0xa1, 0xed,
  0xff, 0xff, 0xff, 0xff, 0xff, 0xff, 0xff, 0xff, 0xff, 0xff, 0xff, 0xff, 0xff, 0xff, 0xff, 0xff,
  0xa1, 0xa4, 0xb1, 0xb1, 0xb1, 0xb1, 0xb1, 0xb1, 0xb1, 0xb1, 0xb1, 0xb1, 0xb1, 0xb1, 0xb1, 0xb1,
  0xb1, 0xb1, 0x6f, 0x00, 0x00, 0x00, 0x00, 0x00, 0x00, 0x00, 0x00, 0x00, 0x00, 0x00, 0x00, 0x00,
  0x00, 0x00, 0x00, 0x00, 0x00, 0x00, 0x00, 0x00, 0x00, 0x00, 0x00, 0x00, 0x0e, 0x40, 0x35, 0x03,
  0x00, 0x00, 0x00, 0x00, 0x00, 0x00, 0x00, 0x00, 0x00, 0x00, 0x00, 0x00, 0x00, 0x61, 0xf3, 0xff,
  0xff, 0xda, 0x2e, 0x00, 0x00, 0x00, 0x00, 0x00, 0x00, 0x00, 0x00, 0x00, 0x00, 0x00, 0x40, 0xfe,
  0xff, 0xff, 0xff, 0xff, 0xe5, 0x0c, 0x00, 0x00, 0x00, 0x00, 0x00, 0x00, 0x00, 0x00, 0x00, 0x00,
  0xa5, 0xff, 0xff, 0xff, 0xff, 0xff, 0xff, 0x59, 0x00, 0x00, 0x00, 0x00, 0x00, 0x00, 0x00, 0x00,
  0x00, 0x00, 0xbc, 0xff, 0xff, 0xff, 0xff, 0xff, 0xff, 0x70, 0x00, 0x00, 0x00, 0x00, 0x00, 0x00,
  0x00, 0x00, 0x00, 0x00, 0x8c, 0xff, 0xff, 0xff, 0xff, 0xff, 0xff, 0x40, 0x00, 0x00, 0x00, 0x00,
  0x00, 0x00, 0x00, 0x00, 0x00, 0x00, 0x18, 0xe6, 0xff, 0xff, 0xff, 0xff, 0xb2, 0x00, 0x00, 0x00,
  0x00, 0x00, 0x00, 0x00, 0x00, 0x00, 0x00, 0x00, 0x00, 0x1e, 0xa6, 0xe5, 0xda, 0x83, 0x06, 0x00,
  0x00, 0x00, 0x00, 0x00, 0x00, 0x00, 0x00, 0x00, 0x00, 0x00, 0x00, 0x00, 0x00, 0x00, 0x00, 0x00,
  0x00, 0x44, 0x7e, 0x2e, 0x00, 0x00, 0x00, 0x00, 0x00, 0x00, 0x00, 0x00, 0x00, 0x00, 0x00, 0x00,
  0x00, 0x00, 0x00, 0x00, 0x00, 0x00, 0x00, 0xac, 0xff, 0xff, 0xde, 0x8e, 0x18, 0x00, 0x00, 0x00,
  0x00, 0x00, 0x00, 0x00, 0x00, 0x00, 0x00, 0x00, 0x02, 0x2d, 0x55, 0x66, 0x69, 0xf6, 0xff, 0xff,
  0xff, 0xfa, 0x11, 0x00, 0x00, 0x00, 0x00, 0x00, 0x00, 0x00, 0x00, 0x00, 0x26, 0x95, 0xea, 0xff,
  0xff, 0xff, 0xff, 0xff, 0xff, 0xff, 0xff, 0xb5, 0x00, 0x00, 0x00, 0x00, 0x00, 0x00, 0x00, 0x00,
  0x05, 0x8a, 0xfb, 0xff, 0xff, 0xff, 0xff, 0xff, 0xff, 0xff, 0xff, 0xff, 0xff, 0xe6, 0x4b, 0x00,
  0x00, 0x00, 0x00, 0x00, 0x00, 0x0b, 0xc1, 0xff, 0xff, 0xff, 0xff, 0xff, 0xff, 0xff, 0xff, 0xff,
  0xff, 0xff, 0xff, 0xff, 0xfe, 0x70, 0x00, 0x00, 0x00, 0x00, 0x01, 0xb8, 0xff, 0xff, 0xff, 0xff,
  0xff, 0xff, 0xff, 0xff, 0xff, 0xff, 0xff, 0xff, 0xff, 0xff, 0xff, 0xff, 0x5d, 0x00, 0x00, 0x00,
  0x70, 0xff, 0xff, 0xff, 0xff, 0xff, 0xff, 0xfe, 0xcd, 0xec, 0xff, 0xff, 0xff, 0xff, 0xff, 0xff,
  0xff, 0xff, 0xf4, 0x22, 0x00, 0x0d, 0xed, 0xff, 0xff, 0xff, 0xff, 0xff, 0xae, 0x20, 0x07, 0xf1,
  0xff, 0xff, 0xff, 0xff, 0xff, 0xff, 0xff, 0xff, 0xff, 0xa5, 0x00, 0x60, 0xff, 0xff, 0xff, 0xff,
  0xff, 0x97, 0x00, 0x00, 0x4c, 0xff, 0xff, 0xff, 0xff, 0xd0, 0xd5, 0xff, 0xff, 0xff, 0xff, 0xfb,
  0x14, 0xaa, 0xff, 0xff, 0xff, 0xff, 0xe1, 0x06, 0x00, 0x00, 0xa0, 0xff, 0xff, 0xff, 0xff, 0x75,
  0x37, 0xff, 0xff, 0xff, 0xff, 0xff, 0x5b, 0xd9, 0xff, 0xff, 0xff, 0xff, 0x88, 0x00, 0x00, 0x05,
  0xee, 0xff, 0xff, 0xff, 0xff, 0x21, 0x00, 0xd5, 0xff, 0xff, 0xff, 0xff, 0x8b, 0xef, 0xff, 0xff,
  0xff, 0xff, 0x5c, 0x00, 0x00, 0x47, 0xff, 0xff, 0xff, 0xff, 0xcc, 0x00, 0x00, 0xa8, 0xff, 0xff,
  0xff, 0xff, 0xa3, 0xfb, 0xff, 0xff, 0xff, 0xff, 0x4f, 0x00, 0x00, 0x9b, 0xff, 0xff, 0xff, 0xff,
  0x77, 0x00, 0x00, 0x9a, 0xff, 0xff, 0xff, 0xff, 0xaf, 0xf2, 0xff, 0xff, 0xff, 0xff, 0x5a, 0x00,
  0x03, 0xeb, 0xff, 0xff, 0xff, 0xff, 0x23, 0x00, 0x00, 0xa4, 0xff, 0xff, 0xff, 0xff, 0xa6, 0xde,
  0xff, 0xff, 0xff, 0xff, 0x81, 0x00, 0x43, 0xff, 0xff, 0xff, 0xff, 0xce, 0x00, 0x00, 0x00, 0xc8,
  0xff, 0xff, 0xff, 0xff, 0x93, 0xb2, 0xff, 0xff, 0xff, 0xff, 0xd9, 0x03, 0x97, 0xff, 0xff, 0xff,
  0xff, 0x79, 0x00, 0x00, 0x20, 0xfc, 0xff, 0xff, 0xff, 0xff, 0x67, 0x6d, 0xff, 0xff, 0xff, 0xff,
  0xff, 0x7b, 0xe8, 0xff, 0xff, 0xff, 0xff, 0x25, 0x00, 0x03, 0xb6, 0xff, 0xff, 0xff, 0xff, 0xff,
  0x25, 0x16, 0xf6, 0xff, 0xff, 0xff, 0xff, 0xff, 0xff, 0xff, 0xff, 0xff, 0xd0, 0x00, 0x1b, 0xb6,
  0xff, 0xff, 0xff, 0xff, 0xff, 0xc6, 0x00, 0x00, 0x87, 0xff, 0xff, 0xff, 0xff, 0xff, 0xff, 0xff,
  0xff, 0xff, 0xcd, 0xb3, 0xf9, 0xff, 0xff, 0xff, 0xff, 0xff, 0xff, 0x42, 0x00, 0x00, 0x07, 0xd0,
  0xff, 0xff, 0xff, 0xff, 0xff, 0xff, 0xff, 0xff, 0xff, 0xff, 0xff, 0xff, 0xff, 0xff, 0xff, 0xff,
  0x92, 0x00, 0x00, 0x00, 0x00, 0x1b, 0xdd, 0xff, 0xff, 0xff, 0xff, 0xff, 0xff, 0xff, 0xff, 0xff,
  0xff, 0xff, 0xff, 0xff, 0xff, 0xab, 0x03, 0x00, 0x00, 0x00, 0x00, 0x00, 0x15, 0xb7, 0xff, 0xff,
  0xff, 0xff, 0xff, 0xff, 0xff, 0xff, 0xff, 0xff, 0xff, 0xfa, 0x81, 0x02, 0x00, 0x00, 0x00, 0x00,
  0x00, 0x00, 0x00, 0x03, 0xf0, 0xff, 0xff, 0xff, 0xff, 0xff, 0xff, 0xff, 0xff, 0xf7, 0xa0, 0x28,
  0x00, 0x00, 0x00, 0x00, 0x00, 0x00, 0x00, 0x00, 0x00, 0x40, 0xff, 0xff, 0xff, 0xff, 0xe0, 0x92,
  0x8d, 0x76, 0x48, 0x0a, 0x00, 0x00, 0x00, 0x00, 0x00, 0x00, 0x00, 0x00, 0x00, 0x00, 0x00, 0x62,
  0xf3, 0xff, 0xff, 0xff, 0x7f, 0x00, 0x00, 0x00, 0x00, 0x00, 0x00, 0x00, 0x00, 0x00, 0x00, 0x00,
  0x00, 0x00, 0x00, 0x00, 0x00, 0x00, 0x07, 0x4a, 0x99, 0xe7, 0x2e, 0x00, 0x00, 0x00, 0x00, 0x00,
  0x00, 0x00, 0x00, 0x00, 0x00, 0x00, 0x00, 0x00, 0x00, 0x00, 0x00, 0x00, 0x00, 0x00, 0x00, 0x01,
  0x00, 0x00, 0x00, 0x00, 0x00, 0x00, 0x00, 0x00, 0x00, 0x00, 0x00, 0x00, 0x00, 0x00, 0x00, 0x00,
  0x00, 0x6d, 0xa6, 0xa6, 0xa6, 0xa6, 0x95, 0x00, 0x00, 0x00, 0x00, 0x00, 0x00, 0x00, 0x00, 0x00,
  0x00, 0x00, 0x00, 0x00, 0x00, 0x2b, 0xfa, 0xff, 0xff, 0xff, 0xff, 0x35, 0x00, 0x00, 0x00, 0x00,
  0x00, 0x00, 0x00, 0x00, 0x00, 0x00, 0x00, 0x00, 0x00, 0x00, 0x87, 0xff, 0xff, 0xff, 0xff, 0x97,
  0x00, 0x00, 0x00, 0x00, 0x00, 0x00, 0x00, 0x00, 0x00, 0x00, 0x00, 0x00, 0x00, 0x00, 0x0a, 0xdf,
  0xff, 0xff, 0xff, 0xf0, 0x09, 0x00, 0x00, 0x00, 0x00, 0x00, 0x00, 0x00, 0x00, 0x00, 0x00, 0x00,
  0x00, 0x00, 0x00, 0x4b, 0xff, 0xff, 0xff, 0xff, 0x5b, 0x00, 0x00, 0x00, 0x00, 0x00, 0x00, 0x00,
  0x00, 0x00, 0x00, 0x00, 0x00, 0x00, 0x00, 0x00, 0xad, 0xff, 0xff, 0xff, 0xbc, 0x00, 0x00, 0x00,
  0x00, 0x00, 0x00, 0x00, 0x00, 0x00, 0x00, 0x00, 0x00, 0x00, 0x00, 0x00, 0x05, 0x0f, 0x0f, 0x0f,
  0x0e, 0x00, 0x00, 0x00, 0x00, 0x00, 0x00, 0x00, 0x00, 0x00, 0x00, 0x00, 0x00, 0x00, 0x00, 0x00,
  0x00, 0x00, 0x00, 0x00, 0x00, 0x00, 0x00, 0x00, 0x00, 0x00, 0x00, 0x00, 0x00, 0x00, 0x00, 0x00,
  0x00, 0x00, 0x00, 0x00, 0x00, 0x00, 0x00, 0x00, 0x00, 0x00, 0x00, 0x00, 0x00, 0x00, 0x00, 0x00,
  0x00, 0x9a, 0xd5, 0xd5, 0xd5, 0xd5, 0x79, 0x00, 0x00, 0x00, 0x00, 0x00, 0x00, 0x00, 0x00, 0x82,
  0xd5, 0xd5, 0xd5, 0xd5, 0x90, 0xb9, 0xff, 0xff, 0xff, 0xff, 0x91, 0x00, 0x00, 0x00, 0x00, 0x00,
  0x00, 0x00, 0x00, 0x9c, 0xff, 0xff, 0xff, 0xff, 0xae, 0xb9, 0xff, 0xff, 0xff, 0xff, 0x91, 0x00,
  0x00, 0x00, 0x00, 0x00, 0x00, 0x00, 0x00, 0x9c, 0xff, 0xff, 0xff, 0xff, 0xae, 0xb9, 0xff, 0xff,
  0xff, 0xff, 0x91, 0x00, 0x00, 0x00, 0x00, 0x00, 0x00, 0x00, 0x00, 0x9c, 0xff, 0xff, 0xff, 0xff,
  0xae, 0xb9, 0xff, 0xff, 0xff, 0xff, 0x91, 0x00, 0x00, 0x00, 0x00, 0x00, 0x00, 0x00, 0x00, 0x9c,
  0xff, 0xff, 0xff, 0xff, 0xae, 0xb9, 0xff, 0xff, 0xff, 0xff, 0x91, 0x00, 0x00, 0x00, 0x00, 0x00,
  0x00, 0x00, 0x00, 0x9c, 0xff, 0xff, 0xff, 0xff, 0xae, 0xb9, 0xff, 0xff, 0xff, 0xff, 0x91, 0x00,
  0x00, 0x00, 0x00, 0x00, 0x00, 0x00, 0x00, 0x9c, 0xff, 0xff, 0xff, 0xff, 0xae, 0xb9, 0xff, 0xff,
  0xff, 0xff, 0x91, 0x00, 0x00, 0x00, 0x00, 0x00, 0x00, 0x00, 0x00, 0x9c, 0xff, 0xff, 0xff, 0xff,
  0xae, 0xb9, 0xff, 0xff, 0xff, 0xff, 0x91, 0x00, 0x00, 0x00, 0x00, 0x00, 0x00, 0x00, 0x00, 0x9c,
  0xff, 0xff, 0xff, 0xff, 0xae, 0xb9, 0xff, 0xff, 0xff, 0xff, 0x91, 0x00, 0x00, 0x00, 0x00, 0x00,
  0x00, 0x00, 0x00, 0x9c, 0xff, 0xff, 0xff, 0xff, 0xae, 0xb9, 0xff, 0xff, 0xff, 0xff, 0x91, 0x00,
  0x00, 0x00, 0x00, 0x00, 0x00, 0x00, 0x00, 0x9c, 0xff, 0xff, 0xff, 0xff, 0xae, 0xb9, 0xff, 0xff,
  0xff, 0xff, 0x91, 0x00, 0x00, 0x00, 0x00, 0x00, 0x00, 0x00, 0x00, 0xa2, 0xff, 0xff, 0xff, 0xff,
  0xae, 0xb9, 0xff, 0xff, 0xff, 0xff, 0x98, 0x00, 0x00, 0x00, 0x00, 0x00, 0x00, 0x00, 0x00, 0xb8,
  0xff, 0xff, 0xff, 0xff, 0xae, 0xb5, 0xff, 0xff, 0xff, 0xff, 0xb7, 0x00, 0x00, 0x00, 0x00, 0x00,
  0x00, 0x00, 0x02, 0xe9, 0xff, 0xff, 0xff, 0xff, 0xae, 0xa7, 0xff, 0xff, 0xff, 0xff, 0xf5, 0x11,
  0x00, 0x00, 0x00, 0x00, 0x00, 0x00, 0x4c, 0xff, 0xff, 0xff, 0xff, 0xff, 0xae, 0x84, 0xff, 0xff,
  0xff, 0xff, 0xff, 0xa5, 0x02, 0x00, 0x00, 0x00, 0x00, 0x18, 0xdd, 0xff, 0xff, 0xff, 0xff, 0xff,
  0xae, 0x48, 0xff, 0xff, 0xff, 0xff, 0xff, 0xff, 0xc4, 0x5d, 0x39, 0x43, 0x7c, 0xea, 0xff, 0xff,
  0xff, 0xff, 0xff, 0xff, 0xae, 0x05, 0xe5, 0xff, 0xff, 0xff, 0xff, 0xff, 0xff, 0xff, 0xff, 0xff,
  0xff, 0xff, 0xfd, 0xfd, 0xff, 0xff, 0xff, 0xff, 0xae, 0x00, 0x5f, 0xff, 0xff, 0xff, 0xff, 0xff,
  0xff, 0xff, 0xff, 0xff, 0xff, 0xff, 0x62, 0x9c, 0xff, 0xff, 0xff, 0xff, 0xae, 0x00, 0x00, 0x94,
  0xff, 0xff, 0xff, 0xff, 0xff, 0xff, 0xff, 0xff, 0xff, 0xbd, 0x02, 0x9c, 0xff, 0xff, 0xff, 0xff,
  0xae, 0x00, 0x00, 0x00, 0x68, 0xe9, 0xff, 0xff, 0xff, 0xff, 0xff, 0xfd, 0x9f, 0x0c, 0x00, 0x9c,
  0xff, 0xff, 0xff, 0xff, 0xae, 0x00, 0x00, 0x00, 0x00, 0x07, 0x4b, 0x7e, 0x92, 0x8a, 0x66, 0x20,
  0x00, 0x00, 0x00, 0x00, 0x00, 0x00, 0x00, 0x00, 0x00, 0x00, 0x00, 0x00, 0x00, 0x00, 0x00, 0x00,
  0x00, 0x00, 0x34, 0xa6, 0xa6, 0xa6, 0xa6, 0xa6, 0x27, 0x00, 0x00, 0x00, 0x00, 0x00, 0x00, 0x00,
  0x00, 0x00, 0x00, 0x00, 0x00, 0x00, 0xa1, 0xff, 0xff, 0xff, 0xff, 0xb9, 0x00, 0x00, 0x00, 0x00,
  0x00, 0x00, 0x00, 0x00, 0x00, 0x00, 0x00, 0x00, 0x00, 0x0d, 0xf5, 0xff, 0xff, 0xff, 0xf7, 0x24,
  0x00, 0x00, 0x00, 0x00, 0x00, 0x00, 0x00, 0x00, 0x00, 0x00, 0x00, 0x00, 0x00, 0x65, 0xff, 0xff,
  0xff, 0xff, 0x7d, 0x00, 0x00, 0x00, 0x00, 0x00, 0x00, 0x00, 0x00, 0x00, 0x00, 0x00, 0x00, 0x00,
  0x00, 0xc7, 0xff, 0xff, 0xff, 0xd8, 0x06, 0x00, 0x00, 0x00, 0x00, 0x00, 0x00, 0x00, 0x00, 0x00,
  0x00, 0x00, 0x00, 0x00, 0x29, 0xff, 0xff, 0xff, 0xff, 0x42, 0x00, 0x00, 0x00, 0x00, 0x00, 0x00,
  0x00, 0x00, 0x00, 0x00, 0x00, 0x00, 0x00, 0x00, 0x05, 0x0f, 0x0f, 0x0f, 0x0e, 0x00, 0x00, 0x00,
  0x00, 0x00, 0x00, 0x00, 0x00, 0x00, 0x00, 0x00, 0x00, 0x00, 0x00, 0x00, 0x00, 0x00, 0x00, 0x00,
  0x00, 0x00, 0x00, 0x00, 0x00, 0x00, 0x00, 0x00, 0x00, 0x00, 0x00, 0x00, 0x00, 0x00, 0x00, 0x00,
  0x00, 0x00, 0x00, 0x00, 0x00, 0x00, 0x00, 0x00, 0x00, 0x00, 0x00, 0x00, 0x00, 0x9a, 0xd5, 0xd5,
  0xd5, 0xd5, 0x79, 0x00, 0x00, 0x00, 0x00, 0x00, 0x00, 0x00, 0x00, 0x82, 0xd5, 0xd5, 0xd5, 0xd5,
  0x90, 0xb9, 0xff, 0xff, 0xff, 0xff, 0x91, 0x00, 0x00, 0x00, 0x00, 0x00, 0x00, 0x00, 0x00, 0x9c,
  0xff, 0xff, 0xff, 0xff, 0xae, 0xb9, 0xff, 0xff, 0xff, 0xff, 0x91, 0x00, 0x00, 0x00, 0x00, 0x00,
  0x00, 0x00, 0x00, 0x9c, 0xff, 0xff, 0xff, 0xff, 0xae, 0xb9, 0xff, 0xff, 0xff, 0xff, 0x91, 0x00,
  0x00, 0x00, 0x00, 0x00, 0x00, 0x00, 0x00, 0x9c, 0xff, 0xff, 0xff, 0xff, 0xae, 0xb9, 0xff, 0xff,
  0xff, 0xff, 0x91, 0x00, 0x00, 0x00, 0x00, 0x00, 0x00, 0x00, 0x00, 0x9c, 0xff, 0xff, 0xff, 0xff,
  0xae, 0xb9, 0xff, 0xff, 0xff, 0xff, 0x91, 0x00, 0x00, 0x00, 0x00, 0x00, 0x00, 0x00, 0x00, 0x9c,
  0xff, 0xff, 0xff, 0xff, 0xae, 0xb9, 0xff, 0xff, 0xff, 0xff, 0x91, 0x00, 0x00, 0x00, 0x00, 0x00,
  0x00, 0x00, 0x00, 0x9c, 0xff, 0xff, 0xff, 0xff, 0xae, 0xb9, 0xff, 0xff, 0xff, 0xff, 0x91, 0x00,
  0x00, 0x00, 0x00, 0x00, 0x00, 0x00, 0x00, 0x9c, 0xff, 0xff, 0xff, 0xff, 0xae, 0xb9, 0xff, 0xff,
  0xff, 0xff, 0x91, 0x00, 0x00, 0x00, 0x00, 0x00, 0x00, 0x00, 0x00, 0x9c, 0xff, 0xff, 0xff, 0xff,
  0xae, 0xb9, 0xff, 0xff, 0xff, 0xff, 0x91, 0x00, 0x00, 0x00, 0x00, 0x00, 0x00, 0x00, 0x00, 0x9c,
  0xff, 0xff, 0xff, 0xff, 0xae, 0xb9, 0xff, 0xff, 0xff, 0xff, 0x91, 0x00, 0x00, 0x00, 0x00, 0x00,
  0x00, 0x00, 0x00, 0x9c, 0xff, 0xff, 0xff, 0xff, 0xae, 0xb9, 0xff, 0xff, 0xff, 0xff, 0x91, 0x00,
  0x00, 0x00, 0x00, 0x00, 0x00, 0x00, 0x00, 0xa2, 0xff, 0xff, 0xff, 0xff, 0xae, 0xb9, 0xff, 0xff,
  0xff, 0xff, 0x98, 0x00, 0x00, 0x00, 0x00, 0x00, 0x00, 0x00, 0x00, 0xb8, 0xff, 0xff, 0xff, 0xff,
  0xae, 0xb5, 0xff, 0xff, 0xff, 0xff, 0xb7, 0x00, 0x00, 0x00, 0x00, 0x00, 0x00, 0x00, 0x02, 0xe9,
  0xff, 0xff, 0xff, 0xff, 0xae, 0xa7, 0xff, 0xff, 0xff, 0xff, 0xf5, 0x11, 0x00, 0x00, 0x00, 0x00,
  0x00, 0x00, 0x4c, 0xff, 0xff, 0xff, 0xff, 0xff, 0xae, 0x84, 0xff, 0xff, 0xff, 0xff, 0xff, 0xa5,
  0x02, 0x00, 0x00, 0x00, 0x00, 0x18, 0xdd, 0xff, 0xff, 0xff, 0xff, 0xff, 0xae, 0x48, 0xff, 0xff,
  0xff, 0xff, 0xff, 0xff, 0xc4, 0x5d, 0x39, 0x43, 0x7c, 0xea, 0xff, 0xff, 0xff, 0xff, 0xff, 0xff,
  0xae, 0x05, 0xe5, 0xff, 0xff, 0xff, 0xff, 0xff, 0xff, 0xff, 0xff, 0xff, 0xff, 0xff, 0xfd, 0xfd,
  0xff, 0xff, 0xff, 0xff, 0xae, 0x00, 0x5f, 0xff, 0xff, 0xff, 0xff, 0xff, 0xff, 0xff, 0xff, 0xff,
  0xff, 0xff, 0x62, 0x9c, 0xff, 0xff, 0xff, 0xff, 0xae, 0x00, 0x00, 0x94, 0xff, 0xff, 0xff, 0xff,
  0xff, 0xff, 0xff, 0xff, 0xff, 0xbd, 0x02, 0x9c, 0xff, 0xff, 0xff, 0xff, 0xae, 0x00, 0x00, 0x00,
  0x68, 0xe9, 0xff, 0xff, 0xff, 0xff, 0xff, 0xfd, 0x9f, 0x0c, 0x00, 0x9c, 0xff, 0xff, 0xff, 0xff,
  0xae, 0x00, 0x00, 0x00, 0x00, 0x07, 0x4b, 0x7e, 0x92, 0x8a, 0x66, 0x20, 0x00, 0x00, 0x00, 0x00,
  0x00, 0x00, 0x00, 0x00, 0x00, 0x00, 0x00, 0x00, 0x00, 0x00, 0x05, 0x9b, 0xa6, 0xa6, 0xa6, 0xa6,
  0xa6, 0xa6, 0x6f, 0x00, 0x00, 0x00, 0x00, 0x00, 0x00, 0x00, 0x00, 0x00, 0x00, 0x00, 0x79, 0xff,
  0xff, 0xff, 0xff, 0xff, 0xff, 0xff, 0xfc, 0x30, 0x00, 0x00, 0x00, 0x00, 0x00, 0x00, 0x00, 0x00,
  0x00, 0x20, 0xf6, 0xff, 0xff, 0xff, 0xa5, 0xd5, 0xff, 0xff, 0xff, 0xc8, 0x02, 0x00, 0x00, 0x00,
  0x00, 0x00, 0x00, 0x00, 0x00, 0xb4, 0xff, 0xff, 0xff, 0xf5, 0x15, 0x57, 0xff, 0xff, 0xff, 0xff,
  0x69, 0x00, 0x00, 0x00, 0x00, 0x00, 0x00, 0x00, 0x53, 0xff, 0xff, 0xff, 0xff, 0x8e, 0x00, 0x02,
  0xd7, 0xff, 0xff, 0xff, 0xef, 0x17, 0x00, 0x00, 0x00, 0x00, 0x00, 0x0d, 0xe4, 0xff, 0xff, 0xff,
  0xf7, 0x19, 0x00, 0x00, 0x5d, 0xff, 0xff, 0xff, 0xff, 0xa5, 0x00, 0x00, 0x00, 0x00, 0x00, 0x04,
  0x0f, 0x0f, 0x0f, 0x0f, 0x0c, 0x00, 0x00, 0x00, 0x01, 0x0f, 0x0f, 0x0f, 0x0f, 0x0e, 0x00, 0x00,
  0x00, 0x00, 0x00, 0x00, 0x00, 0x00, 0x00, 0x00, 0x00, 0x00, 0x00, 0x00, 0x00, 0x00, 0x00, 0x00,
  0x00, 0x00, 0x00, 0x00, 0x00, 0x00, 0x00, 0x00, 0x00, 0x00, 0x00, 0x00, 0x00, 0x00, 0x00, 0x00,
  0x00, 0x00, 0x00, 0x00, 0x00, 0x00, 0x00, 0x00, 0x00, 0x9a, 0xd5, 0xd5, 0xd5, 0xd5, 0x79, 0x00,
  0x00, 0x00, 0x00, 0x00, 0x00, 0x00, 0x00, 0x82, 0xd5, 0xd5, 0xd5, 0xd5, 0x90, 0xb9, 0xff, 0xff,
  0xff, 0xff, 0x91, 0x00, 0x00, 0x00, 0x00, 0x00, 0x00, 0x00, 0x00, 0x9c, 0xff, 0xff, 0xff, 0xff,
  0xae, 0xb9, 0xff, 0xff, 0xff, 0xff, 0x91, 0x00, 0x00, 0x00, 0x00, 0x00, 0x00, 0x00, 0x00, 0x9c,
  0xff, 0xff, 0xff, 0xff, 0xae, 0xb9, 0xff, 0xff, 0xff, 0xff, 0x91, 0x00, 0x00, 0x00, 0x00, 0x00,
  0x00, 0x00, 0x00, 0x9c, 0xff, 0xff, 0xff, 0xff, 0xae, 0xb9, 0xff, 0xff, 0xff, 0xff, 0x91, 0x00,
  0x00, 0x00, 0x00, 0x00, 0x00, 0x00, 0x00, 0x9c, 0xff, 0xff, 0xff, 0xff, 0xae, 0xb9, 0xff, 0xff,
  0xff, 0xff, 0x91, 0x00, 0x00, 0x00, 0x00, 0x00, 0x00, 0x00, 0x00, 0x9c, 0xff, 0xff, 0xff, 0xff,
  0xae, 0xb9, 0xff, 0xff, 0xff, 0xff, 0x91, 0x00, 0x00, 0x00, 0x00, 0x00, 0x00, 0x00, 0x00, 0x9c,
  0xff, 0xff, 0xff, 0xff, 0xae, 0xb9, 0xff, 0xff, 0xff, 0xff, 0x91, 0x00, 0x00, 0x00, 0x00, 0x00,
  0x00, 0x00, 0x00, 0x9c, 0xff, 0xff, 0xff, 0xff, 0xae, 0xb9, 0xff, 0xff, 0xff, 0xff, 0x91, 0x00,
  0x00, 0x00, 0x00, 0x00, 0x00, 0x00, 0x00, 0x9c, 0xff, 0xff, 0xff, 0xff, 0xae, 0xb9, 0xff, 0xff,
  0xff, 0xff, 0x91, 0x00, 0x00, 0x00, 0x00, 0x00, 0x00, 0x00, 0x00, 0x9c, 0xff, 0xff, 0xff, 0xff,
  0xae, 0xb9, 0xff, 0xff, 0xff, 0xff, 0x91, 0x00, 0x00, 0x00, 0x00, 0x00, 0x00, 0x00, 0x00, 0x9c,
  0xff, 0xff, 0xff, 0xff, 0xae, 0xb9, 0xff, 0xff, 0xff, 0xff, 0x91, 0x00, 0x00, 0x00, 0x00, 0x00,
  0x00, 0x00, 0x00, 0xa2, 0xff, 0xff, 0xff, 0xff, 0xae, 0xb9, 0xff, 0xff, 0xff, 0xff, 0x98, 0x00,
  0x00, 0x00, 0x00, 0x00, 0x00, 0x00, 0x00, 0xb8, 0xff, 0xff, 0xff, 0xff, 0xae, 0xb5, 0xff, 0xff,
  0xff, 0xff, 0xb7, 0x00, 0x00, 0x00, 0x00, 0x00, 0x00, 0x00, 0x02, 0xe9, 0xff, 0xff, 0xff, 0xff,
  0xae, 0xa7, 0xff, 0xff, 0xff, 0xff, 0xf5, 0x11, 0x00, 0x00, 0x00, 0x00, 0x00, 0x00, 0x4c, 0xff,
  0xff, 0xff, 0xff, 0xff, 0xae, 0x84, 0xff, 0xff, 0xff, 0xff, 0xff, 0xa5, 0x02, 0x00, 0x00, 0x00,
  0x00, 0x18, 0xdd, 0xff, 0xff, 0xff, 0xff, 0xff, 0xae, 0x48, 0xff, 0xff, 0xff, 0xff, 0xff, 0xff,
  0xc4, 0x5d, 0x39, 0x43, 0x7c, 0xea, 0xff, 0xff, 0xff, 0xff, 0xff, 0xff, 0xae, 0x05, 0xe5, 0xff,
  0xff, 0xff, 0xff, 0xff, 0xff, 0xff, 0xff, 0xff, 0xff, 0xff, 0xfd, 0xfd, 0xff, 0xff, 0xff, 0xff,
  0xae, 0x00, 0x5f, 0xff, 0xff, 0xff, 0xff, 0xff, 0xff, 0xff, 0xff, 0xff, 0xff, 0xff, 0x62, 0x9c,
  0xff, 0xff, 0xff, 0xff, 0xae, 0x00, 0x00, 0x94, 0xff, 0xff, 0xff, 0xff, 0xff, 0xff, 0xff, 0xff,
  0xff, 0xbd, 0x02, 0x9c, 0xff, 0xff, 0xff, 0xff, 0xae, 0x00, 0x00, 0x00, 0x68, 0xe9, 0xff, 0xff,
  0xff, 0xff, 0xff, 0xfd, 0x9f, 0x0c, 0x00, 0x9c, 0xff, 0xff, 0xff, 0xff, 0xae, 0x00, 0x00, 0x00,
  0x00, 0x07, 0x4b, 0x7e, 0x92, 0x8a, 0x66, 0x20, 0x00, 0x00, 0x00, 0x00, 0x00, 0x00, 0x00, 0x00,
  0x00, 0x00, 0x00, 0x0d, 0x73, 0xaa, 0xa1, 0x54, 0x01, 0x00, 0x00, 0x00, 0x00, 0x0d, 0x73, 0xaa,
  0xa1, 0x54, 0x01, 0x00, 0x00, 0x00, 0x1a, 0xdb, 0xff, 0xff, 0xff, 0xff, 0xa8, 0x02, 0x00, 0x00,
  0x1b, 0xdb, 0xff, 0xff, 0xff, 0xff, 0xa7, 0x02, 0x00, 0x00, 0xb4, 0xff, 0xff, 0xff, 0xff, 0xff,
  0xff, 0x69, 0x00, 0x00, 0xb5, 0xff, 0xff, 0xff, 0xff, 0xff, 0xff, 0x68, 0x00, 0x0d, 0xfd, 0xff,
  0xff, 0xff, 0xff, 0xff, 0xff, 0xbf, 0x00, 0x0d, 0xfd, 0xff, 0xff, 0xff, 0xff, 0xff, 0xff, 0xbe,
  0x00, 0x1c, 0xff, 0xff, 0xff, 0xff, 0xff, 0xff, 0xff, 0xd1, 0x00, 0x1d, 0xff, 0xff, 0xff, 0xff,
  0xff, 0xff, 0xff, 0xd0, 0x00, 0x03, 0xec, 0xff, 0xff, 0xff, 0xff, 0xff, 0xff, 0xa5, 0x00, 0x03,
  0xed, 0xff, 0xff, 0xff, 0xff, 0xff, 0xff, 0xa4, 0x00, 0x00, 0x72, 0xff, 0xff, 0xff, 0xff, 0xff,
  0xf8, 0x2f, 0x00, 0x00, 0x73, 0xff, 0xff, 0xff, 0xff, 0xff, 0xf7, 0x2e, 0x00, 0x00, 0x00, 0x7b,
  0xf7, 0xff, 0xff, 0xe3, 0x45, 0x00, 0x00, 0x00, 0x00, 0x7c, 0xf7, 0xff, 0xff, 0xe3, 0x44, 0x00,
  0x00, 0x00, 0x00, 0x00, 0x0f, 0x3e, 0x34, 0x04, 0x00, 0x00, 0x00, 0x00, 0x00, 0x00, 0x0f, 0x3e,
  0x34, 0x04, 0x00, 0x00, 0x00, 0x00, 0x00, 0x00, 0x00, 0x00, 0x00, 0x00, 0x00, 0x00, 0x00, 0x00,
  0x00, 0x00, 0x00, 0x00, 0x00, 0x00, 0x00, 0x00, 0x00, 0x9a, 0xd5, 0xd5, 0xd5, 0xd5, 0x79, 0x00,
  0x00, 0x00, 0x00, 0x00, 0x00, 0x00, 0x00, 0x82, 0xd5, 0xd5, 0xd5, 0xd5, 0x90, 0xb9, 0xff, 0xff,
  0xff, 0xff, 0x91, 0x00, 0x00, 0x00, 0x00, 0x00, 0x00, 0x00, 0x00, 0x9c, 0xff, 0xff, 0xff, 0xff,
  0xae, 0xb9, 0xff, 0xff, 0xff, 0xff, 0x91, 0x00, 0x00, 0x00, 0x00, 0x00, 0x00, 0x00, 0x00, 0x9c,
  0xff, 0xff, 0xff, 0xff, 0xae, 0xb9, 0xff, 0xff, 0xff, 0xff, 0x91, 0x00, 0x00, 0x00, 0x00, 0x00,
  0x00, 0x00, 0x00, 0x9c, 0xff, 0xff, 0xff, 0xff, 0xae, 0xb9, 0xff, 0xff, 0xff, 0xff, 0x91, 0x00,
  0x00, 0x00, 0x00, 0x00, 0x00, 0x00, 0x00, 0x9c, 0xff, 0xff, 0xff, 0xff, 0xae, 0xb9, 0xff, 0xff,
  0xff, 0xff, 0x91, 0x00, 0x00, 0x00, 0x00, 0x00, 0x00, 0x00, 0x00, 0x9c, 0xff, 0xff, 0xff, 0xff,
  0xae, 0xb9, 0xff, 0xff, 0xff, 0xff, 0x91, 0x00, 0x00, 0x00, 0x00, 0x00, 0x00, 0x00, 0x00, 0x9c,
  0xff, 0xff, 0xff, 0xff, 0xae, 0xb9, 0xff, 0xff, 0xff, 0xff, 0x91, 0x00, 0x00, 0x00, 0x00, 0x00,
  0x00, 0x00, 0x00, 0x9c, 0xff, 0xff, 0xff, 0xff, 0xae, 0xb9, 0xff, 0xff, 0xff, 0xff, 0x91, 0x00,
  0x00, 0x00, 0x00, 0x00, 0x00, 0x00, 0x00, 0x9c, 0xff, 0xff, 0xff, 0xff, 0xae, 0xb9, 0xff, 0xff,
  0xff, 0xff, 0x91, 0x00, 0x00, 0x00, 0x00, 0x00, 0x00, 0x00, 0x00, 0x9c, 0xff, 0xff, 0xff, 0xff,
  0xae, 0xb9, 0xff, 0xff, 0xff, 0xff, 0x91, 0x00, 0x00, 0x00, 0x00, 0x00, 0x00, 0x00, 0x00, 0x9c,
  0xff, 0xff, 0xff, 0xff, 0xae, 0xb9, 0xff, 0xff, 0xff, 0xff, 0x91, 0x00, 0x00, 0x00, 0x00, 0x00,
  0x00, 0x00, 0x00, 0xa2, 0xff, 0xff, 0xff, 0xff, 0xae, 0xb9, 0xff, 0xff, 0xff, 0xff, 0x98, 0x00,
  0x00, 0x00, 0x00, 0x00, 0x00, 0x00, 0x00, 0xb8, 0xff, 0xff, 0xff, 0xff, 0xae, 0xb5, 0xff, 0xff,
  0xff, 0xff, 0xb7, 0x00, 0x00, 0x00, 0x00, 0x00, 0x00, 0x00, 0x02, 0xe9, 0xff, 0xff, 0xff, 0xff,
  0xae, 0xa7, 0xff, 0xff, 0xff, 0xff, 0xf5, 0x11, 0x00, 0x00, 0x00, 0x00, 0x00, 0x00, 0x4c, 0xff,
  0xff, 0xff, 0xff, 0xff, 0xae, 0x84, 0xff, 0xff, 0xff, 0xff, 0xff, 0xa5, 0x02, 0x00, 0x00, 0x00,
  0x00, 0x18, 0xdd, 0xff, 0xff, 0xff, 0xff, 0xff, 0xae, 0x48, 0xff, 0xff, 0xff, 0xff, 0xff, 0xff,
  0xc4, 0x5d, 0x39, 0x43, 0x7c, 0xea, 0xff, 0xff, 0xff, 0xff, 0xff, 0xff, 0xae, 0x05, 0xe5, 0xff,
  0xff, 0xff, 0xff, 0xff, 0xff, 0xff, 0xff, 0xff, 0xff, 0xff, 0xfd, 0xfd, 0xff, 0xff, 0xff, 0xff,
  0xae, 0x00, 0x5f, 0xff, 0xff, 0xff, 0xff, 0xff, 0xff, 0xff, 0xff, 0xff, 0xff, 0xff, 0x62, 0x9c,
  0xff, 0xff, 0xff, 0xff, 0xae, 0x00, 0x00, 0x94, 0xff, 0xff, 0xff, 0xff, 0xff, 0xff, 0xff, 0xff,
  0xff, 0xbd, 0x02, 0x9c, 0xff, 0xff, 0xff, 0xff, 0xae, 0x00, 0x00, 0x00, 0x68, 0xe9, 0xff, 0xff,
  0xff, 0xff, 0xff, 0xfd, 0x9f, 0x0c, 0x00, 0x9c, 0xff, 0xff, 0xff, 0xff, 0xae, 0x00, 0x00, 0x00,
  0x00, 0x07, 0x4b, 0x7e, 0x92, 0x8a, 0x66, 0x20, 0x00, 0x00, 0x00, 0x00, 0x00, 0x00, 0x00, 0x00,
  0x00, 0x00, 0x00, 0x00, 0x00, 0x00, 0x00, 0x00, 0x00, 0x00, 0x34, 0xa6, 0xa6, 0xa6, 0xa6, 0xa6,
  0x27, 0x00, 0x00, 0x00, 0x00, 0x00, 0x00, 0x00, 0x00, 0x00, 0x00, 0x00, 0x00, 0x00, 0xa1, 0xff,
  0xff, 0xff, 0xff, 0xb9, 0x00, 0x00, 0x00, 0x00, 0x00, 0x00, 0x00, 0x00, 0x00, 0x00, 0x00, 0x00,
  0x00, 0x0d, 0xf5, 0xff, 0xff, 0xff, 0xf7, 0x24, 0x00, 0x00, 0x00, 0x00, 0x00, 0x00, 0x00, 0x00,
  0x00, 0x00, 0x00, 0x00, 0x00, 0x65, 0xff, 0xff, 0xff, 0xff, 0x7d, 0x00, 0x00, 0x00, 0x00, 0x00,
  0x00, 0x00, 0x00, 0x00, 0x00, 0x00, 0x00, 0x00, 0x00, 0xc7, 0xff, 0xff, 0xff, 0xd8, 0x06, 0x00,
  0x00, 0x00, 0x00, 0x00, 0x00, 0x00, 0x00, 0x00, 0x00, 0x00, 0x00, 0x00, 0x29, 0xff, 0xff, 0xff,
  0xff, 0x42, 0x00, 0x00, 0x00, 0x00, 0x00, 0x00, 0x00, 0x00, 0x00, 0x00, 0x00, 0x00, 0x00, 0x00,
  0x05, 0x0f, 0x0f, 0x0f, 0x0e, 0x00, 0x00, 0x00, 0x00, 0x00, 0x00, 0x00, 0x00, 0x00, 0x00, 0x00,
  0x00, 0x00, 0x00, 0x00, 0x00, 0x00, 0x00, 0x00, 0x00, 0x00, 0x00, 0x00, 0x00, 0x00, 0x00, 0x00,
  0x00, 0x00, 0x00, 0x00, 0x00, 0x00, 0x00, 0x00, 0x00, 0x00, 0x00, 0x00, 0x00, 0x00, 0x00, 0x00,
  0x00, 0x00, 0x00, 0x00, 0x00, 0x9a, 0xd5, 0xd5, 0xd5, 0xd5, 0x79, 0x00, 0x00, 0x00, 0x00, 0x00,
  0x00, 0x00, 0x00, 0x82, 0xd5, 0xd5, 0xd5, 0xd5, 0x90, 0xb9, 0xff, 0xff, 0xff, 0xff, 0x91, 0x00,
  0x00, 0x00, 0x00, 0x00, 0x00, 0x00, 0x00, 0x9c, 0xff, 0xff, 0xff, 0xff, 0xae, 0xb9, 0xff, 0xff,
  0xff, 0xff, 0x91, 0x00, 0x00, 0x00, 0x00, 0x00, 0x00, 0x00, 0x00, 0x9c, 0xff, 0xff, 0xff, 0xff,
  0xae, 0xb9, 0xff, 0xff, 0xff, 0xff, 0x91, 0x00, 0x00, 0x00, 0x00, 0x00, 0x00, 0x00, 0x00, 0x9c,
  0xff, 0xff, 0xff, 0xff, 0xae, 0xb9, 0xff, 0xff, 0xff, 0xff, 0x91, 0x00, 0x00, 0x00, 0x00, 0x00,
  0x00, 0x00, 0x00, 0x9c, 0xff, 0xff, 0xff, 0xff, 0xae, 0xb9, 0xff, 0xff, 0xff, 0xff, 0x91, 0x00,
  0x00, 0x00, 0x00, 0x00, 0x00, 0x00, 0x00, 0x9c, 0xff, 0xff, 0xff, 0xff, 0xae, 0xb9, 0xff, 0xff,
  0xff, 0xff, 0x91, 0x00, 0x00, 0x00, 0x00, 0x00, 0x00, 0x00, 0x00, 0x9c, 0xff, 0xff, 0xff, 0xff,
  0xae, 0xb9, 0xff, 0xff, 0xff, 0xff, 0x91, 0x00, 0x00, 0x00, 0x00, 0x00, 0x00, 0x00, 0x00, 0x9c,
  0xff, 0xff, 0xff, 0xff, 0xae, 0xb9, 0xff, 0xff, 0xff, 0xff, 0x91, 0x00, 0x00, 0x00, 0x00, 0x00,
  0x00, 0x00, 0x00, 0x9c, 0xff, 0xff, 0xff, 0xff, 0xae, 0xb9, 0xff, 0xff, 0xff, 0xff, 0x91, 0x00,
  0x00, 0x00, 0x00, 0x00, 0x00, 0x00, 0x00, 0x9c, 0xff, 0xff, 0xff, 0xff, 0xae, 0xb9, 0xff, 0xff,
  0xff, 0xff, 0x91, 0x00, 0x00, 0x00, 0x00, 0x00, 0x00, 0x00, 0x00, 0x9c, 0xff, 0xff, 0xff, 0xff,
  0xae, 0xb9, 0xff, 0xff, 0xff, 0xff, 0x91, 0x00, 0x00, 0x00, 0x00, 0x00, 0x00, 0x00, 0x00, 0xa2,
  0xff, 0xff, 0xff, 0xff, 0xae, 0xb9, 0xff, 0xff, 0xff, 0xff, 0x98, 0x00, 0x00, 0x00, 0x00, 0x00,
  0x00, 0x00, 0x00, 0xb8, 0xff, 0xff, 0xff, 0xff, 0xae, 0xb5, 0xff, 0xff, 0xff, 0xff, 0xb7, 0x00,
  0x00, 0x00, 0x00, 0x00, 0x00, 0x00, 0x02, 0xe9, 0xff, 0xff, 0xff, 0xff, 0xae, 0xa7, 0xff, 0xff,
  0xff, 0xff, 0xf5, 0x11, 0x00, 0x00, 0x00, 0x00, 0x00, 0x00, 0x4c, 0xff, 0xff, 0xff, 0xff, 0xff,
  0xae, 0x84, 0xff, 0xff, 0xff, 0xff, 0xff, 0xa5, 0x02, 0x00, 0x00, 0x00, 0x00, 0x18, 0xdd, 0xff,
  0xff, 0xff, 0xff, 0xff, 0xae, 0x48, 0xff, 0xff, 0xff, 0xff, 0xff, 0xff, 0xc4, 0x5d, 0x39, 0x43,
  0x7c, 0xea, 0xff, 0xff, 0xff, 0xff, 0xff, 0xff, 0xae, 0x05, 0xe5, 0xff, 0xff, 0xff, 0xff, 0xff,
  0xff, 0xff, 0xff, 0xff, 0xff, 0xff, 0xfd, 0xfd, 0xff, 0xff, 0xff, 0xff, 0xae, 0x00, 0x5f, 0xff,
  0xff, 0xff, 0xff, 0xff, 0xff, 0xff, 0xff, 0xff, 0xff, 0xff, 0x62, 0x9c, 0xff, 0xff, 0xff, 0xff,
  0xae, 0x00, 0x00, 0x94, 0xff, 0xff, 0xff, 0xff, 0xff, 0xff, 0xff, 0xff, 0xff, 0xbd, 0x02, 0x9c,
  0xff, 0xff, 0xff, 0xff, 0xae, 0x00, 0x00, 0x00, 0x68, 0xe9, 0xff, 0xff, 0xff, 0xff, 0xff, 0xfd,
  0x9f, 0x0c, 0x00, 0x9c, 0xff, 0xff, 0xff, 0xff, 0xae, 0x00, 0x00, 0x00, 0x00, 0x07, 0x4b, 0x7e,
  0x92, 0x8a, 0x66, 0x20, 0x00, 0x00, 0x00, 0x9c, 0xff, 0xff, 0xff, 0xff, 0xae, 0x00, 0x00, 0x00,
  0x00, 0x00, 0x00, 0x00, 0x00, 0x00, 0x00, 0x00, 0x00, 0x00, 0x00, 0x9c, 0xff, 0xff, 0xff, 0xff,
  0xae, 0x00, 0x00, 0x00, 0x00, 0x00, 0x00, 0x00, 0x00, 0x00, 0x00, 0x00, 0x00, 0x00, 0x00, 0xb0,
  0xff, 0xff, 0xff, 0xff, 0xae, 0x00, 0x00, 0x00, 0x00, 0x9a, 0xa3, 0xa3, 0xa3, 0xa3, 0xa3, 0xa3,
  0xa3, 0xa3, 0xb3, 0xfd, 0xff, 0xff, 0xff, 0xff, 0xae, 0x00, 0x00, 0x00, 0x00, 0xf1, 0xff, 0xff,
  0xff, 0xff, 0xff, 0xff, 0xff, 0xff, 0xff, 0xff, 0xff, 0xff, 0xff, 0xff, 0xae, 0x00, 0x00, 0x00,
  0x00, 0xf1, 0xff, 0xff, 0xff, 0xff, 0xff, 0xff, 0xff, 0xff, 0xff, 0xff, 0xff, 0xff, 0xff, 0xff,
  0xa5, 0x00, 0x00, 0x00, 0x00, 0xf1, 0xff, 0xff, 0xff, 0xff, 0xff, 0xff, 0xff, 0xff, 0xff, 0xff,
  0xff, 0xff, 0xff, 0xff, 0x65, 0x00, 0x00, 0x00, 0x00, 0xf1, 0xff, 0xff, 0xff, 0xff, 0xff, 0xff,
  0xff, 0xff, 0xff, 0xff, 0xff, 0xff, 0xff, 0xae, 0x03, 0x00, 0x00, 0x00, 0x00, 0x60, 0x66, 0x66,
  0x66, 0x66, 0x66, 0x66, 0x66, 0x66, 0x66, 0x66, 0x66, 0x63, 0x3a, 0x00, 0x00, 0x64, 0x66, 0x66,
  0x66, 0x66, 0x1f, 0x00, 0x00, 0x00, 0x00, 0x00, 0x00, 0x00, 0x00, 0x00, 0x00, 0x00, 0x00, 0x00,
  0x00, 0x00, 0x00, 0xfb, 0xff, 0xff, 0xff, 0xff, 0x4e, 0x00, 0x00, 0x00, 0x00, 0x00, 0x00, 0x00,
  0x00, 0x00, 0x00, 0x00, 0x00, 0x00, 0x00, 0x00, 0x00, 0xfb, 0xff, 0xff, 0xff, 0xff, 0x4e, 0x00,
  0x00, 0x00, 0x00, 0x00, 0x00, 0x00, 0x00, 0x00, 0x00, 0x00, 0x00, 0x00, 0x00, 0x00, 0x00, 0xfb,
  0xff, 0xff, 0xff, 0xff, 0x4e, 0x00, 0x00, 0x00, 0x00, 0x00, 0x00, 0x00, 0x00, 0x00, 0x00, 0x00,
  0x00, 0x00, 0x00, 0x00, 0x00, 0xfb, 0xff, 0xff, 0xff, 0xff, 0x4e, 0x00, 0x00, 0x00, 0x00, 0x00,
  0x00, 0x00, 0x00, 0x00, 0x00, 0x00, 0x00, 0x00, 0x00, 0x00, 0x00, 0xfb, 0xff, 0xff, 0xff, 0xff,
  0x4e, 0x00, 0x00, 0x00, 0x00, 0x00, 0x00, 0x00, 0x00, 0x00, 0x00, 0x00, 0x00, 0x00, 0x00, 0x00,
  0x00, 0xfb, 0xff, 0xff, 0xff, 0xff, 0x4e, 0x00, 0x00, 0x00, 0x00, 0x00, 0x00, 0x00, 0x00, 0x00,
  0x00, 0x00, 0x00, 0x00, 0x00, 0x00, 0x00, 0xfb, 0xff, 0xff, 0xff, 0xff, 0x4e, 0x00, 0x00, 0x00,
  0x00, 0x00, 0x00, 0x00, 0x00, 0x00, 0x00, 0x00, 0x00, 0x00, 0x00, 0x00, 0x00, 0xfc, 0xff, 0xff,
  0xff, 0xff, 0x4e, 0x00, 0x00, 0x00, 0x02, 0x33, 0x5b, 0x67, 0x5b, 0x32, 0x02, 0x00, 0x00, 0x00,
  0x00, 0x00, 0x00, 0xfc, 0xff, 0xff, 0xff, 0xff, 0x4e, 0x00, 0x00, 0x6c, 0xe7, 0xff, 0xff, 0xff,
  0xff, 0xff, 0xe5, 0x7a, 0x09, 0x00, 0x00, 0x00, 0x00, 0xfb, 0xff, 0xff, 0xff, 0xff, 0x4e, 0x03,
  0xa7, 0xff, 0xff, 0xff, 0xff, 0xff, 0xff, 0xff, 0xff, 0xff, 0xd7, 0x27, 0x00, 0x00, 0x00, 0xfb,
  0xff, 0xff, 0xff, 0xff, 0x4e, 0x77, 0xff, 0xff, 0xff, 0xff, 0xff, 0xff, 0xff, 0xff, 0xff, 0xff,
  0xff, 0xe9, 0x22, 0x00, 0x00, 0xfc, 0xff, 0xff, 0xff, 0xff, 0xde, 0xf9, 0xff, 0xff, 0xff, 0xff,
  0xff, 0xff, 0xff, 0xff, 0xff, 0xff, 0xff, 0xff, 0xce, 0x04, 0x00, 0xfc, 0xff, 0xff, 0xff, 0xff,
  0xff, 0xff, 0xff, 0xfc, 0xc7, 0xa6, 0xac, 0xd8, 0xff, 0xff, 0xff, 0xff, 0xff, 0xff, 0xff, 0x6b,
  0x00, 0xfc, 0xff, 0xff, 0xff, 0xff, 0xff, 0xff, 0xad, 0x1d, 0x00, 0x00, 0x00, 0x00, 0x38, 0xd3,
  0xff, 0xff, 0xff, 0xff, 0xff, 0xde, 0x01, 0xfb, 0xff, 0xff, 0xff, 0xff, 0xff, 0x9f, 0x01, 0x00,
  0x00, 0x00, 0x00, 0x00, 0x00, 0x0d, 0xd4, 0xff, 0xff, 0xff, 0xff, 0xff, 0x33, 0xfc, 0xff, 0xff,
  0xff, 0xff, 0xe9, 0x0a, 0x00, 0x00, 0x00, 0x00, 0x00, 0x00, 0x00, 0x00, 0x3a, 0xff, 0xff, 0xff,
  0xff, 0xff, 0x6f, 0xfb, 0xff, 0xff, 0xff, 0xff, 0x91, 0x00, 0x00, 0x00, 0x00, 0x00, 0x00, 0x00,
  0x00, 0x00, 0x00, 0xda, 0xff, 0xff, 0xff, 0xff, 0x96, 0xfb, 0xff, 0xff, 0xff, 0xff, 0x60, 0x00,
  0x00, 0x00, 0x00, 0x00, 0x00, 0x00, 0x00, 0x00, 0x00, 0xab, 0xff, 0xff, 0xff, 0xff, 0xa7, 0xfc,
  0xff, 0xff, 0xff, 0xff, 0x50, 0x00, 0x00, 0x00, 0x00, 0x00, 0x00, 0x00, 0x00, 0x00, 0x00, 0x9c,
  0xff, 0xff, 0xff, 0xff, 0xaf, 0xfb, 0xff, 0xff, 0xff, 0xff, 0x5c, 0x00, 0x00, 0x00, 0x00, 0x00,
  0x00, 0x00, 0x00, 0x00, 0x00, 0xa7, 0xff, 0xff, 0xff, 0xff, 0xa9, 0xfc, 0xff, 0xff, 0xff, 0xff,
  0x86, 0x00, 0x00, 0x00, 0x00, 0x00, 0x00, 0x00, 0x00, 0x00, 0x00, 0xcf, 0xff, 0xff, 0xff, 0xff,
  0x9b, 0xfc, 0xff, 0xff, 0xff, 0xff, 0xdb, 0x03, 0x00, 0x00, 0x00, 0x00, 0x00, 0x00, 0x00, 0x00,
  0x27, 0xfe, 0xff, 0xff, 0xff, 0xff, 0x79, 0xfc, 0xff, 0xff, 0xff, 0xff, 0xff, 0x7c, 0x00, 0x00,
  0x00, 0x00, 0x00, 0x00, 0x00, 0x03, 0xbc, 0xff, 0xff, 0xff, 0xff, 0xff, 0x46, 0xfc, 0xff, 0xff,
  0xff, 0xff, 0xff, 0xfe, 0x83, 0x07, 0x00, 0x00, 0x00, 0x00, 0x17, 0xb3, 0xff, 0xff, 0xff, 0xff,
  0xff, 0xf1, 0x08, 0xfc, 0xff, 0xff, 0xff, 0xff, 0xff, 0xff, 0xff, 0xe7, 0x9c, 0x7b, 0x81, 0xad,
  0xf5, 0xff, 0xff, 0xff, 0xff, 0xff, 0xff, 0x90, 0x00, 0xfb, 0xff, 0xff, 0xff, 0xff, 0xfb, 0xff,
  0xff, 0xff, 0xff, 0xff, 0xff, 0xff, 0xff, 0xff, 0xff, 0xff, 0xff, 0xff, 0xee, 0x15, 0x00, 0xfb,
  0xff, 0xff, 0xff, 0xff, 0x4e, 0x93, 0xff, 0xff, 0xff, 0xff, 0xff, 0xff, 0xff, 0xff, 0xff, 0xff,
  0xff, 0xfd, 0x4d, 0x00, 0x00, 0xfb, 0xff, 0xff, 0xff, 0xff, 0x4e, 0x09, 0xbe, 0xff, 0xff, 0xff,
  0xff, 0xff, 0xff, 0xff, 0xff, 0xff, 0xf7, 0x59, 0x00, 0x00, 0x00, 0xfc, 0xff, 0xff, 0xff, 0xff,
  0x4e, 0x00, 0x07, 0x99, 0xfd, 0xff, 0xff, 0xff, 0xff, 0xff, 0xfe, 0xb3, 0x29, 0x00, 0x00, 0x00,
  0x00, 0xfc, 0xff, 0xff, 0xff, 0xff, 0x4e, 0x00, 0x00, 0x00, 0x1c, 0x62, 0x87, 0x92, 0x87, 0x60,
  0x1d, 0x00, 0x00, 0x00, 0x00, 0x00, 0x00, 0xfb, 0xff, 0xff, 0xff, 0xff, 0x4e, 0x00, 0x00, 0x00,
  0x00, 0x00, 0x00, 0x00, 0x00, 0x00, 0x00, 0x00, 0x00, 0x00, 0x00, 0x00, 0x00, 0xfb, 0xff, 0xff,
  0xff, 0xff, 0x4e, 0x00, 0x00, 0x00, 0x00, 0x00, 0x00, 0x00, 0x00, 0x00, 0x00, 0x00, 0x00, 0x00,
  0x00, 0x00, 0x00, 0xfb, 0xff, 0xff, 0xff, 0xff, 0x4e, 0x00, 0x00, 0x00, 0x00, 0x00, 0x00, 0x00,
  0x00, 0x00, 0x00, 0x00, 0x00, 0x00, 0x00, 0x00, 0x00, 0xfb, 0xff, 0xff, 0xff, 0xff, 0x4e, 0x00,
  0x00, 0x00, 0x00, 0x00, 0x00, 0x00, 0x00, 0x00, 0x00, 0x00, 0x00, 0x00, 0x00, 0x00, 0x00, 0xfb,
  0xff, 0xff, 0xff, 0xff, 0x4e, 0x00, 0x00, 0x00, 0x00, 0x00, 0x00, 0x00, 0x00, 0x00, 0x00, 0x00,
  0x00, 0x00, 0x00, 0x00, 0x00, 0xfb, 0xff, 0xff, 0xff, 0xff, 0x4e, 0x00, 0x00, 0x00, 0x00, 0x00,
  0x00, 0x00, 0x00, 0x00, 0x00, 0x00, 0x00, 0x00, 0x00, 0x00, 0x00, 0xfb, 0xff, 0xff, 0xff, 0xff,
  0x4e, 0x00, 0x00, 0x00, 0x00, 0x00, 0x00, 0x00, 0x00, 0x00, 0x00, 0x00, 0x00, 0x00, 0x00, 0x00,
  0x00, 0xe3, 0xe7, 0xe7, 0xe7, 0xe7, 0x47, 0x00, 0x00, 0x00, 0x00, 0x00, 0x00, 0x00, 0x00, 0x00,
  0x00, 0x00, 0x00, 0x00, 0x00, 0x00, 0x00, 0x00, 0x00, 0x0d, 0x73, 0xaa, 0xa1, 0x54, 0x01, 0x00,
  0x00, 0x00, 0x00, 0x0d, 0x73, 0xaa, 0xa1, 0x54, 0x01, 0x00, 0x00, 0x00, 0x1a, 0xdb, 0xff, 0xff,
  0xff, 0xff, 0xa8, 0x02, 0x00, 0x00, 0x1b, 0xdb, 0xff, 0xff, 0xff, 0xff, 0xa7, 0x02, 0x00, 0x00,
  0xb4, 0xff, 0xff, 0xff, 0xff, 0xff, 0xff, 0x69, 0x00, 0x00, 0xb5, 0xff, 0xff, 0xff, 0xff, 0xff,
  0xff, 0x68, 0x00, 0x0d, 0xfd, 0xff, 0xff, 0xff, 0xff, 0xff, 0xff, 0xbf, 0x00, 0x0d, 0xfd, 0xff,
  0xff, 0xff, 0xff, 0xff, 0xff, 0xbe, 0x00, 0x1c, 0xff, 0xff, 0xff, 0xff, 0xff, 0xff, 0xff, 0xd1,
  0x00, 0x1d, 0xff, 0xff, 0xff, 0xff, 0xff, 0xff, 0xff, 0xd0, 0x00, 0x03, 0xec, 0xff, 0xff, 0xff,
  0xff, 0xff, 0xff, 0xa5, 0x00, 0x03, 0xed, 0xff, 0xff, 0xff, 0xff, 0xff, 0xff, 0xa4, 0x00, 0x00,
  0x72, 0xff, 0xff, 0xff, 0xff, 0xff, 0xf8, 0x2f, 0x00, 0x00, 0x73, 0xff, 0xff, 0xff, 0xff, 0xff,
  0xf7, 0x2e, 0x00, 0x00, 0x00, 0x7b, 0xf7, 0xff, 0xff, 0xe3, 0x45, 0x00, 0x00, 0x00, 0x00, 0x7c,
  0xf7, 0xff, 0xff, 0xe3, 0x44, 0x00, 0x00, 0x00, 0x00, 0x00, 0x0f, 0x3e, 0x34, 0x04, 0x00, 0x00,
  0x00, 0x00, 0x00, 0x00, 0x0f, 0x3e, 0x34, 0x04, 0x00, 0x00, 0x00, 0x00, 0x00, 0x00, 0x00, 0x00,
  0x00, 0x00, 0x00, 0x00, 0x00, 0x00, 0x00, 0x00, 0x00, 0x00, 0x00, 0x00, 0x00, 0x00, 0x00, 0x9a,
  0xd5, 0xd5, 0xd5, 0xd5, 0x79, 0x00, 0x00, 0x00, 0x00, 0x00, 0x00, 0x00, 0x00, 0x82, 0xd5, 0xd5,
  0xd5, 0xd5, 0x90, 0xb9, 0xff, 0xff, 0xff, 0xff, 0x91, 0x00, 0x00, 0x00, 0x00, 0x00, 0x00, 0x00,
  0x00, 0x9c, 0xff, 0xff, 0xff, 0xff, 0xae, 0xb9, 0xff, 0xff, 0xff, 0xff, 0x91, 0x00, 0x00, 0x00,
  0x00, 0x00, 0x00, 0x00, 0x00, 0x9c, 0xff, 0xff, 0xff, 0xff, 0xae, 0xb9, 0xff, 0xff, 0xff, 0xff,
  0x91, 0x00, 0x00, 0x00, 0x00, 0x00, 0x00, 0x00, 0x00, 0x9c, 0xff, 0xff, 0xff, 0xff, 0xae, 0xb9,
  0xff, 0xff, 0xff, 0xff, 0x91, 0x00, 0x00, 0x00, 0x00, 0x00, 0x00, 0x00, 0x00, 0x9c, 0xff, 0xff,
  0xff, 0xff, 0xae, 0xb9, 0xff, 0xff, 0xff, 0xff, 0x91, 0x00, 0x00, 0x00, 0x00, 0x00, 0x00, 0x00,
  0x00, 0x9c, 0xff, 0xff, 0xff, 0xff, 0xae, 0xb9, 0xff, 0xff, 0xff, 0xff, 0x91, 0x00, 0x00, 0x00,
  0x00, 0x00, 0x00, 0x00, 0x00, 0x9c, 0xff, 0xff, 0xff, 0xff, 0xae, 0xb9, 0xff, 0xff, 0xff, 0xff,
  0x91, 0x00, 0x00, 0x00, 0x00, 0x00, 0x00, 0x00, 0x00, 0x9c, 0xff, 0xff, 0xff, 0xff, 0xae, 0xb9,
  0xff, 0xff, 0xff, 0xff, 0x91, 0x00, 0x00, 0x00, 0x00, 0x00, 0x00, 0x00, 0x00, 0x9c, 0xff, 0xff,
  0xff, 0xff, 0xae, 0xb9, 0xff, 0xff, 0xff, 0xff, 0x91, 0x00, 0x00, 0x00, 0x00, 0x00, 0x00, 0x00,
  0x00, 0x9c, 0xff, 0xff, 0xff, 0xff, 0xae, 0xb9, 0xff, 0xff, 0xff, 0xff, 0x91, 0x00, 0x00, 0x00,
  0x00, 0x00, 0x00, 0x00, 0x00, 0x9c, 0xff, 0xff, 0xff, 0xff, 0xae, 0xb9, 0xff, 0xff, 0xff, 0xff,
  0x91, 0x00, 0x00, 0x00, 0x00, 0x00, 0x00, 0x00, 0x00, 0xa2, 0xff, 0xff, 0xff, 0xff, 0xae, 0xb9,
  0xff, 0xff, 0xff, 0xff, 0x98, 0x00, 0x00, 0x00, 0x00, 0x00, 0x00, 0x00, 0x00, 0xb8, 0xff, 0xff,
  0xff, 0xff, 0xae, 0xb5, 0xff, 0xff, 0xff, 0xff, 0xb7, 0x00, 0x00, 0x00, 0x00, 0x00, 0x00, 0x00,
  0x02, 0xe9, 0xff, 0xff, 0xff, 0xff, 0xae, 0xa7, 0xff, 0xff, 0xff, 0xff, 0xf5, 0x11, 0x00, 0x00,
  0x00, 0x00, 0x00, 0x00, 0x4c, 0xff, 0xff, 0xff, 0xff, 0xff, 0xae, 0x84, 0xff, 0xff, 0xff, 0xff,
  0xff, 0xa5, 0x02, 0x00, 0x00, 0x00, 0x00, 0x18, 0xdd, 0xff, 0xff, 0xff, 0xff, 0xff, 0xae, 0x48,
  0xff, 0xff, 0xff, 0xff, 0xff, 0xff, 0xc4, 0x5d, 0x39, 0x43, 0x7c, 0xea, 0xff, 0xff, 0xff, 0xff,
  0xff, 0xff, 0xae, 0x05, 0xe5, 0xff, 0xff, 0xff, 0xff, 0xff, 0xff, 0xff, 0xff, 0xff, 0xff, 0xff,
  0xfd, 0xfd, 0xff, 0xff, 0xff, 0xff, 0xae, 0x00, 0x5f, 0xff, 0xff, 0xff, 0xff, 0xff, 0xff, 0xff,
  0xff, 0xff, 0xff, 0xff, 0x62, 0x9c, 0xff, 0xff, 0xff, 0xff, 0xae, 0x00, 0x00, 0x94, 0xff, 0xff,
  0xff, 0xff, 0xff, 0xff, 0xff, 0xff, 0xff, 0xbd, 0x02, 0x9c, 0xff, 0xff, 0xff, 0xff, 0xae, 0x00,
  0x00, 0x00, 0x68, 0xe9, 0xff, 0xff, 0xff, 0xff, 0xff, 0xfd, 0x9f, 0x0c, 0x00, 0x9c, 0xff, 0xff,
  0xff, 0xff, 0xae, 0x00, 0x00, 0x00, 0x00, 0x07, 0x4b, 0x7e, 0x92, 0x8a, 0x66, 0x20, 0x00, 0x00,
  0x00, 0x9c, 0xff, 0xff, 0xff, 0xff, 0xae, 0x00, 0x00, 0x00, 0x00, 0x00, 0x00, 0x00, 0x00, 0x00,
  0x00, 0x00, 0x00, 0x00, 0x00, 0x9c, 0xff, 0xff, 0xff, 0xff, 0xae, 0x00, 0x00, 0x00, 0x00, 0x00,
  0x00, 0x00, 0x00, 0x00, 0x00, 0x00, 0x00, 0x00, 0x00, 0xb0, 0xff, 0xff, 0xff, 0xff, 0xae, 0x00,
  0x00, 0x00, 0x00, 0x9a, 0xa3, 0xa3, 0xa3, 0xa3, 0xa3, 0xa3, 0xa3, 0xa3, 0xb3, 0xfd, 0xff, 0xff,
  0xff, 0xff, 0xae, 0x00, 0x00, 0x00, 0x00, 0xf1, 0xff, 0xff, 0xff, 0xff, 0xff, 0xff, 0xff, 0xff,
  0xff, 0xff, 0xff, 0xff, 0xff, 0xff, 0xae, 0x00, 0x00, 0x00, 0x00, 0xf1, 0xff, 0xff, 0xff, 0xff,
  0xff, 0xff, 0xff, 0xff, 0xff, 0xff, 0xff, 0xff, 0xff, 0xff, 0xa5, 0x00, 0x00, 0x00, 0x00, 0xf1,
  0xff, 0xff, 0xff, 0xff, 0xff, 0xff, 0xff, 0xff, 0xff, 0xff, 0xff, 0xff, 0xff, 0xff, 0x65, 0x00,
  0x00, 0x00, 0x00, 0xf1, 0xff, 0xff, 0xff, 0xff, 0xff, 0xff, 0xff, 0xff, 0xff, 0xff, 0xff, 0xff,
  0xff, 0xae, 0x03, 0x00, 0x00, 0x00, 0x00, 0x60, 0x66, 0x66, 0x66, 0x66, 0x66, 0x66, 0x66, 0x66,
  0x66, 0x66, 0x66, 0x63, 0x3a, 0x00, 0x00, 0x00, 0x00, 0x00, 0x00, 0x00, 0x00, 0x00, 0x00, 0x00,
  0x26, 0x50, 0x63, 0x68, 0x5b, 0x3c, 0x0f, 0x00, 0x00, 0x00, 0x00, 0x00, 0x00, 0x00, 0x00, 0x00,
  0x00, 0x00, 0x00, 0x00, 0x1c, 0x89, 0xe2, 0xff, 0xff, 0xff, 0xff, 0xff, 0xff, 0xfb, 0xbf, 0x54,
  0x01, 0x00, 0x00, 0x00, 0x00, 0x00, 0x00, 0x00, 0x00, 0x03, 0x7d, 0xf7, 0xff, 0xff, 0xff, 0xff,
  0xff, 0xff, 0xff, 0xff, 0xff, 0xff, 0xff, 0xc4, 0x21, 0x00, 0x00, 0x00, 0x00, 0x00, 0x00, 0x0a,
  0xb9, 0xff, 0xff, 0xff, 0xff, 0xff, 0xff, 0xff, 0xff, 0xff, 0xff, 0xff, 0xff, 0xff, 0xff, 0xea,
  0x2e, 0x00, 0x00, 0x00, 0x00, 0x02, 0xb9, 0xff, 0xff, 0xff, 0xff, 0xff, 0xff, 0xff, 0xff, 0xff,
  0xff, 0xff, 0xff, 0xff, 0xff, 0xff, 0xff, 0xe3, 0x11, 0x00, 0x00, 0x00, 0x7c, 0xff, 0xff, 0xff,
  0xff, 0xff, 0xff, 0xff, 0xff, 0xff, 0xff, 0xff, 0xf6, 0xf6, 0xff, 0xff, 0xff, 0xff, 0xff, 0x99,
  0x00, 0x00, 0x1a, 0xf6, 0xff, 0xff, 0xff, 0xff, 0xfe, 0x84, 0x8a, 0xff, 0xff, 0xff, 0xff, 0xca,
  0x0a, 0x96, 0xff, 0xff, 0xff, 0xff, 0xfa, 0x19, 0x00, 0x7e, 0xff, 0xff, 0xff, 0xff, 0xff, 0x73,
  0x00, 0x80, 0xff, 0xff, 0xff, 0xff, 0xca, 0x00, 0x01, 0xcd, 0xff, 0xff, 0xff, 0xff, 0x6c, 0x00,
  0xce, 0xff, 0xff, 0xff, 0xff, 0xcd, 0x00, 0x00, 0x80, 0xff, 0xff, 0xff, 0xff, 0xca, 0x00, 0x00,
  0x85, 0xff, 0xff, 0xff, 0xff, 0xa7, 0x06, 0xfa, 0xff, 0xff, 0xff, 0xff, 0x6c, 0x00, 0x00, 0x80,
  0xff, 0xff, 0xff, 0xff, 0xfc, 0xef, 0xef, 0xf6, 0xff, 0xff, 0xff, 0xff, 0xcb, 0x19, 0xff, 0xff,
  0xff, 0xff, 0xff, 0x38, 0x00, 0x00, 0x80, 0xff, 0xff, 0xff, 0xff, 0xff, 0xff, 0xff, 0xff, 0xff,
  0xff, 0xff, 0xff, 0xd8, 0x25, 0xff, 0xff, 0xff, 0xff, 0xff, 0x27, 0x00, 0x00, 0x80, 0xff, 0xff,
  0xff, 0xff, 0xff, 0xff, 0xff, 0xff, 0xff, 0xff, 0xff, 0xff, 0xdb, 0x1c, 0xff, 0xff, 0xff, 0xff,
  0xff, 0x34, 0x00, 0x00, 0x80, 0xff, 0xff, 0xff, 0xff, 0xff, 0xff, 0xff, 0xff, 0xff, 0xff, 0xff,
  0xff, 0xdb, 0x0a, 0xfe, 0xff, 0xff, 0xff, 0xff, 0x63, 0x00, 0x00, 0x80, 0xff, 0xff, 0xff, 0xff,
  0xff, 0xff, 0xff, 0xff, 0xff, 0xff, 0xff, 0xff, 0xdb, 0x00, 0xd9, 0xff, 0xff, 0xff, 0xff, 0xc0,
  0x00, 0x00, 0x80, 0xff, 0xff, 0xff, 0xff, 0xd0, 0x1a, 0x1a, 0x1a, 0x1a, 0x1a, 0x1a, 0x1a, 0x16,
  0x00, 0x92, 0xff, 0xff, 0xff, 0xff, 0xff, 0x6a, 0x00, 0x80, 0xff, 0xff, 0xff, 0xff, 0xca, 0x00,
  0x00, 0x1b, 0x0e, 0x00, 0x00, 0x00, 0x00, 0x00, 0x2e, 0xfe, 0xff, 0xff, 0xff, 0xff, 0xfc, 0x78,
  0x86, 0xff, 0xff, 0xff, 0xff, 0xca, 0x00, 0x15, 0xc8, 0xe5, 0x53, 0x00, 0x00, 0x00, 0x00, 0x00,
  0x9f, 0xff, 0xff, 0xff, 0xff, 0xff, 0xff, 0xfc, 0xff, 0xff, 0xff, 0xff, 0xec, 0xb5, 0xf5, 0xff,
  0xff, 0xff, 0xb3, 0x1e, 0x00, 0x00, 0x00, 0x0d, 0xd7, 0xff, 0xff, 0xff, 0xff, 0xff, 0xff, 0xff,
  0xff, 0xff, 0xff, 0xff, 0xff, 0xff, 0xff, 0xff, 0xff, 0xff, 0xda, 0x02, 0x00, 0x00, 0x00, 0x1b,
  0xd9, 0xff, 0xff, 0xff, 0xff, 0xff, 0xff, 0xff, 0xff, 0xff, 0xff, 0xff, 0xff, 0xff, 0xff, 0xff,
  0xf9, 0x44, 0x00, 0x00, 0x00, 0x00, 0x00, 0x0f, 0xa7, 0xff, 0xff, 0xff, 0xff, 0xff, 0xff, 0xff,
  0xff, 0xff, 0xff, 0xff, 0xff, 0xff, 0xeb, 0x47, 0x00, 0x00, 0x00, 0x00, 0x00, 0x00, 0x00, 0x00,
  0x3c, 0xb0, 0xfb, 0xff, 0xff, 0xff, 0xff, 0xff, 0xff, 0xff, 0xff, 0xe0, 0x82, 0x12, 0x00, 0x00,
  0x00, 0x00, 0x00, 0x00, 0x00, 0x00, 0x00, 0x00, 0x00, 0x0f, 0x4d, 0x79, 0x8e, 0x94, 0x8b, 0x79,
  0x58, 0x26, 0x00, 0x00, 0x00, 0x00, 0x00, 0x00, 0xb4, 0xf1, 0xf1, 0xf1, 0xf1, 0xf1, 0xf1, 0xf1,
  0xf1, 0xf1, 0xf1, 0xf1, 0xf1, 0xf1, 0xf1, 0xf1, 0xf1, 0xf1, 0xf1, 0xf1, 0xf1, 0xf1, 0xf1, 0xf1,
  0xf1, 0x6c, 0xbf, 0xff, 0xff, 0xff, 0xff, 0xff, 0xff, 0xff, 0xff, 0xff, 0xff, 0xff, 0xff, 0xff,
  0xff, 0xff, 0xff, 0xff, 0xff, 0xff, 0xff, 0xff, 0xff, 0xff, 0xff, 0x73, 0xbf, 0xff, 0xff, 0xff,
  0xff, 0xff, 0xff, 0xff, 0xff, 0xff, 0xff, 0xff, 0xff, 0xff, 0xff, 0xff, 0xff, 0xff, 0xff, 0xff,
  0xff, 0xff, 0xff, 0xff, 0xff, 0x73, 0xbf, 0xff, 0xff, 0xff, 0xff, 0xff, 0xff, 0xff, 0xff, 0xff,
  0xff, 0xff, 0xff, 0xff, 0xff, 0xff, 0xff, 0xff, 0xff, 0xff, 0xff, 0xff, 0xff, 0xff, 0xff, 0x73,
  0xa1, 0xd8, 0xd8, 0xd8, 0xd8, 0xd8, 0xd8, 0xd8, 0xd8, 0xd8, 0xd8, 0xd8, 0xd8, 0xd8, 0xd8, 0xd8,
  0xd8, 0xd8, 0xd8, 0xd8, 0xd8, 0xd8, 0xd8, 0xd8, 0xd8, 0x61, 0x00, 0x00, 0x00, 0x00, 0x00, 0x00,
  0x00, 0x00, 0x00, 0x1b, 0x61, 0x92, 0xa8, 0xaf, 0xa0, 0x7c, 0x3f, 0x03, 0x00, 0x00, 0x00, 0x00,
  0x00, 0x00, 0x00, 0x00, 0x00, 0x00, 0x00, 0x00, 0x00, 0x38, 0xb8, 0xfd, 0xff, 0xff, 0xff, 0xff,
  0xff, 0xff, 0xff, 0xe4, 0x66, 0x01, 0x00, 0x00, 0x00, 0x00, 0x00, 0x00, 0x00, 0x00, 0x00, 0x07,
  0x91, 0xff, 0xff, 0xff, 0xff, 0xff, 0xff, 0xff, 0xff, 0xff, 0xff, 0xff, 0xff, 0xc6, 0x1a, 0x00,
  0x00, 0x00, 0x00, 0x00, 0x00, 0x00, 0x07, 0xb7, 0xff, 0xff, 0xff, 0xff, 0xff, 0xff, 0xff, 0xff,
  0xff, 0xff, 0xff, 0xff, 0xff, 0xff, 0xd7, 0x17, 0x00, 0x00, 0x00, 0x00, 0x00, 0x00, 0x97, 0xff,
  0xff, 0xff, 0xff, 0xff, 0xff, 0xfe, 0xe6, 0xdb, 0xf2, 0xff, 0xff, 0xff, 0xff, 0xff, 0xff, 0xc6,
  0x02, 0x00, 0x00, 0x00, 0x00, 0x3d, 0xff, 0xff, 0xff, 0xff, 0xff, 0xf3, 0x7d, 0x1a, 0x00, 0x00,
  0x01, 0x36, 0xbb, 0xff, 0xff, 0xff, 0xff, 0xff, 0x5f, 0x00, 0x2e, 0x47, 0x47, 0xc2, 0xff, 0xff,
  0xff, 0xff, 0xfa, 0x72, 0x47, 0x47, 0x47, 0x13, 0x00, 0x00, 0x03, 0xb2, 0xff, 0xff, 0xff, 0xff,
  0xcd, 0x00, 0xa8, 0xff, 0xff, 0xff, 0xff, 0xff, 0xff, 0xff, 0xff, 0xff, 0xff, 0xff, 0xff, 0x47,
  0x00, 0x00, 0x00, 0x18, 0xf5, 0xff, 0xff, 0xff, 0xff, 0x1a, 0xa8, 0xff, 0xff, 0xff, 0xff, 0xff,
  0xff, 0xff, 0xff, 0xff, 0xff, 0xff, 0xff, 0x47, 0x00, 0x00, 0x00, 0x00, 0xa5, 0xff, 0xea, 0xb0,
  0x74, 0x13, 0xa8, 0xff, 0xff, 0xff, 0xff, 0xff, 0xff, 0xff, 0xff, 0xff, 0xff, 0xff, 0xff, 0x47,
  0x00, 0x00, 0x00, 0x00, 0x26, 0x27, 0x00, 0x00, 0x00, 0x00, 0x7e, 0xc1, 0xe9, 0xff, 0xff, 0xff,
  0xff, 0xca, 0xc1, 0xc1, 0xc1, 0xc1, 0xc1, 0x36, 0x00, 0x00, 0x00, 0x00, 0x00, 0x00, 0x00, 0x00,
  0x00, 0x00, 0x00, 0x00, 0xa3, 0xff, 0xff, 0xff, 0xff, 0x25, 0x00, 0x00, 0x00, 0x00, 0x00, 0x00,
  0x00, 0x00, 0x00, 0x00, 0x00, 0x00, 0x00, 0x00, 0x00, 0x00, 0xa5, 0xfc, 0xfe, 0xff, 0xff, 0xff,
  0xff, 0xfc, 0xfc, 0xfc, 0xfc, 0xfc, 0xfc, 0x46, 0x00, 0x00, 0x00, 0x00, 0x00, 0x00, 0x00, 0x00,
  0x00, 0x00, 0xa8, 0xff, 0xff, 0xff, 0xff, 0xff, 0xff, 0xff, 0xff, 0xff, 0xff, 0xff, 0xff, 0x47,
  0x00, 0x00, 0x00, 0x00, 0x57, 0x92, 0x56, 0x1b, 0x00, 0x00, 0xa8, 0xff, 0xff, 0xff, 0xff, 0xff,
  0xff, 0xff, 0xff, 0xff, 0xff, 0xff, 0xff, 0x47, 0x00, 0x00, 0x00, 0x00, 0xc6, 0xff, 0xff, 0xff,
  0xe0, 0x34, 0xa8, 0xff, 0xff, 0xff, 0xff, 0xff, 0xff, 0xff, 0xff, 0xff, 0xff, 0xff, 0xff, 0x47,
  0x00, 0x00, 0x00, 0x4f, 0xff, 0xff, 0xff, 0xff, 0xfc, 0x14, 0x07, 0x0b, 0x0b, 0xa0, 0xff, 0xff,
  0xff, 0xff, 0xfc, 0x76, 0x0d, 0x0b, 0x0b, 0x03, 0x00, 0x00, 0x3d, 0xee, 0xff, 0xff, 0xff, 0xff,
  0xb3, 0x00, 0x00, 0x00, 0x00, 0x22, 0xf5, 0xff, 0xff, 0xff, 0xff, 0xff, 0xd1, 0x78, 0x4b, 0x43,
  0x5d, 0xaa, 0xfb, 0xff, 0xff, 0xff, 0xff, 0xfd, 0x36, 0x00, 0x00, 0x00, 0x00, 0x00, 0x65, 0xff,
  0xff, 0xff, 0xff, 0xff, 0xff, 0xff, 0xff, 0xff, 0xff, 0xff, 0xff, 0xff, 0xff, 0xff, 0xff, 0x85,
  0x00, 0x00, 0x00, 0x00, 0x00, 0x00, 0x00, 0x76, 0xfe, 0xff, 0xff, 0xff, 0xff, 0xff, 0xff, 0xff,
  0xff, 0xff, 0xff, 0xff, 0xff, 0xff, 0x94, 0x00, 0x00, 0x00, 0x00, 0x00, 0x00, 0x00, 0x00, 0x00,
  0x46, 0xdf, 0xff, 0xff, 0xff, 0xff, 0xff, 0xff, 0xff, 0xff, 0xff, 0xff, 0xee, 0x66, 0x01, 0x00,
  0x00, 0x00, 0x00, 0x00, 0x00, 0x00, 0x00, 0x00, 0x00, 0x05, 0x62, 0xbf, 0xfa, 0xff, 0xff, 0xff,
  0xff, 0xff, 0xd9, 0x82, 0x15, 0x00, 0x00, 0x00, 0x00, 0x00, 0x00, 0x00, 0x00, 0x00, 0x00, 0x00,
  0x00, 0x00, 0x00, 0x00, 0x07, 0x30, 0x44, 0x49, 0x39, 0x15, 0x00, 0x00, 0x00, 0x00, 0x00, 0x00,
  0x00, 0x00, 0x00, 0x00, 0x00, 0x00, 0x00, 0x00, 0x56, 0x8b, 0x8b, 0x8b, 0x8b, 0x8b, 0x8b, 0x8b,
  0x8b, 0x2d, 0x00, 0x00, 0x00, 0x00, 0x00, 0x00, 0x00, 0x00, 0x00, 0x00, 0x00, 0x64, 0xfe, 0xff,
  0xff, 0xff, 0xff, 0xff, 0xff, 0xff, 0xff, 0xea, 0x2c, 0x00, 0x00, 0x00, 0x00, 0x00, 0x00, 0x00,
  0x00, 0x00, 0x62, 0xfe, 0xff, 0xff, 0xff, 0xff, 0xff, 0xff, 0xff, 0xff, 0xff, 0xff, 0xe9, 0x2b,
  0x00, 0x00, 0x00, 0x00, 0x00, 0x00, 0x00, 0x61, 0xfe, 0xff, 0xff, 0xff, 0xd4, 0xdc, 0xff, 0xff,
  0xb8, 0xf7, 0xff, 0xff, 0xff, 0xe9, 0x2a, 0x00, 0x00, 0x00, 0x00, 0x00, 0x5f, 0xfd, 0xff, 0xff,
  0xff, 0xff, 0x56, 0xd0, 0xff, 0xff, 0x84, 0xa2, 0xff, 0xff, 0xff, 0xff, 0xe8, 0x29, 0x00, 0x00,
  0x00, 0x5e, 0xfd, 0xff, 0xff, 0xff, 0xff, 0xe8, 0x39, 0xff, 0xff, 0xff, 0xe4, 0x3d, 0xff, 0xff,
  0xff, 0xff, 0xff, 0xe7, 0x28, 0x00, 0x5d, 0xfd, 0xff, 0xff, 0xff, 0xff, 0xff, 0x69, 0x83, 0xff,
  0xff, 0xff, 0xff, 0x38, 0xb4, 0xff, 0xff, 0xff, 0xff, 0xff, 0xe7, 0x27, 0x72, 0xff, 0xff, 0xff,
  0xff, 0xff, 0x74, 0x00, 0x8a, 0xff, 0xff, 0xff, 0xff, 0x3f, 0x08, 0xb8, 0xff, 0xff, 0xff, 0xff,
  0xf0, 0x36, 0x00, 0x73, 0xff, 0xff, 0xff, 0x74, 0x00, 0x00, 0x8a, 0xff, 0xff, 0xff, 0xff, 0x3f,
  0x00, 0x08, 0xb8, 0xff, 0xff, 0xf0, 0x36, 0x00, 0x00, 0x00, 0x73, 0xff, 0x74, 0x00, 0x00, 0x00,
  0x8a, 0xff, 0xff, 0xff, 0xff, 0x3f, 0x00, 0x00, 0x08, 0xb8, 0xf0, 0x36, 0x00, 0x00, 0x00, 0x00,
  0x00, 0x34, 0x00, 0x00, 0x00, 0x00, 0x8a, 0xff, 0xff, 0xff, 0xff, 0x3f, 0x00, 0x00, 0x00, 0x08,
  0x2c, 0x00, 0x00, 0x00, 0x00, 0x00, 0x00, 0x00, 0x00, 0x00, 0x00, 0x00, 0x8a, 0xff, 0xff, 0xff,
  0xff, 0x3f, 0x00, 0x00, 0x00, 0x00, 0x00, 0x00, 0x00, 0x00, 0x00, 0x00, 0x00, 0x00, 0x00, 0x00,
  0x00, 0x00, 0x8a, 0xff, 0xff, 0xff, 0xff, 0x3f, 0x00, 0x00, 0x00, 0x00, 0x00, 0x00, 0x00, 0x00,
  0x00, 0x00, 0x00, 0x00, 0x00, 0x00, 0x00, 0x00, 0x8a, 0xff, 0xff, 0xff, 0xff, 0x3f, 0x00, 0x00,
  0x00, 0x00, 0x00, 0x00, 0x00, 0x00, 0x00, 0x00, 0x00, 0x00, 0x00, 0x00, 0x00, 0x00, 0x8a, 0xff,
  0xff, 0xff, 0xff, 0x3f, 0x00, 0x00, 0x00, 0x00, 0x00, 0x00, 0x00, 0x00, 0x00, 0x00, 0x00, 0x00,
  0x00, 0x00, 0x00, 0x00, 0x8a, 0xff, 0xff, 0xff, 0xff, 0x3f, 0x00, 0x00, 0x00, 0x00, 0x00, 0x00,
  0x00, 0x00, 0x00, 0x00, 0x00, 0x00, 0x00, 0x00, 0x00, 0x00, 0x8a, 0xff, 0xff, 0xff, 0xff, 0x3f,
  0x00, 0x00, 0x00, 0x00, 0x00, 0x00, 0x00, 0x00, 0x00, 0x00, 0x00, 0x00, 0x00, 0x00, 0x00, 0x00,
  0x8a, 0xff, 0xff, 0xff, 0xff, 0x3f, 0x00, 0x00, 0x00, 0x00, 0x00, 0x00, 0x00, 0x00, 0x00, 0x00,
  0x00, 0x00, 0x00, 0x00, 0x00, 0x00, 0x8a, 0xff, 0xff, 0xff, 0xff, 0x3f, 0x00, 0x00, 0x00, 0x00,
  0x00, 0x00, 0x00, 0x00, 0x00, 0x00, 0x00, 0x00, 0x00, 0x00, 0x00, 0x00, 0x8a, 0xff, 0xff, 0xff,
  0xff, 0x3f, 0x00, 0x00, 0x00, 0x00, 0x00, 0x00, 0x00, 0x00, 0x00, 0x00, 0x00, 0x00, 0x00, 0x00,
  0x00, 0x00, 0x8a, 0xff, 0xff, 0xff, 0xff, 0x3f, 0x00, 0x00, 0x00, 0x00, 0x00, 0x00, 0x00, 0x00,
  0x00, 0x00, 0x00, 0x00, 0x00, 0x00, 0x00, 0x00, 0x8a, 0xff, 0xff, 0xff, 0xff, 0x3f, 0x00, 0x00,
  0x00, 0x00, 0x00, 0x00, 0x00, 0x00, 0x00, 0x00, 0x00, 0x00, 0x00, 0x00, 0x00, 0x00, 0x8a, 0xff,
  0xff, 0xff, 0xff, 0x3f, 0x00, 0x00, 0x00, 0x00, 0x00, 0x00, 0x00, 0x00, 0x00, 0x00, 0x00, 0x00,
  0x00, 0x00, 0x00, 0x00, 0x8a, 0xff, 0xff, 0xff, 0xff, 0x3f, 0x00, 0x00, 0x00, 0x00, 0x00, 0x00,
  0x00, 0x00, 0x00, 0x00, 0x00, 0x00, 0x00, 0x00, 0x00, 0x00, 0x14, 0x24, 0x24, 0x24, 0x24, 0x09,
  0x00, 0x00, 0x00, 0x00, 0x00, 0x00, 0x00, 0x00, 0x00, 0x00, 0x00, 0x00, 0x00, 0x00, 0x00, 0x00,
  0x4b, 0x8b, 0x8b, 0x8b, 0x8b, 0x22, 0x00, 0x00, 0x00, 0x00, 0x00, 0x00, 0x00, 0x00, 0x00, 0x00,
  0x00, 0x00, 0x00, 0x00, 0x00, 0x00, 0x8a, 0xff, 0xff, 0xff, 0xff, 0x3f, 0x00, 0x00, 0x00, 0x00,
  0x00, 0x00, 0x00, 0x00, 0x00, 0x00, 0x00, 0x00, 0x00, 0x00, 0x00, 0x00, 0x8a, 0xff, 0xff, 0xff,
  0xff, 0x3f, 0x00, 0x00, 0x00, 0x00, 0x00, 0x00, 0x00, 0x00, 0x00, 0x00, 0x00, 0x00, 0x00, 0x00,
  0x00, 0x00, 0x8a, 0xff, 0xff, 0xff, 0xff, 0x3f, 0x00, 0x00, 0x00, 0x00, 0x00, 0x00, 0x00, 0x00,
  0x00, 0x00, 0x00, 0x00, 0x00, 0x00, 0x00, 0x00, 0x8a, 0xff, 0xff, 0xff, 0xff, 0x3f, 0x00, 0x00,
  0x00, 0x00, 0x00, 0x00, 0x00, 0x00, 0x00, 0x00, 0x00, 0x00, 0x00, 0x00, 0x00, 0x00, 0x8a, 0xff,
  0xff, 0xff, 0xff, 0x3f, 0x00, 0x00, 0x00, 0x00, 0x00, 0x00, 0x00, 0x00, 0x00, 0x00, 0x00, 0x00,
  0x00, 0x00, 0x00, 0x00, 0x8a, 0xff, 0xff, 0xff, 0xff, 0x3f, 0x00, 0x00, 0x00, 0x00, 0x00, 0x00,
  0x00, 0x00, 0x00, 0x00, 0x00, 0x00, 0x00, 0x00, 0x00, 0x00, 0x8a, 0xff, 0xff, 0xff, 0xff, 0x3f,
  0x00, 0x00, 0x00, 0x00, 0x00, 0x00, 0x00, 0x00, 0x00, 0x00, 0x00, 0x00, 0x00, 0x00, 0x00, 0x00,
  0x8a, 0xff, 0xff, 0xff, 0xff, 0x3f, 0x00, 0x00, 0x00, 0x00, 0x00, 0x00, 0x00, 0x00, 0x00, 0x00,
  0x00, 0x00, 0x00, 0x00, 0x00, 0x00, 0x8a, 0xff, 0xff, 0xff, 0xff, 0x3f, 0x00, 0x00, 0x00, 0x00,
  0x00, 0x00, 0x00, 0x00, 0x00, 0x00, 0x00, 0x00, 0x00, 0x00, 0x00, 0x00, 0x8a, 0xff, 0xff, 0xff,
  0xff, 0x3f, 0x00, 0x00, 0x00, 0x00, 0x00, 0x00, 0x00, 0x00, 0x00, 0x00, 0x00, 0x00, 0x00, 0x00,
  0x00, 0x00, 0x8a, 0xff, 0xff, 0xff, 0xff, 0x3f, 0x00, 0x00, 0x00, 0x00, 0x00, 0x00, 0x00, 0x00,
  0x00, 0x00, 0x00, 0x00, 0x00, 0x00, 0x00, 0x00, 0x8a, 0xff, 0xff, 0xff, 0xff, 0x3f, 0x00, 0x00,
  0x00, 0x00, 0x00, 0x00, 0x00, 0x00, 0x00, 0x00, 0x00, 0x00, 0x00, 0x00, 0x00, 0x00, 0x8a, 0xff,
  0xff, 0xff, 0xff, 0x3f, 0x00, 0x00, 0x00, 0x00, 0x00, 0x00, 0x00, 0x00, 0x00, 0x00, 0x0f, 0x9a,
  0x10, 0x00, 0x00, 0x00, 0x8a, 0xff, 0xff, 0xff, 0xff, 0x3f, 0x00, 0x00, 0x00, 0x36, 0x83, 0x00,
  0x00, 0x00, 0x00, 0x0f, 0xc9, 0xff, 0xca, 0x10, 0x00, 0x00, 0x8a, 0xff, 0xff, 0xff, 0xff, 0x3f,
  0x00, 0x00, 0x36, 0xf0, 0xff, 0x8d, 0x00, 0x00, 0x0f, 0xc9, 0xff, 0xff, 0xff, 0xca, 0x10, 0x00,
  0x8a, 0xff, 0xff, 0xff, 0xff, 0x3f, 0x00, 0x36, 0xf0, 0xff, 0xff, 0xff, 0x8d, 0x00, 0xa5, 0xff,
  0xff, 0xff, 0xff, 0xff, 0xca, 0x10, 0x8a, 0xff, 0xff, 0xff, 0xff, 0x3f, 0x36, 0xf0, 0xff, 0xff,
  0xff, 0xff, 0xff, 0x59, 0x1a, 0xda, 0xff, 0xff, 0xff, 0xff, 0xff, 0xac, 0x6c, 0xff, 0xff, 0xff,
  0xfe, 0x2d, 0xed, 0xff, 0xff, 0xff, 0xff, 0xff, 0xa5, 0x03, 0x00, 0x1b, 0xdb, 0xff, 0xff, 0xff,
  0xff, 0xfc, 0x2f, 0xf8, 0xff, 0xff, 0xc0, 0x64, 0xff, 0xff, 0xff, 0xff, 0xff, 0xa7, 0x03, 0x00,
  0x00, 0x00, 0x1b, 0xdc, 0xff, 0xff, 0xff, 0xff, 0x80, 0xb3, 0xff, 0xff, 0x68, 0xcc, 0xff, 0xff,
  0xff, 0xff, 0xa8, 0x03, 0x00, 0x00, 0x00, 0x00, 0x00, 0x1c, 0xdc, 0xff, 0xff, 0xff, 0xfa, 0xff,
  0xff, 0xff, 0xfa, 0xff, 0xff, 0xff, 0xff, 0xa9, 0x03, 0x00, 0x00, 0x00, 0x00, 0x00, 0x00, 0x00,
  0x1d, 0xdd, 0xff, 0xff, 0xff, 0xff, 0xff, 0xff, 0xff, 0xff, 0xff, 0xff, 0xab, 0x04, 0x00, 0x00,
  0x00, 0x00, 0x00, 0x00, 0x00, 0x00, 0x00, 0x1e, 0xde, 0xff, 0xff, 0xff, 0xff, 0xff, 0xff, 0xff,
  0xff, 0xac, 0x04, 0x00, 0x00, 0x00, 0x00, 0x00, 0x00, 0x00, 0x00, 0x00, 0x00, 0x00, 0x0f, 0x24,
  0x24, 0x24, 0x24, 0x24, 0x24, 0x24, 0x24, 0x04, 0x00, 0x00, 0x00, 0x00, 0x00, 0x00, 0x00, 0x0a,
  0x53, 0x70, 0x61, 0x63, 0x65, 0x20, 0x4d, 0x6f, 0x6e, 0x6f, 0x00, 0x0e, 0x53, 0x70, 0x61, 0x63,
  0x65, 0x4d, 0x6f, 0x6e, 0x6f, 0x2d, 0x42, 0x6f, 0x6c, 0x64, 0x01,
};
